TAP version 13
# provider_ops_event {
#   domain: 'readiness',
#   providerId: 'test-double',
#   operation: 'evaluate',
#   outcome: 'checked_empty',
#   durationMs: 1,
#   resultCount: 0,
#   droppedCount: null,
#   rateLimitHit: false,
#   recordedAt: '2026-10-06T08:21:00.862Z'
# }
# provider_ops_event {
#   domain: 'readiness',
#   providerId: 'test-double',
#   operation: 'evaluate',
#   outcome: 'checked_empty',
#   durationMs: 0,
#   resultCount: 0,
#   droppedCount: null,
#   rateLimitHit: false,
#   recordedAt: '2026-10-06T08:21:00.864Z'
# }
# provider_ops_event {
#   domain: 'readiness',
#   providerId: 'test-double',
#   operation: 'evaluate',
#   outcome: 'checked_empty',
#   durationMs: 0,
#   resultCount: 0,
#   droppedCount: null,
#   rateLimitHit: false,
#   recordedAt: '2026-10-06T08:21:00.864Z'
# }
# provider_ops_event {
#   domain: 'readiness',
#   providerId: 'test-double',
#   operation: 'evaluate',
#   outcome: 'checked_empty',
#   durationMs: 0,
#   resultCount: 0,
#   droppedCount: null,
#   rateLimitHit: false,
#   recordedAt: '2026-10-06T08:21:00.864Z'
# }
# provider_ops_event {
#   domain: 'readiness',
#   providerId: 'test-double',
#   operation: 'evaluate',
#   outcome: 'checked_empty',
#   durationMs: 0,
#   resultCount: 0,
#   droppedCount: null,
#   rateLimitHit: false,
#   recordedAt: '2026-10-06T08:21:00.864Z'
# }
# Subtest: Readiness-API-Hülle
    # Subtest: Body-Cap über Content-Length
    ok 1 - Body-Cap über Content-Length
      ---
      duration_ms: 0.933042
      type: 'test'
      ...
    # Subtest: Body-Cap beim Lesen
    ok 2 - Body-Cap beim Lesen
      ---
      duration_ms: 6.251875
      type: 'test'
      ...
    # Subtest: Antworten sind privat und nicht öffentlich gecacht
    ok 3 - Antworten sind privat und nicht öffentlich gecacht
      ---
      duration_ms: 0.196792
      type: 'test'
      ...
    # Subtest: nur application/json
    ok 4 - nur application/json
      ---
      duration_ms: 0.097791
      type: 'test'
      ...
    # Subtest: ungültiges JSON
    ok 5 - ungültiges JSON
      ---
      duration_ms: 0.107083
      type: 'test'
      ...
    # Subtest: Rate-Limit blockiert nach zu vielen Anfragen
    ok 6 - Rate-Limit blockiert nach zu vielen Anfragen
      ---
      duration_ms: 0.537083
      type: 'test'
      ...
    # Subtest: Browser kann official Evidence nicht vortäuschen
    ok 7 - Browser kann official Evidence nicht vortäuschen
      ---
      duration_ms: 2.808708
      type: 'test'
      ...
    # Subtest: API-Evaluations kollabieren nicht auf den ersten Treffer
    ok 8 - API-Evaluations kollabieren nicht auf den ersten Treffer
      ---
      duration_ms: 1.184792
      type: 'test'
      ...
    # Subtest: gültiger plus ungültiger Traveller bleibt fail-closed
    ok 9 - gültiger plus ungültiger Traveller bleibt fail-closed
      ---
      duration_ms: 1.231583
      type: 'test'
      ...
    # Subtest: malformed Citizenship- oder Document-Child bleibt fail-closed
    ok 10 - malformed Citizenship- oder Document-Child bleibt fail-closed
      ---
      duration_ms: 1.019875
      type: 'test'
      ...
    # Subtest: falsch typisierte Canonical-Children lösen keinen Legacy-Fallback aus
    ok 11 - falsch typisierte Canonical-Children lösen keinen Legacy-Fallback aus
      ---
      duration_ms: 0.141583
      type: 'test'
      ...
    # Subtest: überlange oder doppelte Children werden nicht still gekürzt
    ok 12 - überlange oder doppelte Children werden nicht still gekürzt
      ---
      duration_ms: 0.171667
      type: 'test'
      ...
    # Subtest: malformed Legacy-Singularfelder bleiben fail-closed und erreichen den Provider nicht
    ok 13 - malformed Legacy-Singularfelder bleiben fail-closed und erreichen den Provider nicht
      ---
      duration_ms: 3.229083
      type: 'test'
      ...
    # Subtest: Legacy-Form ohne Canonical-Properties bleibt an der API gültig
    ok 14 - Legacy-Form ohne Canonical-Properties bleibt an der API gültig
      ---
      duration_ms: 0.092708
      type: 'test'
      ...
    # Subtest: malformed Party bleibt fail-closed
    ok 15 - malformed Party bleibt fail-closed
      ---
      duration_ms: 0.038083
      type: 'test'
      ...
    # Subtest: Reisendenanzahl ohne Party erzeugt getrennte Slots
    ok 16 - Reisendenanzahl ohne Party erzeugt getrennte Slots
      ---
      duration_ms: 0.608334
      type: 'test'
      ...
    1..16
ok 1 - Readiness-API-Hülle
  ---
  duration_ms: 19.831542
  type: 'suite'
  ...
# Subtest: Official-Copy folgt Status und Freshness
    # Subtest: Action-Labels kommen nur aus strukturiertem Zweck
    ok 1 - Action-Labels kommen nur aus strukturiertem Zweck
      ---
      duration_ms: 0.456708
      type: 'test'
      ...
    # Subtest: Provider unavailable bleibt ehrlich
    ok 2 - Provider unavailable bleibt ehrlich
      ---
      duration_ms: 0.077041
      type: 'test'
      ...
    # Subtest: Missing Facts statt nur unavailable
    ok 3 - Missing Facts statt nur unavailable
      ---
      duration_ms: 0.029792
      type: 'test'
      ...
    # Subtest: current Evidence behauptet nicht unavailable
    ok 4 - current Evidence behauptet nicht unavailable
      ---
      duration_ms: 0.062958
      type: 'test'
      ...
    # Subtest: stale und recheck fordern erneute Prüfung
    ok 5 - stale und recheck fordern erneute Prüfung
      ---
      duration_ms: 0.028875
      type: 'test'
      ...
    # Subtest: temporär unavailable nennt die Quelle
    ok 6 - temporär unavailable nennt die Quelle
      ---
      duration_ms: 0.06825
      type: 'test'
      ...
    # Subtest: Listenhinweis folgt current Evidence und behauptet keinen fehlenden Provider
    ok 7 - Listenhinweis folgt current Evidence und behauptet keinen fehlenden Provider
      ---
      duration_ms: 0.063292
      type: 'test'
      ...
    # Subtest: Traveller-Ergebnis unterscheidet required, not_required und conditional
    ok 8 - Traveller-Ergebnis unterscheidet required, not_required und conditional
      ---
      duration_ms: 0.148416
      type: 'test'
      ...
    1..8
ok 2 - Official-Copy folgt Status und Freshness
  ---
  duration_ms: 1.395
  type: 'suite'
  ...
# Subtest: SHA-256 Digest
    # Subtest: kennt die leere Eingabe und einen kurzen Vektor
    ok 1 - kennt die leere Eingabe und einen kurzen Vektor
      ---
      duration_ms: 4.293583
      type: 'test'
      ...
    1..1
ok 3 - SHA-256 Digest
  ---
  duration_ms: 7.427916
  type: 'suite'
  ...
# Subtest: Dokument-Formular
    # Subtest: bestehende Relation und clientRef bleiben beim Laden erhalten
    ok 1 - bestehende Relation und clientRef bleiben beim Laden erhalten
      ---
      duration_ms: 0.805125
      type: 'test'
      ...
    # Subtest: Edit/Save erhält Relation und ersetzt clientRef nicht aus Typ/Issuer
    ok 2 - Edit/Save erhält Relation und ersetzt clientRef nicht aus Typ/Issuer
      ---
      duration_ms: 0.24875
      type: 'test'
      ...
    # Subtest: Relation kann bewusst CH → RS geändert oder auf null gesetzt werden
    ok 3 - Relation kann bewusst CH → RS geändert oder auf null gesetzt werden
      ---
      duration_ms: 0.168709
      type: 'test'
      ...
    # Subtest: entfernte Citizenship hinterlässt keine Document-Ref
    ok 4 - entfernte Citizenship hinterlässt keine Document-Ref
      ---
      duration_ms: 0.073292
      type: 'test'
      ...
    # Subtest: zwei Dokumente desselben Typs/Ausstellerlands behalten unterschiedliche clientRefs
    ok 5 - zwei Dokumente desselben Typs/Ausstellerlands behalten unterschiedliche clientRefs
      ---
      duration_ms: 0.116
      type: 'test'
      ...
    # Subtest: Issuer wird nicht zur Citizenship
    ok 6 - Issuer wird nicht zur Citizenship
      ---
      duration_ms: 0.145667
      type: 'test'
      ...
    1..6
ok 4 - Dokument-Formular
  ---
  duration_ms: 2.312417
  type: 'suite'
  ...
# provider_ops_event {
#   domain: 'readiness',
#   providerId: 'e1-double',
#   operation: 'evaluate',
#   outcome: 'ok',
#   durationMs: 0,
#   resultCount: 2,
#   droppedCount: null,
#   rateLimitHit: false,
#   recordedAt: '2026-10-06T08:21:00.842Z'
# }
# provider_ops_event {
#   domain: 'readiness',
#   providerId: 'e1-double',
#   operation: 'evaluate',
#   outcome: 'ok',
#   durationMs: 0,
#   resultCount: 1,
#   droppedCount: null,
#   rateLimitHit: false,
#   recordedAt: '2026-10-06T08:21:00.846Z'
# }
# provider_ops_event {
#   domain: 'readiness',
#   providerId: 'e1-double',
#   operation: 'evaluate',
#   outcome: 'ok',
#   durationMs: 0,
#   resultCount: 1,
#   droppedCount: null,
#   rateLimitHit: false,
#   recordedAt: '2026-10-06T08:21:00.846Z'
# }
# provider_ops_event {
#   domain: 'readiness',
#   providerId: 'e1-double',
#   operation: 'evaluate',
#   outcome: 'ok',
#   durationMs: 0,
#   resultCount: 1,
#   droppedCount: null,
#   rateLimitHit: false,
#   recordedAt: '2026-10-06T08:21:00.846Z'
# }
# provider_ops_event {
#   domain: 'readiness',
#   providerId: 'e1-double',
#   operation: 'evaluate',
#   outcome: 'ok',
#   durationMs: 0,
#   resultCount: 1,
#   droppedCount: null,
#   rateLimitHit: false,
#   recordedAt: '2026-10-06T08:21:00.847Z'
# }
# provider_ops_event {
#   domain: 'readiness',
#   providerId: 'e1-double',
#   operation: 'evaluate',
#   outcome: 'ok',
#   durationMs: 0,
#   resultCount: 1,
#   droppedCount: null,
#   rateLimitHit: false,
#   recordedAt: '2026-10-06T08:21:00.847Z'
# }
# provider_ops_event {
#   domain: 'readiness',
#   providerId: 'e1-double',
#   operation: 'evaluate',
#   outcome: 'ok',
#   durationMs: 0,
#   resultCount: 1,
#   droppedCount: null,
#   rateLimitHit: false,
#   recordedAt: '2026-10-06T08:21:00.847Z'
# }
# provider_ops_event {
#   domain: 'readiness',
#   providerId: 'e1-double',
#   operation: 'evaluate',
#   outcome: 'ok',
#   durationMs: 0,
#   resultCount: 4,
#   droppedCount: null,
#   rateLimitHit: false,
#   recordedAt: '2026-10-06T08:21:00.847Z'
# }
# provider_ops_event {
#   domain: 'readiness',
#   providerId: 'e1-untrusted',
#   operation: 'evaluate',
#   outcome: 'ok',
#   durationMs: 0,
#   resultCount: 1,
#   droppedCount: null,
#   rateLimitHit: false,
#   recordedAt: '2026-10-06T08:21:00.848Z'
# }
# provider_ops_event {
#   domain: 'readiness',
#   providerId: 'e1-double',
#   operation: 'evaluate',
#   outcome: 'ok',
#   durationMs: 0,
#   resultCount: 2,
#   droppedCount: null,
#   rateLimitHit: false,
#   recordedAt: '2026-10-06T08:21:00.848Z'
# }
# provider_ops_event {
#   domain: 'readiness',
#   providerId: 'e1-double',
#   operation: 'evaluate',
#   outcome: 'ok',
#   durationMs: 0,
#   resultCount: 2,
#   droppedCount: null,
#   rateLimitHit: false,
#   recordedAt: '2026-10-06T08:21:00.849Z'
# }
# provider_ops_event {
#   domain: 'readiness',
#   providerId: 'e1-double',
#   operation: 'evaluate',
#   outcome: 'ok',
#   durationMs: 0,
#   resultCount: 1,
#   droppedCount: null,
#   rateLimitHit: false,
#   recordedAt: '2026-10-06T08:21:00.849Z'
# }
# provider_ops_event {
#   domain: 'readiness',
#   providerId: 'e1-double',
#   operation: 'evaluate',
#   outcome: 'ok',
#   durationMs: 0,
#   resultCount: 1,
#   droppedCount: null,
#   rateLimitHit: false,
#   recordedAt: '2026-10-06T08:21:00.849Z'
# }
# provider_ops_event {
#   domain: 'readiness',
#   providerId: 'e1-double',
#   operation: 'evaluate',
#   outcome: 'ok',
#   durationMs: 0,
#   resultCount: 1,
#   droppedCount: null,
#   rateLimitHit: false,
#   recordedAt: '2026-10-06T08:21:00.849Z'
# }
# provider_ops_event {
#   domain: 'readiness',
#   providerId: 'e1-double',
#   operation: 'evaluate',
#   outcome: 'ok',
#   durationMs: 0,
#   resultCount: 1,
#   droppedCount: null,
#   rateLimitHit: false,
#   recordedAt: '2026-10-06T08:21:00.850Z'
# }
# provider_ops_event {
#   domain: 'readiness',
#   providerId: 'e1-double',
#   operation: 'evaluate',
#   outcome: 'ok',
#   durationMs: 0,
#   resultCount: 1,
#   droppedCount: null,
#   rateLimitHit: false,
#   recordedAt: '2026-10-06T08:21:00.850Z'
# }
# provider_ops_event {
#   domain: 'readiness',
#   providerId: 'e1-double',
#   operation: 'evaluate',
#   outcome: 'ok',
#   durationMs: 0,
#   resultCount: 1,
#   droppedCount: null,
#   rateLimitHit: false,
#   recordedAt: '2026-10-06T08:21:00.850Z'
# }
# provider_ops_event {
#   domain: 'readiness',
#   providerId: 'e1-double',
#   operation: 'evaluate',
#   outcome: 'ok',
#   durationMs: 0,
#   resultCount: 1,
#   droppedCount: null,
#   rateLimitHit: false,
#   recordedAt: '2026-10-06T08:21:00.851Z'
# }
# provider_ops_event {
#   domain: 'readiness',
#   providerId: 'e1-double',
#   operation: 'evaluate',
#   outcome: 'ok',
#   durationMs: 0,
#   resultCount: 1,
#   droppedCount: null,
#   rateLimitHit: false,
#   recordedAt: '2026-10-06T08:21:00.851Z'
# }
# provider_ops_event {
#   domain: 'readiness',
#   providerId: 'e1-double',
#   operation: 'evaluate',
#   outcome: 'ok',
#   durationMs: 0,
#   resultCount: 1,
#   droppedCount: null,
#   rateLimitHit: false,
#   recordedAt: '2026-10-06T08:21:00.851Z'
# }
# provider_ops_event {
#   domain: 'readiness',
#   providerId: 'e1-double',
#   operation: 'evaluate',
#   outcome: 'ok',
#   durationMs: 0,
#   resultCount: 1,
#   droppedCount: null,
#   rateLimitHit: false,
#   recordedAt: '2026-10-06T08:21:00.852Z'
# }
# provider_ops_event {
#   domain: 'readiness',
#   providerId: 'e1-double',
#   operation: 'evaluate',
#   outcome: 'ok',
#   durationMs: 0,
#   resultCount: 1,
#   droppedCount: null,
#   rateLimitHit: false,
#   recordedAt: '2026-10-06T08:21:00.852Z'
# }
# provider_ops_event {
#   domain: 'readiness',
#   providerId: 'e1-double',
#   operation: 'evaluate',
#   outcome: 'ok',
#   durationMs: 0,
#   resultCount: 1,
#   droppedCount: null,
#   rateLimitHit: false,
#   recordedAt: '2026-10-06T08:21:00.852Z'
# }
# provider_ops_event {
#   domain: 'readiness',
#   providerId: 'e1-double',
#   operation: 'evaluate',
#   outcome: 'ok',
#   durationMs: 0,
#   resultCount: 1,
#   droppedCount: null,
#   rateLimitHit: false,
#   recordedAt: '2026-10-06T08:21:00.853Z'
# }
# provider_ops_event {
#   domain: 'readiness',
#   providerId: 'e1-double',
#   operation: 'evaluate',
#   outcome: 'ok',
#   durationMs: 0,
#   resultCount: 1,
#   droppedCount: null,
#   rateLimitHit: false,
#   recordedAt: '2026-10-06T08:21:00.854Z'
# }
# provider_ops_event {
#   domain: 'readiness',
#   providerId: 'e1-double',
#   operation: 'evaluate',
#   outcome: 'ok',
#   durationMs: 0,
#   resultCount: 1,
#   droppedCount: null,
#   rateLimitHit: false,
#   recordedAt: '2026-10-06T08:21:00.854Z'
# }
# provider_ops_event {
#   domain: 'readiness',
#   providerId: 'e1-double',
#   operation: 'evaluate',
#   outcome: 'ok',
#   durationMs: 0,
#   resultCount: 2,
#   droppedCount: null,
#   rateLimitHit: false,
#   recordedAt: '2026-10-06T08:21:00.855Z'
# }
# Subtest: Entry Requirements Detail Contract E1 – Taxonomie
    # Subtest: blank_passport_pages und financial_means sind First-Class-Typen
    ok 1 - blank_passport_pages und financial_means sind First-Class-Typen
      ---
      duration_ms: 0.426459
      type: 'test'
      ...
    # Subtest: eTA bleibt eigener Typ und ist kein Visa-Modus
    ok 2 - eTA bleibt eigener Typ und ist kein Visa-Modus
      ---
      duration_ms: 0.044667
      type: 'test'
      ...
    # Subtest: Visa-Modus-Taxonomie ist geschlossen und vollständig
    ok 3 - Visa-Modus-Taxonomie ist geschlossen und vollständig
      ---
      duration_ms: 0.47125
      type: 'test'
      ...
    # Subtest: visaModeLesen: ungültig/fehlend wird unknown, nicht-Visa wird null
    ok 4 - visaModeLesen: ungültig/fehlend wird unknown, nicht-Visa wird null
      ---
      duration_ms: 0.096958
      type: 'test'
      ...
    # Subtest: officialLeer trägt Visa-Modus nur am Typ visa
    ok 5 - officialLeer trägt Visa-Modus nur am Typ visa
      ---
      duration_ms: 0.06875
      type: 'test'
      ...
    # Subtest: requirementsProviderAus bleibt null
    ok 6 - requirementsProviderAus bleibt null
      ---
      duration_ms: 0.026167
      type: 'test'
      ...
    # Subtest: visaResultUndModusWidersprechen: Pflichtpaare widersprechen, conditional nicht
    ok 7 - visaResultUndModusWidersprechen: Pflichtpaare widersprechen, conditional nicht
      ---
      duration_ms: 0.199917
      type: 'test'
      ...
    1..7
ok 5 - Entry Requirements Detail Contract E1 – Taxonomie
  ---
  duration_ms: 1.707084
  type: 'suite'
  ...
# Subtest: Entry Requirements Detail Contract E1 – Engine
    # Subtest: neue Typen werden ohne Provider fail-closed bewertet, nicht als other_entry_requirement
    ok 1 - neue Typen werden ohne Provider fail-closed bewertet, nicht als other_entry_requirement
      ---
      duration_ms: 1.681541
      type: 'test'
      ...
    # Subtest: trusted Provider-Zeilen für blank_passport_pages und financial_means sind übernehmbar
    ok 2 - trusted Provider-Zeilen für blank_passport_pages und financial_means sind übernehmbar
      ---
      duration_ms: 4.030375
      type: 'test'
      ...
    # Subtest: Visa-Modus wird verlustfrei Provider-Zeile → OfficialEvaluation transportiert
    ok 3 - Visa-Modus wird verlustfrei Provider-Zeile → OfficialEvaluation transportiert
      ---
      duration_ms: 1.059334
      type: 'test'
      ...
    # Subtest: ungültiger oder fehlender Visa-Modus wird unknown, nicht erfunden
    ok 4 - ungültiger oder fehlender Visa-Modus wird unknown, nicht erfunden
      ---
      duration_ms: 0.536459
      type: 'test'
      ...
    # Subtest: nicht-Visa-Zeilen inklusive eTA tragen keinen Visa-Modus als Product Truth
    ok 5 - nicht-Visa-Zeilen inklusive eTA tragen keinen Visa-Modus als Product Truth
      ---
      duration_ms: 0.386791
      type: 'test'
      ...
    # Subtest: untrusted Visa-Zeile setzt keinen konkreten Visa-Modus als Hard Truth
    ok 6 - untrusted Visa-Zeile setzt keinen konkreten Visa-Modus als Hard Truth
      ---
      duration_ms: 0.433334
      type: 'test'
      ...
    # Subtest: widersprüchliche Visa-Modi derselben Option fail-closed ohne Winner-Modus
    ok 7 - widersprüchliche Visa-Modi derselben Option fail-closed ohne Winner-Modus
      ---
      duration_ms: 0.239416
      type: 'test'
      ...
    # Subtest: verschiedene Visa-Modi sind entscheidungsrelevant, Evidence-URLs nicht
    ok 8 - verschiedene Visa-Modi sind entscheidungsrelevant, Evidence-URLs nicht
      ---
      duration_ms: 0.041875
      type: 'test'
      ...
    # Subtest: Multi-Credential bleibt getrennt: kein Default-Pass, getrennte Visa-Modi
    ok 9 - Multi-Credential bleibt getrennt: kein Default-Pass, getrennte Visa-Modi
      ---
      duration_ms: 0.161959
      type: 'test'
      ...
    # Subtest: Fingerprint bleibt anfrage-seitig: Visa-Modus ändert ihn nicht
    ok 10 - Fingerprint bleibt anfrage-seitig: Visa-Modus ändert ihn nicht
      ---
      duration_ms: 0.04275
      type: 'test'
      ...
    1..10
ok 6 - Entry Requirements Detail Contract E1 – Engine
  ---
  duration_ms: 8.908458
  type: 'suite'
  ...
# Subtest: Entry Requirements Detail Contract E1 – result ↔ visaMode
    # Subtest: required + visa_exempt ist widersprüchlich und bleibt nicht current
    ok 1 - required + visa_exempt ist widersprüchlich und bleibt nicht current
      ---
      duration_ms: 0.1695
      type: 'test'
      ...
    # Subtest: not_required + visumpflichtige Modi sind widersprüchlich
    ok 2 - not_required + visumpflichtige Modi sind widersprüchlich
      ---
      duration_ms: 1.002666
      type: 'test'
      ...
    # Subtest: gültige required-Kombinationen bleiben current
    ok 3 - gültige required-Kombinationen bleiben current
      ---
      duration_ms: 1.210416
      type: 'test'
      ...
    # Subtest: gültige not_required-Kombinationen bleiben current
    ok 4 - gültige not_required-Kombinationen bleiben current
      ---
      duration_ms: 0.701291
      type: 'test'
      ...
    # Subtest: conditional bleibt bei jedem Visa-Modus erlaubt und wird nicht erfunden degradiert
    ok 5 - conditional bleibt bei jedem Visa-Modus erlaubt und wird nicht erfunden degradiert
      ---
      duration_ms: 2.643375
      type: 'test'
      ...
    # Subtest: Widerspruch auf einer Credential-Option lässt die andere unberührt
    ok 6 - Widerspruch auf einer Credential-Option lässt die andere unberührt
      ---
      duration_ms: 0.335834
      type: 'test'
      ...
    1..6
ok 7 - Entry Requirements Detail Contract E1 – result ↔ visaMode
  ---
  duration_ms: 6.21075
  type: 'suite'
  ...
# provider_ops_event {
#   domain: 'readiness',
#   providerId: 'e2-double',
#   operation: 'evaluate',
#   outcome: 'ok',
#   durationMs: 0,
#   resultCount: 1,
#   droppedCount: null,
#   rateLimitHit: false,
#   recordedAt: '2026-10-06T08:21:00.845Z'
# }
# provider_ops_event {
#   domain: 'readiness',
#   providerId: 'e2-double',
#   operation: 'evaluate',
#   outcome: 'ok',
#   durationMs: 0,
#   resultCount: 1,
#   droppedCount: null,
#   rateLimitHit: false,
#   recordedAt: '2026-10-06T08:21:00.849Z'
# }
# provider_ops_event {
#   domain: 'readiness',
#   providerId: 'e2-double',
#   operation: 'evaluate',
#   outcome: 'ok',
#   durationMs: 0,
#   resultCount: 1,
#   droppedCount: null,
#   rateLimitHit: false,
#   recordedAt: '2026-10-06T08:21:00.849Z'
# }
# provider_ops_event {
#   domain: 'readiness',
#   providerId: 'e2-double',
#   operation: 'evaluate',
#   outcome: 'ok',
#   durationMs: 0,
#   resultCount: 1,
#   droppedCount: null,
#   rateLimitHit: false,
#   recordedAt: '2026-10-06T08:21:00.850Z'
# }
# provider_ops_event {
#   domain: 'readiness',
#   providerId: 'e2-double',
#   operation: 'evaluate',
#   outcome: 'ok',
#   durationMs: 0,
#   resultCount: 1,
#   droppedCount: null,
#   rateLimitHit: false,
#   recordedAt: '2026-10-06T08:21:00.850Z'
# }
# provider_ops_event {
#   domain: 'readiness',
#   providerId: 'e2-double',
#   operation: 'evaluate',
#   outcome: 'ok',
#   durationMs: 0,
#   resultCount: 1,
#   droppedCount: null,
#   rateLimitHit: false,
#   recordedAt: '2026-10-06T08:21:00.850Z'
# }
# provider_ops_event {
#   domain: 'readiness',
#   providerId: 'e2-double',
#   operation: 'evaluate',
#   outcome: 'ok',
#   durationMs: 0,
#   resultCount: 1,
#   droppedCount: null,
#   rateLimitHit: false,
#   recordedAt: '2026-10-06T08:21:00.850Z'
# }
# provider_ops_event {
#   domain: 'readiness',
#   providerId: 'e2-double',
#   operation: 'evaluate',
#   outcome: 'ok',
#   durationMs: 0,
#   resultCount: 1,
#   droppedCount: null,
#   rateLimitHit: false,
#   recordedAt: '2026-10-06T08:21:00.850Z'
# }
# provider_ops_event {
#   domain: 'readiness',
#   providerId: 'e2-double',
#   operation: 'evaluate',
#   outcome: 'ok',
#   durationMs: 0,
#   resultCount: 1,
#   droppedCount: null,
#   rateLimitHit: false,
#   recordedAt: '2026-10-06T08:21:00.851Z'
# }
# provider_ops_event {
#   domain: 'readiness',
#   providerId: 'e2-double',
#   operation: 'evaluate',
#   outcome: 'ok',
#   durationMs: 0,
#   resultCount: 1,
#   droppedCount: null,
#   rateLimitHit: false,
#   recordedAt: '2026-10-06T08:21:00.851Z'
# }
# provider_ops_event {
#   domain: 'readiness',
#   providerId: 'e2-double',
#   operation: 'evaluate',
#   outcome: 'ok',
#   durationMs: 0,
#   resultCount: 1,
#   droppedCount: null,
#   rateLimitHit: false,
#   recordedAt: '2026-10-06T08:21:00.852Z'
# }
# provider_ops_event {
#   domain: 'readiness',
#   providerId: 'e2-double',
#   operation: 'evaluate',
#   outcome: 'ok',
#   durationMs: 0,
#   resultCount: 1,
#   droppedCount: null,
#   rateLimitHit: false,
#   recordedAt: '2026-10-06T08:21:00.852Z'
# }
# provider_ops_event {
#   domain: 'readiness',
#   providerId: 'e2-double',
#   operation: 'evaluate',
#   outcome: 'ok',
#   durationMs: 0,
#   resultCount: 1,
#   droppedCount: null,
#   rateLimitHit: false,
#   recordedAt: '2026-10-06T08:21:00.853Z'
# }
# provider_ops_event {
#   domain: 'readiness',
#   providerId: 'e2-double',
#   operation: 'evaluate',
#   outcome: 'ok',
#   durationMs: 0,
#   resultCount: 1,
#   droppedCount: null,
#   rateLimitHit: false,
#   recordedAt: '2026-10-06T08:21:00.853Z'
# }
# provider_ops_event {
#   domain: 'readiness',
#   providerId: 'e2-double',
#   operation: 'evaluate',
#   outcome: 'ok',
#   durationMs: 0,
#   resultCount: 1,
#   droppedCount: null,
#   rateLimitHit: false,
#   recordedAt: '2026-10-06T08:21:00.853Z'
# }
# provider_ops_event {
#   domain: 'readiness',
#   providerId: 'e2-double',
#   operation: 'evaluate',
#   outcome: 'ok',
#   durationMs: 0,
#   resultCount: 1,
#   droppedCount: null,
#   rateLimitHit: false,
#   recordedAt: '2026-10-06T08:21:00.854Z'
# }
# provider_ops_event {
#   domain: 'readiness',
#   providerId: 'e2-double',
#   operation: 'evaluate',
#   outcome: 'ok',
#   durationMs: 0,
#   resultCount: 1,
#   droppedCount: null,
#   rateLimitHit: false,
#   recordedAt: '2026-10-06T08:21:00.854Z'
# }
# provider_ops_event {
#   domain: 'readiness',
#   providerId: 'e2-double',
#   operation: 'evaluate',
#   outcome: 'ok',
#   durationMs: 0,
#   resultCount: 1,
#   droppedCount: null,
#   rateLimitHit: false,
#   recordedAt: '2026-10-06T08:21:00.854Z'
# }
# provider_ops_event {
#   domain: 'readiness',
#   providerId: 'e2-double',
#   operation: 'evaluate',
#   outcome: 'ok',
#   durationMs: 0,
#   resultCount: 1,
#   droppedCount: null,
#   rateLimitHit: false,
#   recordedAt: '2026-10-06T08:21:00.854Z'
# }
# provider_ops_event {
#   domain: 'readiness',
#   providerId: 'e2-double',
#   operation: 'evaluate',
#   outcome: 'ok',
#   durationMs: 0,
#   resultCount: 1,
#   droppedCount: null,
#   rateLimitHit: false,
#   recordedAt: '2026-10-06T08:21:00.855Z'
# }
# provider_ops_event {
#   domain: 'readiness',
#   providerId: 'e2-double',
#   operation: 'evaluate',
#   outcome: 'ok',
#   durationMs: 0,
#   resultCount: 1,
#   droppedCount: null,
#   rateLimitHit: false,
#   recordedAt: '2026-10-06T08:21:00.855Z'
# }
# provider_ops_event {
#   domain: 'readiness',
#   providerId: 'e2-double',
#   operation: 'evaluate',
#   outcome: 'ok',
#   durationMs: 0,
#   resultCount: 1,
#   droppedCount: null,
#   rateLimitHit: false,
#   recordedAt: '2026-10-06T08:21:00.855Z'
# }
# provider_ops_event {
#   domain: 'readiness',
#   providerId: 'e2-double',
#   operation: 'evaluate',
#   outcome: 'ok',
#   durationMs: 0,
#   resultCount: 2,
#   droppedCount: null,
#   rateLimitHit: false,
#   recordedAt: '2026-10-06T08:21:00.855Z'
# }
# provider_ops_event {
#   domain: 'readiness',
#   providerId: 'e2-double',
#   operation: 'evaluate',
#   outcome: 'ok',
#   durationMs: 0,
#   resultCount: 2,
#   droppedCount: null,
#   rateLimitHit: false,
#   recordedAt: '2026-10-06T08:21:00.856Z'
# }
# provider_ops_event {
#   domain: 'readiness',
#   providerId: 'e2-double',
#   operation: 'evaluate',
#   outcome: 'ok',
#   durationMs: 0,
#   resultCount: 1,
#   droppedCount: null,
#   rateLimitHit: false,
#   recordedAt: '2026-10-06T08:21:00.856Z'
# }
# provider_ops_event {
#   domain: 'readiness',
#   providerId: 'e2-double',
#   operation: 'evaluate',
#   outcome: 'ok',
#   durationMs: 0,
#   resultCount: 1,
#   droppedCount: null,
#   rateLimitHit: false,
#   recordedAt: '2026-10-06T08:21:00.857Z'
# }
# provider_ops_event {
#   domain: 'readiness',
#   providerId: 'e2-double',
#   operation: 'evaluate',
#   outcome: 'ok',
#   durationMs: 0,
#   resultCount: 1,
#   droppedCount: null,
#   rateLimitHit: false,
#   recordedAt: '2026-10-06T08:21:00.858Z'
# }
# provider_ops_event {
#   domain: 'readiness',
#   providerId: 'e2-double',
#   operation: 'evaluate',
#   outcome: 'ok',
#   durationMs: 0,
#   resultCount: 1,
#   droppedCount: null,
#   rateLimitHit: false,
#   recordedAt: '2026-10-06T08:21:00.858Z'
# }
# provider_ops_event {
#   domain: 'readiness',
#   providerId: 'e2-double',
#   operation: 'evaluate',
#   outcome: 'ok',
#   durationMs: 0,
#   resultCount: 1,
#   droppedCount: null,
#   rateLimitHit: false,
#   recordedAt: '2026-10-06T08:21:00.858Z'
# }
# provider_ops_event {
#   domain: 'readiness',
#   providerId: 'e2-double',
#   operation: 'evaluate',
#   outcome: 'ok',
#   durationMs: 0,
#   resultCount: 1,
#   droppedCount: null,
#   rateLimitHit: false,
#   recordedAt: '2026-10-06T08:21:00.858Z'
# }
# provider_ops_event {
#   domain: 'readiness',
#   providerId: 'e2-double',
#   operation: 'evaluate',
#   outcome: 'ok',
#   durationMs: 0,
#   resultCount: 1,
#   droppedCount: null,
#   rateLimitHit: false,
#   recordedAt: '2026-10-06T08:21:00.859Z'
# }
# Subtest: Entry Requirements E2 – Official Action Contract
    # Subtest: Zweck-Taxonomie ist geschlossen und vollständig
    ok 1 - Zweck-Taxonomie ist geschlossen und vollständig
      ---
      duration_ms: 0.836458
      type: 'test'
      ...
    # Subtest: officialActionPurposeLesen verwirft Marketing- und unbekannten Text
    ok 2 - officialActionPurposeLesen verwirft Marketing- und unbekannten Text
      ---
      duration_ms: 0.062875
      type: 'test'
      ...
    # Subtest: sourceUrl allein wird höchstens information, niemals riskant
    ok 3 - sourceUrl allein wird höchstens information, niemals riskant
      ---
      duration_ms: 0.15525
      type: 'test'
      ...
    # Subtest: explizites application + valide HTTPS Action URL → application Action
    ok 4 - explizites application + valide HTTPS Action URL → application Action
      ---
      duration_ms: 3.705792
      type: 'test'
      ...
    # Subtest: explizites form → form Action
    ok 5 - explizites form → form Action
      ---
      duration_ms: 0.577084
      type: 'test'
      ...
    # Subtest: explizites appointment → appointment Action
    ok 6 - explizites appointment → appointment Action
      ---
      duration_ms: 0.43575
      type: 'test'
      ...
    # Subtest: explizites information → information Action
    ok 7 - explizites information → information Action
      ---
      duration_ms: 0.253125
      type: 'test'
      ...
    # Subtest: sourceUrl ohne explizite Action wird niemals application/form/appointment
    ok 8 - sourceUrl ohne explizite Action wird niemals application/form/appointment
      ---
      duration_ms: 0.834583
      type: 'test'
      ...
    # Subtest: ungültiger Purpose erzeugt keine riskante Action
    ok 9 - ungültiger Purpose erzeugt keine riskante Action
      ---
      duration_ms: 0.5715
      type: 'test'
      ...
    # Subtest: valid actionUrl + invalid purpose + sourceUrl null => keine Action
    ok 10 - valid actionUrl + invalid purpose + sourceUrl null => keine Action
      ---
      duration_ms: 0.355542
      type: 'test'
      ...
    # Subtest: valid actionUrl + missing purpose + sourceUrl null => keine Action
    ok 11 - valid actionUrl + missing purpose + sourceUrl null => keine Action
      ---
      duration_ms: 0.48
      type: 'test'
      ...
    # Subtest: unvollständige explizite Action + valide sourceUrl bleibt information der sourceUrl
    ok 12 - unvollständige explizite Action + valide sourceUrl bleibt information der sourceUrl
      ---
      duration_ms: 0.383917
      type: 'test'
      ...
    # Subtest: http, Credentials, localhost/.local und malformed URL erzeugen keine Action
    ok 13 - http, Credentials, localhost/.local und malformed URL erzeugen keine Action
      ---
      duration_ms: 0.115791
      type: 'test'
      ...
    # Subtest: ungültige Action-URL im Engine-Pfad erzeugt keine riskante Action
    ok 14 - ungültige Action-URL im Engine-Pfad erzeugt keine riskante Action
      ---
      duration_ms: 1.342875
      type: 'test'
      ...
    # Subtest: ungültige Action-Metadaten verändern nicht required/not_required/conditional
    ok 15 - ungültige Action-Metadaten verändern nicht required/not_required/conditional
      ---
      duration_ms: 0.844542
      type: 'test'
      ...
    # Subtest: stale/unavailable/conflicting Evaluation verliert riskante Action
    ok 16 - stale/unavailable/conflicting Evaluation verliert riskante Action
      ---
      duration_ms: 0.85775
      type: 'test'
      ...
    # Subtest: zwei Credential-Optionen behalten getrennte Actions
    ok 17 - zwei Credential-Optionen behalten getrennte Actions
      ---
      duration_ms: 0.342125
      type: 'test'
      ...
    # Subtest: eTA bleibt electronic_travel_authorization und wird nicht eVisa
    ok 18 - eTA bleibt electronic_travel_authorization und wird nicht eVisa
      ---
      duration_ms: 1.0195
      type: 'test'
      ...
    # Subtest: bestehende E1 result↔visaMode-Degradierung bleibt intakt und löscht riskante Action
    ok 19 - bestehende E1 result↔visaMode-Degradierung bleibt intakt und löscht riskante Action
      ---
      duration_ms: 0.408417
      type: 'test'
      ...
    # Subtest: untrusted Evidence trägt keine riskante Action und keine Hard Truth
    ok 20 - untrusted Evidence trägt keine riskante Action und keine Hard Truth
      ---
      duration_ms: 0.298875
      type: 'test'
      ...
    # Subtest: Requirement-Typ erfindet keine Antragssituation
    ok 21 - Requirement-Typ erfindet keine Antragssituation
      ---
      duration_ms: 0.886125
      type: 'test'
      ...
    # Subtest: requirementsProviderAus bleibt null
    ok 22 - requirementsProviderAus bleibt null
      ---
      duration_ms: 0.063333
      type: 'test'
      ...
    1..22
ok 8 - Entry Requirements E2 – Official Action Contract
  ---
  duration_ms: 15.6195
  type: 'suite'
  ...
# Subtest: Entry Requirements E3 – Visitor Checklist
    # Subtest: 1. zwei Credential-Optionen desselben Travellers bleiben getrennt und permutation-stabil
    ok 1 - 1. zwei Credential-Optionen desselben Travellers bleiben getrennt und permutation-stabil
      ---
      duration_ms: 12.417458
      type: 'test'
      ...
    # Subtest: 2. kein evaluations[0]- oder documents[0]-Fallback in Presentation/UI
    ok 2 - 2. kein evaluations[0]- oder documents[0]-Fallback in Presentation/UI
      ---
      duration_ms: 0.580042
      type: 'test'
      ...
    # Subtest: 3. Visa-Modi sind korrekt beschriftet und gruppiert
    ok 3 - 3. Visa-Modi sind korrekt beschriftet und gruppiert
      ---
      duration_ms: 0.439458
      type: 'test'
      ...
    # Subtest: 4. eTA bleibt eigener Requirement-Typ und kein Visa-Modus
    ok 4 - 4. eTA bleibt eigener Requirement-Typ und kein Visa-Modus
      ---
      duration_ms: 0.112167
      type: 'test'
      ...
    # Subtest: 5. blank_passport_pages und financial_means haben First-Class-Labels und Gruppen
    ok 5 - 5. blank_passport_pages und financial_means haben First-Class-Labels und Gruppen
      ---
      duration_ms: 0.114875
      type: 'test'
      ...
    # Subtest: 6. Transit landet in Route / Transit und bleibt scoped
    ok 6 - 6. Transit landet in Route / Transit und bleibt scoped
      ---
      duration_ms: 0.096917
      type: 'test'
      ...
    # Subtest: 7. stale/recheck/unavailable/insufficient_context erzeugen keine aktuelle Hard-Truth-Copy
    ok 7 - 7. stale/recheck/unavailable/insufficient_context erzeugen keine aktuelle Hard-Truth-Copy
      ---
      duration_ms: 0.202958
      type: 'test'
      ...
    # Subtest: 8. Action-Labels kommen nur aus strukturiertem Zweck
    ok 8 - 8. Action-Labels kommen nur aus strukturiertem Zweck
      ---
      duration_ms: 0.119917
      type: 'test'
      ...
    # Subtest: 9. Action und Source mit gleicher URL werden nicht dupliziert
    ok 9 - 9. Action und Source mit gleicher URL werden nicht dupliziert
      ---
      duration_ms: 0.138708
      type: 'test'
      ...
    # Subtest: 10. Credential-Label nutzt nur exakte strukturierte Dokumentdaten
    ok 10 - 10. Credential-Label nutzt nur exakte strukturierte Dokumentdaten
      ---
      duration_ms: 0.26025
      type: 'test'
      ...
    # Subtest: 11. Presentation ändert keine Engine-Wahrheit und bleibt lossless
    ok 11 - 11. Presentation ändert keine Engine-Wahrheit und bleibt lossless
      ---
      duration_ms: 0.094708
      type: 'test'
      ...
    # Subtest: 12. requirementsProviderAus() bleibt null
    ok 12 - 12. requirementsProviderAus() bleibt null
      ---
      duration_ms: 0.029416
      type: 'test'
      ...
    # Subtest: checkedAt ist Jetnity-Prüfzeit, nicht Quellen-Update
    ok 13 - checkedAt ist Jetnity-Prüfzeit, nicht Quellen-Update
      ---
      duration_ms: 0.044583
      type: 'test'
      ...
    # Subtest: Visa unknown erscheint in Vor Abreise, niemals als erledigter Antrag
    ok 14 - Visa unknown erscheint in Vor Abreise, niemals als erledigter Antrag
      ---
      duration_ms: 0.053709
      type: 'test'
      ...
    # Subtest: UI-Quelle rendert Gruppen und purpose-spezifische Actions
    ok 15 - UI-Quelle rendert Gruppen und purpose-spezifische Actions
      ---
      duration_ms: 0.268875
      type: 'test'
      ...
    # Subtest: Residual other_entry_requirement landet in Weitere offizielle Anforderungen
    ok 16 - Residual other_entry_requirement landet in Weitere offizielle Anforderungen
      ---
      duration_ms: 0.053042
      type: 'test'
      ...
    1..16
ok 9 - Entry Requirements E3 – Visitor Checklist
  ---
  duration_ms: 15.750209
  type: 'suite'
  ...
# provider_ops_event {
#   domain: 'readiness',
#   providerId: 'e4-double',
#   operation: 'evaluate',
#   outcome: 'ok',
#   durationMs: 1,
#   resultCount: 1,
#   droppedCount: null,
#   rateLimitHit: false,
#   recordedAt: '2026-10-06T08:21:00.854Z'
# }
# provider_ops_event {
#   domain: 'readiness',
#   providerId: 'e4-double',
#   operation: 'evaluate',
#   outcome: 'ok',
#   durationMs: 0,
#   resultCount: 1,
#   droppedCount: null,
#   rateLimitHit: false,
#   recordedAt: '2026-10-06T08:21:00.859Z'
# }
# provider_ops_event {
#   domain: 'readiness',
#   providerId: 'e4-double',
#   operation: 'evaluate',
#   outcome: 'ok',
#   durationMs: 0,
#   resultCount: 1,
#   droppedCount: null,
#   rateLimitHit: false,
#   recordedAt: '2026-10-06T08:21:00.859Z'
# }
# provider_ops_event {
#   domain: 'readiness',
#   providerId: 'e4-double',
#   operation: 'evaluate',
#   outcome: 'ok',
#   durationMs: 0,
#   resultCount: 1,
#   droppedCount: null,
#   rateLimitHit: false,
#   recordedAt: '2026-10-06T08:21:00.859Z'
# }
# provider_ops_event {
#   domain: 'readiness',
#   providerId: 'e4-double',
#   operation: 'evaluate',
#   outcome: 'ok',
#   durationMs: 0,
#   resultCount: 1,
#   droppedCount: null,
#   rateLimitHit: false,
#   recordedAt: '2026-10-06T08:21:00.859Z'
# }
# provider_ops_event {
#   domain: 'readiness',
#   providerId: 'e4-double',
#   operation: 'evaluate',
#   outcome: 'ok',
#   durationMs: 0,
#   resultCount: 1,
#   droppedCount: null,
#   rateLimitHit: false,
#   recordedAt: '2026-10-06T08:21:00.860Z'
# }
# provider_ops_event {
#   domain: 'readiness',
#   providerId: 'e4-double',
#   operation: 'evaluate',
#   outcome: 'ok',
#   durationMs: 0,
#   resultCount: 1,
#   droppedCount: null,
#   rateLimitHit: false,
#   recordedAt: '2026-10-06T08:21:00.860Z'
# }
# provider_ops_event {
#   domain: 'readiness',
#   providerId: 'e4-double',
#   operation: 'evaluate',
#   outcome: 'ok',
#   durationMs: 0,
#   resultCount: 1,
#   droppedCount: null,
#   rateLimitHit: false,
#   recordedAt: '2026-10-06T08:21:00.860Z'
# }
# provider_ops_event {
#   domain: 'readiness',
#   providerId: 'e4-double',
#   operation: 'evaluate',
#   outcome: 'ok',
#   durationMs: 0,
#   resultCount: 1,
#   droppedCount: null,
#   rateLimitHit: false,
#   recordedAt: '2026-10-06T08:21:00.860Z'
# }
# provider_ops_event {
#   domain: 'readiness',
#   providerId: 'e4-double',
#   operation: 'evaluate',
#   outcome: 'ok',
#   durationMs: 0,
#   resultCount: 1,
#   droppedCount: null,
#   rateLimitHit: false,
#   recordedAt: '2026-10-06T08:21:00.861Z'
# }
# provider_ops_event {
#   domain: 'readiness',
#   providerId: 'e4-double',
#   operation: 'evaluate',
#   outcome: 'ok',
#   durationMs: 0,
#   resultCount: 1,
#   droppedCount: null,
#   rateLimitHit: false,
#   recordedAt: '2026-10-06T08:21:00.861Z'
# }
# provider_ops_event {
#   domain: 'readiness',
#   providerId: 'e4-double',
#   operation: 'evaluate',
#   outcome: 'ok',
#   durationMs: 0,
#   resultCount: 1,
#   droppedCount: null,
#   rateLimitHit: false,
#   recordedAt: '2026-10-06T08:21:00.861Z'
# }
# provider_ops_event {
#   domain: 'readiness',
#   providerId: 'e4-double',
#   operation: 'evaluate',
#   outcome: 'ok',
#   durationMs: 0,
#   resultCount: 1,
#   droppedCount: null,
#   rateLimitHit: false,
#   recordedAt: '2026-10-06T08:21:00.862Z'
# }
# provider_ops_event {
#   domain: 'readiness',
#   providerId: 'e4-double',
#   operation: 'evaluate',
#   outcome: 'ok',
#   durationMs: 0,
#   resultCount: 1,
#   droppedCount: null,
#   rateLimitHit: false,
#   recordedAt: '2026-10-06T08:21:00.862Z'
# }
# provider_ops_event {
#   domain: 'readiness',
#   providerId: 'e4-double',
#   operation: 'evaluate',
#   outcome: 'ok',
#   durationMs: 0,
#   resultCount: 1,
#   droppedCount: null,
#   rateLimitHit: false,
#   recordedAt: '2026-10-06T08:21:00.862Z'
# }
# provider_ops_event {
#   domain: 'readiness',
#   providerId: 'e4-double',
#   operation: 'evaluate',
#   outcome: 'ok',
#   durationMs: 0,
#   resultCount: 1,
#   droppedCount: null,
#   rateLimitHit: false,
#   recordedAt: '2026-10-06T08:21:00.862Z'
# }
# provider_ops_event {
#   domain: 'readiness',
#   providerId: 'e4-double',
#   operation: 'evaluate',
#   outcome: 'ok',
#   durationMs: 0,
#   resultCount: 2,
#   droppedCount: null,
#   rateLimitHit: false,
#   recordedAt: '2026-10-06T08:21:00.862Z'
# }
# provider_ops_event {
#   domain: 'readiness',
#   providerId: 'e4-double',
#   operation: 'evaluate',
#   outcome: 'ok',
#   durationMs: 0,
#   resultCount: 2,
#   droppedCount: null,
#   rateLimitHit: false,
#   recordedAt: '2026-10-06T08:21:00.865Z'
# }
# provider_ops_event {
#   domain: 'readiness',
#   providerId: 'e4-double',
#   operation: 'evaluate',
#   outcome: 'ok',
#   durationMs: 0,
#   resultCount: 2,
#   droppedCount: null,
#   rateLimitHit: false,
#   recordedAt: '2026-10-06T08:21:00.865Z'
# }
# provider_ops_event {
#   domain: 'readiness',
#   providerId: 'e4-double',
#   operation: 'evaluate',
#   outcome: 'ok',
#   durationMs: 0,
#   resultCount: 2,
#   droppedCount: null,
#   rateLimitHit: false,
#   recordedAt: '2026-10-06T08:21:00.866Z'
# }
# provider_ops_event {
#   domain: 'readiness',
#   providerId: 'e4-double',
#   operation: 'evaluate',
#   outcome: 'ok',
#   durationMs: 0,
#   resultCount: 2,
#   droppedCount: null,
#   rateLimitHit: false,
#   recordedAt: '2026-10-06T08:21:00.866Z'
# }
# provider_ops_event {
#   domain: 'readiness',
#   providerId: 'e4-double',
#   operation: 'evaluate',
#   outcome: 'ok',
#   durationMs: 0,
#   resultCount: 2,
#   droppedCount: null,
#   rateLimitHit: false,
#   recordedAt: '2026-10-06T08:21:00.866Z'
# }
# provider_ops_event {
#   domain: 'readiness',
#   providerId: 'e4-double',
#   operation: 'evaluate',
#   outcome: 'ok',
#   durationMs: 0,
#   resultCount: 2,
#   droppedCount: null,
#   rateLimitHit: false,
#   recordedAt: '2026-10-06T08:21:00.866Z'
# }
# provider_ops_event {
#   domain: 'readiness',
#   providerId: 'e4-double',
#   operation: 'evaluate',
#   outcome: 'ok',
#   durationMs: 0,
#   resultCount: 2,
#   droppedCount: null,
#   rateLimitHit: false,
#   recordedAt: '2026-10-06T08:21:00.867Z'
# }
# provider_ops_event {
#   domain: 'readiness',
#   providerId: 'e4-double',
#   operation: 'evaluate',
#   outcome: 'ok',
#   durationMs: 0,
#   resultCount: 2,
#   droppedCount: null,
#   rateLimitHit: false,
#   recordedAt: '2026-10-06T08:21:00.867Z'
# }
# provider_ops_event {
#   domain: 'readiness',
#   providerId: 'e4-double',
#   operation: 'evaluate',
#   outcome: 'ok',
#   durationMs: 0,
#   resultCount: 2,
#   droppedCount: null,
#   rateLimitHit: false,
#   recordedAt: '2026-10-06T08:21:00.867Z'
# }
# provider_ops_event {
#   domain: 'readiness',
#   providerId: 'e4-double',
#   operation: 'evaluate',
#   outcome: 'ok',
#   durationMs: 0,
#   resultCount: 1,
#   droppedCount: null,
#   rateLimitHit: false,
#   recordedAt: '2026-10-06T08:21:00.868Z'
# }
# Subtest: Entry Requirements E4 – Temporal-Rule-Contract
    # Subtest: 1. 72h-before-destination-arrival availableFrom wird korrekt normalisiert
    ok 1 - 1. 72h-before-destination-arrival availableFrom wird korrekt normalisiert
      ---
      duration_ms: 5.074709
      type: 'test'
      ...
    # Subtest: 2. at + 0 akzeptiert, at + nonzero verworfen
    ok 2 - 2. at + 0 akzeptiert, at + nonzero verworfen
      ---
      duration_ms: 0.081625
      type: 'test'
      ...
    # Subtest: 3. before/after mit 0/negativ/Fraction/NaN/Infinity verworfen
    ok 3 - 3. before/after mit 0/negativ/Fraction/NaN/Infinity verworfen
      ---
      duration_ms: 0.133209
      type: 'test'
      ...
    # Subtest: 4. mandatory und recommended bleiben unterscheidbar
    ok 4 - 4. mandatory und recommended bleiben unterscheidbar
      ---
      duration_ms: 0.118708
      type: 'test'
      ...
    # Subtest: 5. malformed/unsupported Timing verändert gültige Requirement-Hard-Truth nicht
    ok 5 - 5. malformed/unsupported Timing verändert gültige Requirement-Hard-Truth nicht
      ---
      duration_ms: 1.572583
      type: 'test'
      ...
    # Subtest: Same-Anchor-Fenster: unmögliche Reihenfolge wird null, Requirement bleibt
    ok 6 - Same-Anchor-Fenster: unmögliche Reihenfolge wird null, Requirement bleibt
      ---
      duration_ms: 1.129125
      type: 'test'
      ...
    # Subtest: 6. not_required trägt nie Timing
    ok 7 - 6. not_required trägt nie Timing
      ---
      duration_ms: 0.216875
      type: 'test'
      ...
    # Subtest: 7. stale/recheck/unavailable/insufficient-context trägt nie Timing
    ok 8 - 7. stale/recheck/unavailable/insufficient-context trägt nie Timing
      ---
      duration_ms: 0.461583
      type: 'test'
      ...
    # Subtest: 8. Visa-Conflict-Degradation löscht Timing
    ok 9 - 8. Visa-Conflict-Degradation löscht Timing
      ---
      duration_ms: 0.214667
      type: 'test'
      ...
    # Subtest: 9. Duplicate gleiche Entscheidung + widersprüchliches Timing → Requirement bleibt, Timing null
    ok 10 - 9. Duplicate gleiche Entscheidung + widersprüchliches Timing → Requirement bleibt, Timing null
      ---
      duration_ms: 2.391292
      type: 'test'
      ...
    # Subtest: 10. Duplicate gleiche Entscheidung + identisches Timing → Timing bleibt
    ok 11 - 10. Duplicate gleiche Entscheidung + identisches Timing → Timing bleibt
      ---
      duration_ms: 0.432
      type: 'test'
      ...
    # Subtest: 11. Duplicate-Reihenfolge/Permutation verändert Ergebnis nicht
    ok 12 - 11. Duplicate-Reihenfolge/Permutation verändert Ergebnis nicht
      ---
      duration_ms: 1.493917
      type: 'test'
      ...
    # Subtest: 12. Multi-Citizenship/Multi-Document: Timing bleibt exakt credential-spezifisch
    ok 13 - 12. Multi-Citizenship/Multi-Document: Timing bleibt exakt credential-spezifisch
      ---
      duration_ms: 0.202208
      type: 'test'
      ...
    # Subtest: 13. Transit-Timing bleibt am exakten Transit-Country-Scope
    ok 14 - 13. Transit-Timing bleibt am exakten Transit-Country-Scope
      ---
      duration_ms: 0.639208
      type: 'test'
      ...
    # Subtest: 14. Presentation zeigt Timing nur aus temporalRule, niemals aus validFrom/URL/Typ
    ok 15 - 14. Presentation zeigt Timing nur aus temporalRule, niemals aus validFrom/URL/Typ
      ---
      duration_ms: 1.044791
      type: 'test'
      ...
    # Subtest: 15. requirementsProviderAus() bleibt null
    ok 16 - 15. requirementsProviderAus() bleibt null
      ---
      duration_ms: 0.079042
      type: 'test'
      ...
    # Subtest: geschlossene Taxonomie und Safety-Bound sind vollständig
    ok 17 - geschlossene Taxonomie und Safety-Bound sind vollständig
      ---
      duration_ms: 0.092833
      type: 'test'
      ...
    1..17
ok 10 - Entry Requirements E4 – Temporal-Rule-Contract
  ---
  duration_ms: 16.059
  type: 'suite'
  ...
# Subtest: Schema 2: event deadline conformance
    # Subtest: strict before expiry: 2026-10-06T11:59:59.999Z => open
    ok 1 - strict before expiry: 2026-10-06T11:59:59.999Z => open
      ---
      duration_ms: 0.933416
      type: 'test'
      ...
    # Subtest: strict before expiry: 2026-10-06T12:00:00.000Z => closed
    ok 2 - strict before expiry: 2026-10-06T12:00:00.000Z => closed
      ---
      duration_ms: 0.093917
      type: 'test'
      ...
    # Subtest: strict before expiry: 2026-10-06T12:00:00.001Z => closed
    ok 3 - strict before expiry: 2026-10-06T12:00:00.001Z => closed
      ---
      duration_ms: 0.063417
      type: 'test'
      ...
    # Subtest: permission state, expiry, precision, observation gap precedence
    ok 4 - permission state, expiry, precision, observation gap precedence
      ---
      duration_ms: 0.376417
      type: 'test'
      ...
    # Subtest: conflicts, foreign scope, missing binding and cross-version inputs block
    ok 5 - conflicts, foreign scope, missing binding and cross-version inputs block
      ---
      duration_ms: 0.535625
      type: 'test'
      ...
    # Subtest: strict instants reject rollover, timezone offsets, missing precision and invalid observation
    ok 6 - strict instants reject rollover, timezone offsets, missing precision and invalid observation
      ---
      duration_ms: 0.782917
      type: 'test'
      ...
    # Subtest: closed vocabulary and fingerprint covers event identity, scope and semantics
    ok 7 - closed vocabulary and fingerprint covers event identity, scope and semantics
      ---
      duration_ms: 0.937834
      type: 'test'
      ...
    # Subtest: pure evaluation cannot read an internal clock or execute accessors
    ok 8 - pure evaluation cannot read an internal clock or execute accessors
      ---
      duration_ms: 0.103084
      type: 'test'
      ...
    1..8
ok 11 - Schema 2: event deadline conformance
  ---
  duration_ms: 3.98425
  type: 'suite'
  ...
# Subtest: Entry Requirements E5-A temporal projection
    # Subtest: 1. 72h before destination_arrival auf Z-Instant
    ok 1 - 1. 72h before destination_arrival auf Z-Instant
      ---
      duration_ms: 2.557875
      type: 'test'
      ...
    # Subtest: 2. 24h before trip_departure normalisiert +02:00 zuerst
    ok 2 - 2. 24h before trip_departure normalisiert +02:00 zuerst
      ---
      duration_ms: 0.1495
      type: 'test'
      ...
    # Subtest: 3. at bleibt identischer normalisierter Instant
    ok 3 - 3. at bleibt identischer normalisierter Instant
      ---
      duration_ms: 0.056333
      type: 'test'
      ...
    # Subtest: 4. after addiert exakt
    ok 4 - 4. after addiert exakt
      ---
      duration_ms: 0.091083
      type: 'test'
      ...
    # Subtest: 5. verschiedene Anchors brauchen explizite Bindings beider Seiten
    ok 5 - 5. verschiedene Anchors brauchen explizite Bindings beider Seiten
      ---
      duration_ms: 0.091167
      type: 'test'
      ...
    # Subtest: 6. fehlender Anchor fällt nicht auf ein anderes Event zurück
    ok 6 - 6. fehlender Anchor fällt nicht auf ein anderes Event zurück
      ---
      duration_ms: 0.076458
      type: 'test'
      ...
    # Subtest: 7. zonenlose lokale Wanduhr wird als Instant abgelehnt
    ok 7 - 7. zonenlose lokale Wanduhr wird als Instant abgelehnt
      ---
      duration_ms: 0.073458
      type: 'test'
      ...
    # Subtest: 8. Date-only wird abgelehnt
    ok 8 - 8. Date-only wird abgelehnt
      ---
      duration_ms: 0.108875
      type: 'test'
      ...
    # Subtest: 9. ungültiger Offset, ungültiges Datum und Freitext werden abgelehnt
    ok 9 - 9. ungültiger Offset, ungültiges Datum und Freitext werden abgelehnt
      ---
      duration_ms: 0.185541
      type: 'test'
      ...
    # Subtest: expliziter Offset ausserhalb der Weltzonen-Hülle bleibt projizierbar
    ok 10 - expliziter Offset ausserhalb der Weltzonen-Hülle bleibt projizierbar
      ---
      duration_ms: 0.195209
      type: 'test'
      ...
    # Subtest: 10. Cross-Anchor availableFrom > dueBy ist invalid_projected_window
    ok 11 - 10. Cross-Anchor availableFrom > dueBy ist invalid_projected_window
      ---
      duration_ms: 0.054
      type: 'test'
      ...
    # Subtest: 11. eventRef bleibt für available/due Provenance erhalten
    ok 12 - 11. eventRef bleibt für available/due Provenance erhalten
      ---
      duration_ms: 0.043959
      type: 'test'
      ...
    # Subtest: 12. zwei Occurrences werden niemals first-picked
    ok 13 - 12. zwei Occurrences werden niemals first-picked
      ---
      duration_ms: 0.059375
      type: 'test'
      ...
    # Subtest: DST-Übergang bleibt reine Offset-Arithmetik, keine Zonenrekonstruktion
    ok 14 - DST-Übergang bleibt reine Offset-Arithmetik, keine Zonenrekonstruktion
      ---
      duration_ms: 0.043417
      type: 'test'
      ...
    # Subtest: E4-Bound und Overflow erzeugen keinen erfundenen Instant
    ok 15 - E4-Bound und Overflow erzeugen keinen erfundenen Instant
      ---
      duration_ms: 0.03725
      type: 'test'
      ...
    # Subtest: gleiche Eingabe ist value-stabil und unabhängig von Binding-Key-Reihenfolge
    ok 16 - gleiche Eingabe ist value-stabil und unabhängig von Binding-Key-Reihenfolge
      ---
      duration_ms: 0.04625
      type: 'test'
      ...
    # Subtest: leere Projektionen teilen keine mutierbare Referenz zwischen Aufrufen
    ok 17 - leere Projektionen teilen keine mutierbare Referenz zwischen Aufrufen
      ---
      duration_ms: 0.125834
      type: 'test'
      ...
    # Subtest: whitespace-only eventRef ist keine stabile Provenance
    ok 18 - whitespace-only eventRef ist keine stabile Provenance
      ---
      duration_ms: 0.047875
      type: 'test'
      ...
    # Subtest: 13/14. E4-Invarianten und Factory bleiben unangetastet
    ok 19 - 13/14. E4-Invarianten und Factory bleiben unangetastet
      ---
      duration_ms: 0.217625
      type: 'test'
      ...
    1..19
ok 12 - Entry Requirements E5-A temporal projection
  ---
  duration_ms: 4.967833
  type: 'suite'
  ...
# provider_ops_event {
#   domain: 'readiness',
#   providerId: 'test-double',
#   operation: 'evaluate',
#   outcome: 'ok',
#   durationMs: 0,
#   resultCount: 2,
#   droppedCount: null,
#   rateLimitHit: false,
#   recordedAt: '2026-10-06T08:21:01.181Z'
# }
# provider_ops_event {
#   domain: 'readiness',
#   providerId: 'test-double',
#   operation: 'evaluate',
#   outcome: 'ok',
#   durationMs: 1,
#   resultCount: 1,
#   droppedCount: null,
#   rateLimitHit: false,
#   recordedAt: '2026-10-06T08:21:01.184Z'
# }
# provider_ops_event {
#   domain: 'readiness',
#   providerId: 'health-double',
#   operation: 'evaluate',
#   outcome: 'ok',
#   durationMs: 0,
#   resultCount: 2,
#   droppedCount: null,
#   rateLimitHit: false,
#   recordedAt: '2026-10-06T08:21:01.185Z'
# }
# provider_ops_event {
#   domain: 'readiness',
#   providerId: 'test-double',
#   operation: 'evaluate',
#   outcome: 'ok',
#   durationMs: 0,
#   resultCount: 1,
#   droppedCount: null,
#   rateLimitHit: false,
#   recordedAt: '2026-10-06T08:21:01.189Z'
# }
# provider_ops_event {
#   domain: 'readiness',
#   providerId: 'down-double',
#   operation: 'evaluate',
#   outcome: 'ok',
#   durationMs: 0,
#   resultCount: 1,
#   droppedCount: null,
#   rateLimitHit: false,
#   recordedAt: '2026-10-06T08:21:01.190Z'
# }
# provider_ops_event {
#   domain: 'readiness',
#   providerId: 'test-double',
#   operation: 'evaluate',
#   outcome: 'ok',
#   durationMs: 0,
#   resultCount: 4,
#   droppedCount: null,
#   rateLimitHit: false,
#   recordedAt: '2026-10-06T08:21:01.191Z'
# }
# provider_ops_event {
#   domain: 'readiness',
#   providerId: 'thin',
#   operation: 'evaluate',
#   outcome: 'ok',
#   durationMs: 0,
#   resultCount: 1,
#   droppedCount: null,
#   rateLimitHit: false,
#   recordedAt: '2026-10-06T08:21:01.192Z'
# }
# provider_ops_event {
#   domain: 'readiness',
#   providerId: 'thin',
#   operation: 'evaluate',
#   outcome: 'ok',
#   durationMs: 0,
#   resultCount: 1,
#   droppedCount: null,
#   rateLimitHit: false,
#   recordedAt: '2026-10-06T08:21:01.192Z'
# }
# provider_ops_event {
#   domain: 'readiness',
#   providerId: 'thin',
#   operation: 'evaluate',
#   outcome: 'ok',
#   durationMs: 0,
#   resultCount: 1,
#   droppedCount: null,
#   rateLimitHit: false,
#   recordedAt: '2026-10-06T08:21:01.193Z'
# }
# provider_ops_event {
#   domain: 'readiness',
#   providerId: 'transit-double',
#   operation: 'evaluate',
#   outcome: 'ok',
#   durationMs: 0,
#   resultCount: 2,
#   droppedCount: null,
#   rateLimitHit: false,
#   recordedAt: '2026-10-06T08:21:01.193Z'
# }
# provider_ops_event {
#   domain: 'readiness',
#   providerId: 'dup',
#   operation: 'evaluate',
#   outcome: 'ok',
#   durationMs: 0,
#   resultCount: 2,
#   droppedCount: null,
#   rateLimitHit: false,
#   recordedAt: '2026-10-06T08:21:01.193Z'
# }
# provider_ops_event {
#   domain: 'readiness',
#   providerId: 'facts-double',
#   operation: 'evaluate',
#   outcome: 'ok',
#   durationMs: 0,
#   resultCount: 1,
#   droppedCount: null,
#   rateLimitHit: false,
#   recordedAt: '2026-10-06T08:21:01.194Z'
# }
# provider_ops_event {
#   domain: 'readiness',
#   providerId: 'facts-double',
#   operation: 'evaluate',
#   outcome: 'ok',
#   durationMs: 0,
#   resultCount: 1,
#   droppedCount: null,
#   rateLimitHit: false,
#   recordedAt: '2026-10-06T08:21:01.194Z'
# }
# provider_ops_event {
#   domain: 'readiness',
#   providerId: 'async-double',
#   operation: 'evaluate',
#   outcome: 'ok',
#   durationMs: 0,
#   resultCount: 1,
#   droppedCount: null,
#   rateLimitHit: false,
#   recordedAt: '2026-10-06T08:21:01.194Z'
# }
# provider_ops_event {
#   domain: 'readiness',
#   providerId: 'throw-double',
#   operation: 'evaluate',
#   outcome: 'error',
#   durationMs: 0,
#   resultCount: 0,
#   droppedCount: null,
#   rateLimitHit: false,
#   recordedAt: '2026-10-06T08:21:01.194Z'
# }
# provider_ops_event {
#   domain: 'readiness',
#   providerId: 'dead-double',
#   operation: 'evaluate',
#   outcome: 'unavailable',
#   durationMs: 0,
#   resultCount: 0,
#   droppedCount: null,
#   rateLimitHit: false,
#   recordedAt: '2026-10-06T08:21:01.194Z'
# }
# provider_ops_event {
#   domain: 'readiness',
#   providerId: 'partial-transit',
#   operation: 'evaluate',
#   outcome: 'ok',
#   durationMs: 0,
#   resultCount: 2,
#   droppedCount: null,
#   rateLimitHit: false,
#   recordedAt: '2026-10-06T08:21:01.195Z'
# }
# provider_ops_event {
#   domain: 'readiness',
#   providerId: 'no-url',
#   operation: 'evaluate',
#   outcome: 'ok',
#   durationMs: 0,
#   resultCount: 1,
#   droppedCount: null,
#   rateLimitHit: false,
#   recordedAt: '2026-10-06T08:21:01.195Z'
# }
# provider_ops_event {
#   domain: 'readiness',
#   providerId: 'future-valid',
#   operation: 'evaluate',
#   outcome: 'ok',
#   durationMs: 0,
#   resultCount: 1,
#   droppedCount: null,
#   rateLimitHit: false,
#   recordedAt: '2026-10-06T08:21:01.195Z'
# }
# provider_ops_event {
#   domain: 'readiness',
#   providerId: 'expired-valid',
#   operation: 'evaluate',
#   outcome: 'ok',
#   durationMs: 0,
#   resultCount: 1,
#   droppedCount: null,
#   rateLimitHit: false,
#   recordedAt: '2026-10-06T08:21:01.195Z'
# }
# provider_ops_event {
#   domain: 'readiness',
#   providerId: 'bad-valid',
#   operation: 'evaluate',
#   outcome: 'ok',
#   durationMs: 0,
#   resultCount: 1,
#   droppedCount: null,
#   rateLimitHit: false,
#   recordedAt: '2026-10-06T08:21:01.195Z'
# }
# provider_ops_event {
#   domain: 'readiness',
#   providerId: 'future-check',
#   operation: 'evaluate',
#   outcome: 'ok',
#   durationMs: 0,
#   resultCount: 1,
#   droppedCount: null,
#   rateLimitHit: false,
#   recordedAt: '2026-10-06T08:21:01.195Z'
# }
# provider_ops_event {
#   domain: 'readiness',
#   providerId: 'future-check',
#   operation: 'evaluate',
#   outcome: 'ok',
#   durationMs: 0,
#   resultCount: 1,
#   droppedCount: null,
#   rateLimitHit: false,
#   recordedAt: '2026-10-06T08:21:01.195Z'
# }
# provider_ops_event {
#   domain: 'readiness',
#   providerId: 'bad-url',
#   operation: 'evaluate',
#   outcome: 'ok',
#   durationMs: 0,
#   resultCount: 1,
#   droppedCount: null,
#   rateLimitHit: false,
#   recordedAt: '2026-10-06T08:21:01.195Z'
# }
# provider_ops_event {
#   domain: 'readiness',
#   providerId: 'no-url-trusted',
#   operation: 'evaluate',
#   outcome: 'ok',
#   durationMs: 0,
#   resultCount: 1,
#   droppedCount: null,
#   rateLimitHit: false,
#   recordedAt: '2026-10-06T08:21:01.198Z'
# }
# provider_ops_event {
#   domain: 'readiness',
#   providerId: 'down',
#   operation: 'evaluate',
#   outcome: 'ok',
#   durationMs: 0,
#   resultCount: 1,
#   droppedCount: null,
#   rateLimitHit: false,
#   recordedAt: '2026-10-06T08:21:01.198Z'
# }
# provider_ops_event {
#   domain: 'readiness',
#   providerId: 'expired',
#   operation: 'evaluate',
#   outcome: 'ok',
#   durationMs: 0,
#   resultCount: 1,
#   droppedCount: null,
#   rateLimitHit: false,
#   recordedAt: '2026-10-06T08:21:01.198Z'
# }
# provider_ops_event {
#   domain: 'readiness',
#   providerId: 'test-double',
#   operation: 'evaluate',
#   outcome: 'ok',
#   durationMs: 0,
#   resultCount: 2,
#   droppedCount: null,
#   rateLimitHit: false,
#   recordedAt: '2026-10-06T08:21:01.198Z'
# }
# provider_ops_event {
#   domain: 'readiness',
#   providerId: 'test-double',
#   operation: 'evaluate',
#   outcome: 'ok',
#   durationMs: 0,
#   resultCount: 2,
#   droppedCount: null,
#   rateLimitHit: false,
#   recordedAt: '2026-10-06T08:21:01.199Z'
# }
# provider_ops_event {
#   domain: 'readiness',
#   providerId: 'test-double',
#   operation: 'evaluate',
#   outcome: 'ok',
#   durationMs: 1,
#   resultCount: 2,
#   droppedCount: null,
#   rateLimitHit: false,
#   recordedAt: '2026-10-06T08:21:01.200Z'
# }
# provider_ops_event {
#   domain: 'readiness',
#   providerId: 'test-double',
#   operation: 'evaluate',
#   outcome: 'ok',
#   durationMs: 0,
#   resultCount: 3,
#   droppedCount: null,
#   rateLimitHit: false,
#   recordedAt: '2026-10-06T08:21:01.200Z'
# }
# provider_ops_event {
#   domain: 'readiness',
#   providerId: 'test-double',
#   operation: 'evaluate',
#   outcome: 'ok',
#   durationMs: 0,
#   resultCount: 3,
#   droppedCount: null,
#   rateLimitHit: false,
#   recordedAt: '2026-10-06T08:21:01.201Z'
# }
# provider_ops_event {
#   domain: 'readiness',
#   providerId: 'test-double',
#   operation: 'evaluate',
#   outcome: 'ok',
#   durationMs: 0,
#   resultCount: 4,
#   droppedCount: null,
#   rateLimitHit: false,
#   recordedAt: '2026-10-06T08:21:01.201Z'
# }
# provider_ops_event {
#   domain: 'readiness',
#   providerId: 'test-double',
#   operation: 'evaluate',
#   outcome: 'ok',
#   durationMs: 0,
#   resultCount: 4,
#   droppedCount: null,
#   rateLimitHit: false,
#   recordedAt: '2026-10-06T08:21:01.202Z'
# }
# provider_ops_event {
#   domain: 'readiness',
#   providerId: 'test-double',
#   operation: 'evaluate',
#   outcome: 'ok',
#   durationMs: 0,
#   resultCount: 3,
#   droppedCount: null,
#   rateLimitHit: false,
#   recordedAt: '2026-10-06T08:21:01.203Z'
# }
# provider_ops_event {
#   domain: 'readiness',
#   providerId: 'test-double',
#   operation: 'evaluate',
#   outcome: 'ok',
#   durationMs: 0,
#   resultCount: 3,
#   droppedCount: null,
#   rateLimitHit: false,
#   recordedAt: '2026-10-06T08:21:01.203Z'
# }
# provider_ops_event {
#   domain: 'readiness',
#   providerId: 'test-double',
#   operation: 'evaluate',
#   outcome: 'ok',
#   durationMs: 0,
#   resultCount: 3,
#   droppedCount: null,
#   rateLimitHit: false,
#   recordedAt: '2026-10-06T08:21:01.203Z'
# }
# provider_ops_event {
#   domain: 'readiness',
#   providerId: 'test-double',
#   operation: 'evaluate',
#   outcome: 'ok',
#   durationMs: 0,
#   resultCount: 3,
#   droppedCount: null,
#   rateLimitHit: false,
#   recordedAt: '2026-10-06T08:21:01.203Z'
# }
# provider_ops_event {
#   domain: 'readiness',
#   providerId: 'test-double',
#   operation: 'evaluate',
#   outcome: 'ok',
#   durationMs: 0,
#   resultCount: 3,
#   droppedCount: null,
#   rateLimitHit: false,
#   recordedAt: '2026-10-06T08:21:01.204Z'
# }
# provider_ops_event {
#   domain: 'readiness',
#   providerId: 'test-double',
#   operation: 'evaluate',
#   outcome: 'ok',
#   durationMs: 0,
#   resultCount: 3,
#   droppedCount: null,
#   rateLimitHit: false,
#   recordedAt: '2026-10-06T08:21:01.204Z'
# }
# provider_ops_event {
#   domain: 'readiness',
#   providerId: 'test-double',
#   operation: 'evaluate',
#   outcome: 'ok',
#   durationMs: 0,
#   resultCount: 3,
#   droppedCount: null,
#   rateLimitHit: false,
#   recordedAt: '2026-10-06T08:21:01.204Z'
# }
# provider_ops_event {
#   domain: 'readiness',
#   providerId: 'test-double',
#   operation: 'evaluate',
#   outcome: 'ok',
#   durationMs: 0,
#   resultCount: 3,
#   droppedCount: null,
#   rateLimitHit: false,
#   recordedAt: '2026-10-06T08:21:01.204Z'
# }
# provider_ops_event {
#   domain: 'readiness',
#   providerId: 'test-double',
#   operation: 'evaluate',
#   outcome: 'ok',
#   durationMs: 0,
#   resultCount: 3,
#   droppedCount: null,
#   rateLimitHit: false,
#   recordedAt: '2026-10-06T08:21:01.204Z'
# }
# provider_ops_event {
#   domain: 'readiness',
#   providerId: 'p2-ta06-capture',
#   operation: 'evaluate',
#   outcome: 'checked_empty',
#   durationMs: 0,
#   resultCount: 0,
#   droppedCount: null,
#   rateLimitHit: false,
#   recordedAt: '2026-10-06T08:21:01.205Z'
# }
# provider_ops_event {
#   domain: 'readiness',
#   providerId: 'p2-ta06-capture',
#   operation: 'evaluate',
#   outcome: 'checked_empty',
#   durationMs: 0,
#   resultCount: 0,
#   droppedCount: null,
#   rateLimitHit: false,
#   recordedAt: '2026-10-06T08:21:01.206Z'
# }
# provider_ops_event {
#   domain: 'readiness',
#   providerId: 'p2-ta06-capture',
#   operation: 'evaluate',
#   outcome: 'checked_empty',
#   durationMs: 0,
#   resultCount: 0,
#   droppedCount: null,
#   rateLimitHit: false,
#   recordedAt: '2026-10-06T08:21:01.206Z'
# }
# provider_ops_event {
#   domain: 'readiness',
#   providerId: 'p2-ta06-capture',
#   operation: 'evaluate',
#   outcome: 'checked_empty',
#   durationMs: 0,
#   resultCount: 0,
#   droppedCount: null,
#   rateLimitHit: false,
#   recordedAt: '2026-10-06T08:21:01.206Z'
# }
# provider_ops_event {
#   domain: 'readiness',
#   providerId: 'p2-ta06-capture',
#   operation: 'evaluate',
#   outcome: 'checked_empty',
#   durationMs: 0,
#   resultCount: 0,
#   droppedCount: null,
#   rateLimitHit: false,
#   recordedAt: '2026-10-06T08:21:01.206Z'
# }
# provider_ops_event {
#   domain: 'readiness',
#   providerId: 'p2-ta06-capture',
#   operation: 'evaluate',
#   outcome: 'checked_empty',
#   durationMs: 0,
#   resultCount: 0,
#   droppedCount: null,
#   rateLimitHit: false,
#   recordedAt: '2026-10-06T08:21:01.206Z'
# }
# provider_ops_event {
#   domain: 'readiness',
#   providerId: 'p2-ta06-capture',
#   operation: 'evaluate',
#   outcome: 'checked_empty',
#   durationMs: 0,
#   resultCount: 0,
#   droppedCount: null,
#   rateLimitHit: false,
#   recordedAt: '2026-10-06T08:21:01.206Z'
# }
# provider_ops_event {
#   domain: 'readiness',
#   providerId: 'p2-ta06-capture',
#   operation: 'evaluate',
#   outcome: 'checked_empty',
#   durationMs: 0,
#   resultCount: 0,
#   droppedCount: null,
#   rateLimitHit: false,
#   recordedAt: '2026-10-06T08:21:01.206Z'
# }
# provider_ops_event {
#   domain: 'readiness',
#   providerId: 'p2-ta06-capture',
#   operation: 'evaluate',
#   outcome: 'checked_empty',
#   durationMs: 0,
#   resultCount: 0,
#   droppedCount: null,
#   rateLimitHit: false,
#   recordedAt: '2026-10-06T08:21:01.206Z'
# }
# provider_ops_event {
#   domain: 'readiness',
#   providerId: 'p2-ta06-capture',
#   operation: 'evaluate',
#   outcome: 'checked_empty',
#   durationMs: 1,
#   resultCount: 0,
#   droppedCount: null,
#   rateLimitHit: false,
#   recordedAt: '2026-10-06T08:21:01.207Z'
# }
# Subtest: Travel Requirements Engine
    # Subtest: ohne Provider keine Visa-/Passbehauptung
    ok 1 - ohne Provider keine Visa-/Passbehauptung
      ---
      duration_ms: 1.525833
      type: 'test'
      ...
    # Subtest: LLM- oder Browser-Behauptung überschreibt Official Truth nicht
    ok 2 - LLM- oder Browser-Behauptung überschreibt Official Truth nicht
      ---
      duration_ms: 0.616417
      type: 'test'
      ...
    # Subtest: fehlende Nationalität bleibt insufficient_context
    ok 3 - fehlende Nationalität bleibt insufficient_context
      ---
      duration_ms: 0.235708
      type: 'test'
      ...
    # Subtest: bekannte Fakten werden nicht erneut verlangt
    ok 4 - bekannte Fakten werden nicht erneut verlangt
      ---
      duration_ms: 0.714041
      type: 'test'
      ...
    # Subtest: unterschiedliche Nationalitäten werden nicht vermischt
    ok 5 - unterschiedliche Nationalitäten werden nicht vermischt
      ---
      duration_ms: 2.166584
      type: 'test'
      ...
    # Subtest: gelöschter Traveller entfernt seine Evaluation
    ok 6 - gelöschter Traveller entfernt seine Evaluation
      ---
      duration_ms: 0.330291
      type: 'test'
      ...
    # Subtest: Provider required/not_required/conditional nur über injizierten Port
    ok 7 - Provider required/not_required/conditional nur über injizierten Port
      ---
      duration_ms: 1.087584
      type: 'test'
      ...
    # Subtest: Health Pflicht und Empfehlung bleiben getrennt
    ok 8 - Health Pflicht und Empfehlung bleiben getrennt
      ---
      duration_ms: 0.836667
      type: 'test'
      ...
    # Subtest: Source URL wird validiert
    ok 9 - Source URL wird validiert
      ---
      duration_ms: 0.340041
      type: 'test'
      ...
    # Subtest: Freshness: veralteter Fingerprint ist stale, abgelaufene Gültigkeit recheck
    ok 10 - Freshness: veralteter Fingerprint ist stale, abgelaufene Gültigkeit recheck
      ---
      duration_ms: 0.457084
      type: 'test'
      ...
    # Subtest: Transit ohne belastbare Route bleibt insufficient_context
    ok 11 - Transit ohne belastbare Route bleibt insufficient_context
      ---
      duration_ms: 0.603875
      type: 'test'
      ...
    # Subtest: alle Pflicht-Requirement-Typen werden pro Reisendem und Ziel bewertet
    ok 12 - alle Pflicht-Requirement-Typen werden pro Reisendem und Ziel bewertet
      ---
      duration_ms: 0.50225
      type: 'test'
      ...
    # Subtest: Mehrländerreise erzeugt getrennte Destination-Evaluations
    ok 13 - Mehrländerreise erzeugt getrennte Destination-Evaluations
      ---
      duration_ms: 0.750833
      type: 'test'
      ...
    # Subtest: Destination-, Datums- oder Nationalitätswechsel ändert Official Fingerprint
    ok 14 - Destination-, Datums- oder Nationalitätswechsel ändert Official Fingerprint
      ---
      duration_ms: 0.145458
      type: 'test'
      ...
    # Subtest: explizite Document-Citizenship-Relation ändert den Official Fingerprint
    ok 15 - explizite Document-Citizenship-Relation ändert den Official Fingerprint
      ---
      duration_ms: 0.106583
      type: 'test'
      ...
    # Subtest: Transit-Itinerary macht transit_itinerary nicht mehr missing
    ok 16 - Transit-Itinerary macht transit_itinerary nicht mehr missing
      ---
      duration_ms: 0.203292
      type: 'test'
      ...
    # Subtest: Official Action nur aus validierter HTTPS-Quelle
    ok 17 - Official Action nur aus validierter HTTPS-Quelle
      ---
      duration_ms: 0.84575
      type: 'test'
      ...
    # Subtest: temporär nicht erreichbare Quelle bleibt unknown und nicht required
    ok 18 - temporär nicht erreichbare Quelle bleibt unknown und nicht required
      ---
      duration_ms: 0.962542
      type: 'test'
      ...
    # Subtest: ohne Provider erfindet die Engine keine Transit- oder Health-Aussage
    ok 19 - ohne Provider erfindet die Engine keine Transit- oder Health-Aussage
      ---
      duration_ms: 0.154375
      type: 'test'
      ...
    # Subtest: 2 Traveller × 2 Destinationen bleiben getrennte Evaluations
    ok 20 - 2 Traveller × 2 Destinationen bleiben getrennte Evaluations
      ---
      duration_ms: 1.299125
      type: 'test'
      ...
    # Subtest: required ohne belastbare Evidence bleibt unknown
    ok 21 - required ohne belastbare Evidence bleibt unknown
      ---
      duration_ms: 0.905375
      type: 'test'
      ...
    # Subtest: zwei Transitländer bleiben getrennte Evaluations
    ok 22 - zwei Transitländer bleiben getrennte Evaluations
      ---
      duration_ms: 0.68075
      type: 'test'
      ...
    # Subtest: Provider missingFacts bleiben strukturiert und blockieren required
    ok 23 - Provider missingFacts bleiben strukturiert und blockieren required
      ---
      duration_ms: 0.201916
      type: 'test'
      ...
    # Subtest: bekannte origin_country und transit_itinerary werden nicht erneut verlangt
    ok 24 - bekannte origin_country und transit_itinerary werden nicht erneut verlangt
      ---
      duration_ms: 0.170625
      type: 'test'
      ...
    # Subtest: Official Evidence braucht Provider, Zeit und Authority oder Rule Reference
    ok 25 - Official Evidence braucht Provider, Zeit und Authority oder Rule Reference
      ---
      duration_ms: 0.05175
      type: 'test'
      ...
    # Subtest: async Testprovider liefert strukturierte Evaluations
    ok 26 - async Testprovider liefert strukturierte Evaluations
      ---
      duration_ms: 0.16025
      type: 'test'
      ...
    # Subtest: Provider-Throw bleibt fail closed und nicht required
    ok 27 - Provider-Throw bleibt fail closed und nicht required
      ---
      duration_ms: 0.238959
      type: 'test'
      ...
    # Subtest: teilweises Multi-Transit bleibt vollständig und ignoriert unangefragte Länder
    ok 28 - teilweises Multi-Transit bleibt vollständig und ignoriert unangefragte Länder
      ---
      duration_ms: 0.14325
      type: 'test'
      ...
    # Subtest: vertrauenswürdige Evidence ohne URL darf Result setzen, Action bleibt leer
    ok 29 - vertrauenswürdige Evidence ohne URL darf Result setzen, Action bleibt leer
      ---
      duration_ms: 0.119292
      type: 'test'
      ...
    # Subtest: validFrom, validUntil und Zukunfts-checkedAt bleiben fail closed
    ok 30 - validFrom, validUntil und Zukunfts-checkedAt bleiben fail closed
      ---
      duration_ms: 0.356334
      type: 'test'
      ...
    # Subtest: untrusted Evidence darf freshness nicht current lassen
    ok 31 - untrusted Evidence darf freshness nicht current lassen
      ---
      duration_ms: 2.947917
      type: 'test'
      ...
    # Subtest: Provider-Port trägt option-level Semantik nur über vertrauenswürdige current Evidence
    ok 32 - Provider-Port trägt option-level Semantik nur über vertrauenswürdige current Evidence
      ---
      duration_ms: 1.858958
      type: 'test'
      ...
    # Subtest: widersprüchliche current Provider-Zeilen gleicher Option werden nicht first-wins
    ok 33 - widersprüchliche current Provider-Zeilen gleicher Option werden nicht first-wins
      ---
      duration_ms: 1.160875
      type: 'test'
      ...
    # Subtest: Konflikt einer von drei Optionen erzeugt keinen Winner aus der Restmenge
    ok 34 - Konflikt einer von drei Optionen erzeugt keinen Winner aus der Restmenge
      ---
      duration_ms: 1.822209
      type: 'test'
      ...
    # Subtest: widersprüchliche officialClass derselben Option erzeugt keinen Winner
    ok 35 - widersprüchliche officialClass derselben Option erzeugt keinen Winner
      ---
      duration_ms: 1.814833
      type: 'test'
      ...
    1..35
ok 13 - Travel Requirements Engine
  ---
  duration_ms: 27.596834
  type: 'suite'
  ...
# Subtest: P2-TA-06 Readiness credential normalization
    # Subtest: zwei Dokumente ohne credentialOptions ergeben zwei getrennte Optionen, nicht documents[0]
    ok 1 - zwei Dokumente ohne credentialOptions ergeben zwei getrennte Optionen, nicht documents[0]
      ---
      duration_ms: 0.449625
      type: 'test'
      ...
    # Subtest: leeres credentialOptions-Array kollabiert nicht auf das erste Dokument
    ok 2 - leeres credentialOptions-Array kollabiert nicht auf das erste Dokument
      ---
      duration_ms: 0.150791
      type: 'test'
      ...
    # Subtest: explizit gelieferte credentialOptions bleiben autoritativ
    ok 3 - explizit gelieferte credentialOptions bleiben autoritativ
      ---
      duration_ms: 0.112541
      type: 'test'
      ...
    # Subtest: ohne Dokumente bleibt die explizite :none-Option erhalten
    ok 4 - ohne Dokumente bleibt die explizite :none-Option erhalten
      ---
      duration_ms: 0.094
      type: 'test'
      ...
    # Subtest: Legacy-Singularfelder ohne documents bleiben eine Kompatibilitätsoption
    ok 5 - Legacy-Singularfelder ohne documents bleiben eine Kompatibilitätsoption
      ---
      duration_ms: 0.080833
      type: 'test'
      ...
    # Subtest: Ausstellerland wird nicht still als Staatsbürgerschaft behandelt
    ok 6 - Ausstellerland wird nicht still als Staatsbürgerschaft behandelt
      ---
      duration_ms: 0.080458
      type: 'test'
      ...
    # Subtest: Dokument-Citizenship-Relation bleibt optionsspezifisch
    ok 7 - Dokument-Citizenship-Relation bleibt optionsspezifisch
      ---
      duration_ms: 0.138542
      type: 'test'
      ...
    # Subtest: Reihenfolge der Dokumente erzeugt keinen Default-Pass
    ok 8 - Reihenfolge der Dokumente erzeugt keinen Default-Pass
      ---
      duration_ms: 0.213125
      type: 'test'
      ...
    # Subtest: kollidierende document.clientRef werden nicht still verworfen
    ok 9 - kollidierende document.clientRef werden nicht still verworfen
      ---
      duration_ms: 0.178458
      type: 'test'
      ...
    # Subtest: kanonischer App-Pfad über credentialOptionsAus bleibt 1:n und unverändert
    ok 10 - kanonischer App-Pfad über credentialOptionsAus bleibt 1:n und unverändert
      ---
      duration_ms: 0.548834
      type: 'test'
      ...
    1..10
ok 14 - P2-TA-06 Readiness credential normalization
  ---
  duration_ms: 2.162541
  type: 'suite'
  ...
# Subtest: private Official Evidence store schema
    # Subtest: migration creates only the private Official Evidence objects
    ok 1 - migration creates only the private Official Evidence objects
      ---
      duration_ms: 2.276458
      type: 'test'
      ...
    # Subtest: API roles are revoked and the Data API schema list does not include private
    ok 2 - API roles are revoked and the Data API schema list does not include private
      ---
      duration_ms: 1.333875
      type: 'test'
      ...
    # Subtest: columns stay non-personal and match the typed scope
    ok 3 - columns stay non-personal and match the typed scope
      ---
      duration_ms: 1.817625
      type: 'test'
      ...
    # Subtest: historical v1 SQL formats coexist with current ev2/v3 runtime and unchanged taxonomy
    ok 4 - historical v1 SQL formats coexist with current ev2/v3 runtime and unchanged taxonomy
      ---
      duration_ms: 0.966458
      type: 'test'
      ...
    # Subtest: issuer stays separate from citizenship and the relation must be in the set
    ok 5 - issuer stays separate from citizenship and the relation must be in the set
      ---
      duration_ms: 0.358666
      type: 'test'
      ...
    # Subtest: mode checks fail closed when a required child is null
    ok 6 - mode checks fail closed when a required child is null
      ---
      duration_ms: 0.347291
      type: 'test'
      ...
    # Subtest: date-only and instant validity stay lossless text
    ok 7 - date-only and instant validity stay lossless text
      ---
      duration_ms: 0.604125
      type: 'test'
      ...
    # Subtest: lookup, source history and accepted indexes are present, with no source catalog
    ok 8 - lookup, source history and accepted indexes are present, with no source catalog
      ---
      duration_ms: 0.410458
      type: 'test'
      ...
    1..8
ok 15 - private Official Evidence store schema
  ---
  duration_ms: 8.86425
  type: 'suite'
  ...
# Subtest: Context-Fingerprint
    # Subtest: ist deterministisch
    ok 1 - ist deterministisch
      ---
      duration_ms: 1.929208
      type: 'test'
      ...
    # Subtest: Länderreihenfolge ist irrelevant
    ok 2 - Länderreihenfolge ist irrelevant
      ---
      duration_ms: 0.278209
      type: 'test'
      ...
    # Subtest: Datumsänderung ändert den Fingerprint
    ok 3 - Datumsänderung ändert den Fingerprint
      ---
      duration_ms: 0.254417
      type: 'test'
      ...
    # Subtest: Transitänderung ändert Einreise-Fingerprint, nicht Buchungsbestätigung
    ok 4 - Transitänderung ändert Einreise-Fingerprint, nicht Buchungsbestätigung
      ---
      duration_ms: 0.600333
      type: 'test'
      ...
    # Subtest: Citizenship-Menge ändert Einreise-Fingerprint, Reihenfolge nicht
    ok 5 - Citizenship-Menge ändert Einreise-Fingerprint, Reihenfolge nicht
      ---
      duration_ms: 0.716083
      type: 'test'
      ...
    # Subtest: Dokumentänderung ändert Einreise-Fingerprint, Buchungsbestätigung nicht
    ok 6 - Dokumentänderung ändert Einreise-Fingerprint, Buchungsbestätigung nicht
      ---
      duration_ms: 0.580167
      type: 'test'
      ...
    # Subtest: Mietwagen ändert nur den Versicherungs-Fingerprint
    ok 7 - Mietwagen ändert nur den Versicherungs-Fingerprint
      ---
      duration_ms: 0.466042
      type: 'test'
      ...
    # Subtest: Unterschied nach Zeichen 800 der Rohroute bleibt sichtbar
    ok 8 - Unterschied nach Zeichen 800 der Rohroute bleibt sichtbar
      ---
      duration_ms: 2.805084
      type: 'test'
      ...
    # Subtest: Citizenship, spätes Dokument und Residence bleiben bei langer Route sichtbar
    ok 9 - Citizenship, spätes Dokument und Residence bleiben bei langer Route sichtbar
      ---
      duration_ms: 8.182542
      type: 'test'
      ...
    # Subtest: persistierter v2-Fingerprint macht done nicht fälschlich current
    ok 10 - persistierter v2-Fingerprint macht done nicht fälschlich current
      ---
      duration_ms: 3.173375
      type: 'test'
      ...
    # Subtest: persistierter v3-Fingerprint macht done nicht fälschlich current
    ok 11 - persistierter v3-Fingerprint macht done nicht fälschlich current
      ---
      duration_ms: 0.74125
      type: 'test'
      ...
    1..11
ok 16 - Context-Fingerprint
  ---
  duration_ms: 20.984042
  type: 'suite'
  ...
# Subtest: R10 Blocker 23 – Credential-Bedeutung
    # Subtest: Ref→Country-Tausch ändert den Fingerprint, Array-Reihenfolge nicht
    ok 1 - Ref→Country-Tausch ändert den Fingerprint, Array-Reihenfolge nicht
      ---
      duration_ms: 0.663333
      type: 'test'
      ...
    # Subtest: Dokument wechselt die aufgelöste Citizenship CH→RS
    ok 2 - Dokument wechselt die aufgelöste Citizenship CH→RS
      ---
      duration_ms: 0.538625
      type: 'test'
      ...
    # Subtest: mehrere Dokumente bleiben order-invariant und ohne Passnummern
    ok 3 - mehrere Dokumente bleiben order-invariant und ohne Passnummern
      ---
      duration_ms: 0.904125
      type: 'test'
      ...
    # Subtest: opaque Refs mit Trennzeichen erzeugen keine strukturelle Kollision
    ok 4 - opaque Refs mit Trennzeichen erzeugen keine strukturelle Kollision
      ---
      duration_ms: 0.557333
      type: 'test'
      ...
    1..4
ok 17 - R10 Blocker 23 – Credential-Bedeutung
  ---
  duration_ms: 3.09525
  type: 'suite'
  ...
# Subtest: Readiness-Kontext und Stale-Logik
    # Subtest: Ziel-Land geändert → alter Check nicht mehr aktuell
    ok 1 - Ziel-Land geändert → alter Check nicht mehr aktuell
      ---
      duration_ms: 4.109958
      type: 'test'
      ...
    # Subtest: Datum geändert → relevanter Check stale
    ok 2 - Datum geändert → relevanter Check stale
      ---
      duration_ms: 1.203583
      type: 'test'
      ...
    # Subtest: gleiches Land mehrfach → keine Duplikate
    ok 3 - gleiches Land mehrfach → keine Duplikate
      ---
      duration_ms: 0.464875
      type: 'test'
      ...
    # Subtest: Abreiseort-Name ist kein Origin-Ländercode und kein Transit
    ok 4 - Abreiseort-Name ist kein Origin-Ländercode und kein Transit
      ---
      duration_ms: 1.897041
      type: 'test'
      ...
    # Subtest: fehlender Country Code → unknown, kein Guess
    ok 5 - fehlender Country Code → unknown, kein Guess
      ---
      duration_ms: 0.636583
      type: 'test'
      ...
    # Subtest: gebuchter Planpunkt ersetzt → Confirmation nicht aktuell
    ok 6 - gebuchter Planpunkt ersetzt → Confirmation nicht aktuell
      ---
      duration_ms: 1.327791
      type: 'test'
      ...
    # Subtest: booked → Confirmation nicht automatisch done
    ok 7 - booked → Confirmation nicht automatisch done
      ---
      duration_ms: 0.994625
      type: 'test'
      ...
    # Subtest: unconfirmed → kein booked-confirmation Fakt
    ok 8 - unconfirmed → kein booked-confirmation Fakt
      ---
      duration_ms: 0.743959
      type: 'test'
      ...
    1..8
ok 18 - Readiness-Kontext und Stale-Logik
  ---
  duration_ms: 12.1165
  type: 'suite'
  ...
# Subtest: P1-TA-02 Official Option-Scope / Presentation Truth
    # Subtest: 1. ein Traveller, eine Citizenship, ein Dokument bleibt korrekt
    ok 1 - 1. ein Traveller, eine Citizenship, ein Dokument bleibt korrekt
      ---
      duration_ms: 1.967041
      type: 'test'
      ...
    # Subtest: 2. ein Traveller, zwei Citizenships / Optionen kollabiert nicht auf die erste
    ok 2 - 2. ein Traveller, zwei Citizenships / Optionen kollabiert nicht auf die erste
      ---
      duration_ms: 0.183333
      type: 'test'
      ...
    # Subtest: 3. ein Traveller, mehrere Dokumente / Credential-Optionen
    ok 3 - 3. ein Traveller, mehrere Dokumente / Credential-Optionen
      ---
      duration_ms: 0.112709
      type: 'test'
      ...
    # Subtest: 4. zwei Traveller mit unterschiedlichen Citizenships
    ok 4 - 4. zwei Traveller mit unterschiedlichen Citizenships
      ---
      duration_ms: 0.08625
      type: 'test'
      ...
    # Subtest: 5. zwei Traveller mit unterschiedlichen Evaluation-Status
    ok 5 - 5. zwei Traveller mit unterschiedlichen Evaluation-Status
      ---
      duration_ms: 0.169584
      type: 'test'
      ...
    # Subtest: 6. zwei Credential-Optionen mit unterschiedlichem Status/Kontext
    ok 6 - 6. zwei Credential-Optionen mit unterschiedlichem Status/Kontext
      ---
      duration_ms: 0.204333
      type: 'test'
      ...
    # Subtest: 7. mehrere Destination Countries werden nicht auf die erste reduziert
    ok 7 - 7. mehrere Destination Countries werden nicht auf die erste reduziert
      ---
      duration_ms: 0.086292
      type: 'test'
      ...
    # Subtest: 8. Transit + Destination bleiben getrennte Scopes
    ok 8 - 8. Transit + Destination bleiben getrennte Scopes
      ---
      duration_ms: 0.147292
      type: 'test'
      ...
    # Subtest: 9. fehlende Nationality bleibt fail-closed
    ok 9 - 9. fehlende Nationality bleibt fail-closed
      ---
      duration_ms: 1.729167
      type: 'test'
      ...
    # Subtest: 10. fehlendes Dokument erzeugt keine Default-Pass-Wahrheit
    ok 10 - 10. fehlendes Dokument erzeugt keine Default-Pass-Wahrheit
      ---
      duration_ms: 0.599417
      type: 'test'
      ...
    # Subtest: 11. Provider unavailable bleibt unavailable und ohne Authority
    ok 11 - 11. Provider unavailable bleibt unavailable und ohne Authority
      ---
      duration_ms: 0.07575
      type: 'test'
      ...
    # Subtest: 12. stale / current gemischt bleibt fail-closed in der Compatibility-Lage
    ok 12 - 12. stale / current gemischt bleibt fail-closed in der Compatibility-Lage
      ---
      duration_ms: 1.444084
      type: 'test'
      ...
    # Subtest: 13. Reihenfolge A,B und B,A liefert dieselbe Aggregat-Bedeutung
    ok 13 - 13. Reihenfolge A,B und B,A liefert dieselbe Aggregat-Bedeutung
      ---
      duration_ms: 0.541792
      type: 'test'
      ...
    # Subtest: 14. kein Evaluations-Eintrag bleibt leer / unavailable
    ok 14 - 14. kein Evaluations-Eintrag bleibt leer / unavailable
      ---
      duration_ms: 0.054625
      type: 'test'
      ...
    # Subtest: 15. Item für Traveller A erhält nicht Evaluation von Traveller B
    ok 15 - 15. Item für Traveller A erhält nicht Evaluation von Traveller B
      ---
      duration_ms: 0.045625
      type: 'test'
      ...
    # Subtest: 16. Item für Destination X erhält nicht Evaluation von Destination Y
    ok 16 - 16. Item für Destination X erhält nicht Evaluation von Destination Y
      ---
      duration_ms: 0.035416
      type: 'test'
      ...
    # Subtest: 17. keine erfundene Authority / Source / checkedAt aus fremder Option
    ok 17 - 17. keine erfundene Authority / Source / checkedAt aus fremder Option
      ---
      duration_ms: 0.988875
      type: 'test'
      ...
    # Subtest: 18. result bleibt fail-closed ohne eindeutige Hard Truth
    ok 18 - 18. result bleibt fail-closed ohne eindeutige Hard Truth
      ---
      duration_ms: 0.042834
      type: 'test'
      ...
    # Subtest: 19. kein documents[0]-Fallback in diesem Slice; kanonischer Option-Pfad bleibt 1:n
    ok 19 - 19. kein documents[0]-Fallback in diesem Slice; kanonischer Option-Pfad bleibt 1:n
      ---
      duration_ms: 0.899667
      type: 'test'
      ...
    # Subtest: 20. Summary und API-Compatibility sind permutationsstabil und nicht first-eval
    ok 20 - 20. Summary und API-Compatibility sind permutationsstabil und nicht first-eval
      ---
      duration_ms: 3.359708
      type: 'test'
      ...
    1..20
ok 19 - P1-TA-02 Official Option-Scope / Presentation Truth
  ---
  duration_ms: 13.950542
  type: 'suite'
  ...
# Subtest: Official Truth candidate evidence acceptance
    # Subtest: die Annahme läuft nur über den neu gebauten Kandidaten und die bestehende Funktion
    ok 1 - die Annahme läuft nur über den neu gebauten Kandidaten und die bestehende Funktion
      ---
      duration_ms: 1.63925
      type: 'test'
      ...
    # Subtest: gültiger Abruf wird angenommene amtliche Evidence und behält Provenienz und Scope
    ok 2 - gültiger Abruf wird angenommene amtliche Evidence und behält Provenienz und Scope
      ---
      duration_ms: 52.438333
      type: 'test'
      ...
    # Subtest: Fenster und Notiz bleiben am Kandidaten, die Annahme ändert nur den Stand
    ok 3 - Fenster und Notiz bleiben am Kandidaten, die Annahme ändert nur den Stand
      ---
      duration_ms: 53.36225
      type: 'test'
      ...
    # Subtest: ein vom Aufrufer gebautes Evidence-Objekt ist keine Eingabe
    ok 4 - ein vom Aufrufer gebautes Evidence-Objekt ist keine Eingabe
      ---
      duration_ms: 5.182334
      type: 'test'
      ...
    # Subtest: ein veränderter Umschlag oder eine verbotene Extraktion scheitert über die Kandidatenbrücke
    ok 5 - ein veränderter Umschlag oder eine verbotene Extraktion scheitert über die Kandidatenbrücke
      ---
      duration_ms: 7.071708
      type: 'test'
      ...
    # Subtest: persönliche und entscheidende Extraktion scheitert ohne Echo und ohne Regelwirkung
    ok 6 - persönliche und entscheidende Extraktion scheitert ohne Echo und ohne Regelwirkung
      ---
      duration_ms: 7.039292
      type: 'test'
      ...
    # Subtest: zwei Pässe bleiben zwei Annahmen und behalten beide Staatsbürgerschaften
    ok 7 - zwei Pässe bleiben zwei Annahmen und behalten beide Staatsbürgerschaften
      ---
      duration_ms: 1.304875
      type: 'test'
      ...
    # Subtest: Eingabe und Extraktion bleiben unverändert
    ok 8 - Eingabe und Extraktion bleiben unverändert
      ---
      duration_ms: 0.684792
      type: 'test'
      ...
    1..8
ok 20 - Official Truth candidate evidence acceptance
  ---
  duration_ms: 129.652292
  type: 'suite'
  ...
# Subtest: Official Truth autonomous pre-acceptance witness
    # Subtest: der Live-Einstieg ist der Lader und die Naht ist kein zweiter Einstieg
    ok 1 - der Live-Einstieg ist der Lader und die Naht ist kein zweiter Einstieg
      ---
      duration_ms: 59.679584
      type: 'test'
      ...
    # Subtest: verweigerte Autorität liest den Katalog nicht und liefert keinen Zeugen
    ok 2 - verweigerte Autorität liest den Katalog nicht und liefert keinen Zeugen
      ---
      duration_ms: 18.427458
      type: 'test'
      ...
    # Subtest: Break-Glass und eine falsche Freigabe lesen den Katalog nicht
    ok 3 - Break-Glass und eine falsche Freigabe lesen den Katalog nicht
      ---
      duration_ms: 1.480416
      type: 'test'
      ...
    # Subtest: ein fehlender oder fehlgeschlagener Katalog liefert keinen Zeugen
    ok 4 - ein fehlender oder fehlgeschlagener Katalog liefert keinen Zeugen
      ---
      duration_ms: 49.457292
      type: 'test'
      ...
    # Subtest: Aufrufer-Registry und Quellenautorität werden vor dem Katalog abgelehnt
    ok 5 - Aufrufer-Registry und Quellenautorität werden vor dem Katalog abgelehnt
      ---
      duration_ms: 6.167291
      type: 'test'
      ...
    # Subtest: Rolle, Uhr, Schlüssel, Fakt und Vorschlag des Aufrufers werden abgelehnt
    ok 6 - Rolle, Uhr, Schlüssel, Fakt und Vorschlag des Aufrufers werden abgelehnt
      ---
      duration_ms: 14.887792
      type: 'test'
      ...
    # Subtest: eine erfolgreiche Neubewertung liest den Katalog einmal und bindet dieselbe Zelle
    ok 7 - eine erfolgreiche Neubewertung liest den Katalog einmal und bindet dieselbe Zelle
      ---
      duration_ms: 9.5655
      type: 'test'
      ...
    # Subtest: Frische ausserhalb von current scheitert geschlossen
    ok 8 - Frische ausserhalb von current scheitert geschlossen
      ---
      duration_ms: 9.266417
      type: 'test'
      ...
    # Subtest: eine ungültige Serveruhr liest den Katalog nicht
    ok 9 - eine ungültige Serveruhr liest den Katalog nicht
      ---
      duration_ms: 2.361
      type: 'test'
      ...
    # Subtest: nur annehmbare aktuelle Qualität liefert den engen Zeugen
    ok 10 - nur annehmbare aktuelle Qualität liefert den engen Zeugen
      ---
      duration_ms: 7.432917
      type: 'test'
      ...
    # Subtest: Forschungslücke, veraltete Evidenz und ungelöster Konflikt liefern keinen Zeugen
    ok 11 - Forschungslücke, veraltete Evidenz und ungelöster Konflikt liefern keinen Zeugen
      ---
      duration_ms: 12.700875
      type: 'test'
      ...
    # Subtest: zwei Credential-Optionen bleiben zwei Zellen und werden kein Zeuge
    ok 12 - zwei Credential-Optionen bleiben zwei Zellen und werden kein Zeuge
      ---
      duration_ms: 3.254125
      type: 'test'
      ...
    # Subtest: umgekehrte Stützreihenfolge bleibt dieselbe review-packet:v2 Identität
    ok 13 - umgekehrte Stützreihenfolge bleibt dieselbe review-packet:v2 Identität
      ---
      duration_ms: 15.754958
      type: 'test'
      ...
    # Subtest: eine Aufruferuhr macht einen zukünftigen Abruf nicht aktuell
    ok 14 - eine Aufruferuhr macht einen zukünftigen Abruf nicht aktuell
      ---
      duration_ms: 0.475458
      type: 'test'
      ...
    # Subtest: die Aufruferuhr beeinflusst den autonomen Zeugen nicht
    ok 15 - die Aufruferuhr beeinflusst den autonomen Zeugen nicht
      ---
      duration_ms: 1.70075
      type: 'test'
      ...
    1..15
ok 21 - Official Truth autonomous pre-acceptance witness
  ---
  duration_ms: 214.20725
  type: 'suite'
  ...
# Subtest: Official Truth candidate batch validator
    # Subtest: der Validator hat keinen Import-, Netz- oder Datenbankpfad
    ok 1 - der Validator hat keinen Import-, Netz- oder Datenbankpfad
      ---
      duration_ms: 1.841709
      type: 'test'
      ...
    # Subtest: genaue Forschungsstatus werden angenommen und nicht als Import ausgegeben
    ok 2 - genaue Forschungsstatus werden angenommen und nicht als Import ausgegeben
      ---
      duration_ms: 0.714416
      type: 'test'
      ...
    # Subtest: Import, Official Truth und Annahme werden abgelehnt
    ok 3 - Import, Official Truth und Annahme werden abgelehnt
      ---
      duration_ms: 0.7395
      type: 'test'
      ...
    # Subtest: explizite und zusammengesetzte Quellen haben die kanonische Mindestzahl
    ok 4 - explizite und zusammengesetzte Quellen haben die kanonische Mindestzahl
      ---
      duration_ms: 3.606584
      type: 'test'
      ...
    # Subtest: ein Aktionslink stützt keine Quelle und wird nicht umgeschrieben
    ok 5 - ein Aktionslink stützt keine Quelle und wird nicht umgeschrieben
      ---
      duration_ms: 0.148083
      type: 'test'
      ...
    # Subtest: utm-Parameter scheitern, ohne den Parameterwert zu wiederholen
    ok 6 - utm-Parameter scheitern, ohne den Parameterwert zu wiederholen
      ---
      duration_ms: 0.511542
      type: 'test'
      ...
    # Subtest: retrievedAt nutzt nur die injizierte UTC-Uhr
    ok 7 - retrievedAt nutzt nur die injizierte UTC-Uhr
      ---
      duration_ms: 0.259292
      type: 'test'
      ...
    # Subtest: Gültigkeit bleibt leer oder datumsgenau und geordnet
    ok 8 - Gültigkeit bleibt leer oder datumsgenau und geordnet
      ---
      duration_ms: 0.343625
      type: 'test'
      ...
    # Subtest: Lücke, Widerspruch und veraltete Primärquelle werden nicht zu Wahrheit
    ok 9 - Lücke, Widerspruch und veraltete Primärquelle werden nicht zu Wahrheit
      ---
      duration_ms: 0.299792
      type: 'test'
      ...
    # Subtest: persönliche Schlüssel scheitern ohne Wert-Echo
    ok 10 - persönliche Schlüssel scheitern ohne Wert-Echo
      ---
      duration_ms: 5.517584
      type: 'test'
      ...
    # Subtest: Staatsbürgerschaft wird nicht aus Wohnsitz oder Aussteller gelesen
    ok 11 - Staatsbürgerschaft wird nicht aus Wohnsitz oder Aussteller gelesen
      ---
      duration_ms: 0.329042
      type: 'test'
      ...
    # Subtest: mehrere Ziele bleiben in der gegebenen Reihenfolge und die Eingabe bleibt unverändert
    ok 12 - mehrere Ziele bleiben in der gegebenen Reihenfolge und die Eingabe bleibt unverändert
      ---
      duration_ms: 0.128167
      type: 'test'
      ...
    # Subtest: unsichere oder lokale URLs scheitern, ohne Geheimnisse zu wiederholen
    ok 13 - unsichere oder lokale URLs scheitern, ohne Geheimnisse zu wiederholen
      ---
      duration_ms: 0.136042
      type: 'test'
      ...
    1..13
ok 22 - Official Truth candidate batch validator
  ---
  duration_ms: 15.231875
  type: 'suite'
  ...
# Subtest: catalog hardening migration is a single transaction with no identity rewrite or runtime profile writer
ok 23 - catalog hardening migration is a single transaction with no identity rewrite or runtime profile writer
  ---
  duration_ms: 1.773208
  type: 'test'
  ...
# Subtest: catalog hardening: disposable PostgreSQL upgrade, raw RPC and eligibility proof
not ok 24 - catalog hardening: disposable PostgreSQL upgrade, raw RPC and eligibility proof
  ---
  duration_ms: 9.407208
  type: 'test'
  location: '/Users/sasa/Documents/Codex/2026-10-06/du-arbeitest-als-product-ux-qa/work/jetnity/lib/readiness/official-truth-catalog-hardening-schema.test.ts:4:4500'
  failureType: 'testCodeFailure'
  error: 'spawnSync /usr/lib/postgresql/16/bin/initdb ENOENT'
  code: 'ENOENT'
  stack: |-
    Object.spawnSync (node:internal/child_process:1120:20)
    spawnSync (node:child_process:902:24)
    execFileSync (node:child_process:945:15)
    cluster (/Users/sasa/Documents/Codex/2026-10-06/du-arbeitest-als-product-ux-qa/work/jetnity/lib/readiness/official-truth-catalog-hardening-schema.test.ts:62:5)
    TestContext.<anonymous> (/Users/sasa/Documents/Codex/2026-10-06/du-arbeitest-als-product-ux-qa/work/jetnity/lib/readiness/official-truth-catalog-hardening-schema.test.ts:139:14)
    Test.runInAsyncScope (node:async_hooks:214:14)
    Test.run (node:internal/test_runner/test:1047:25)
    Test.processPendingSubtests (node:internal/test_runner/test:744:18)
    Test.postRun (node:internal/test_runner/test:1173:19)
    Test.run (node:internal/test_runner/test:1101:12)
  ...
# Subtest: Kompositionspolitik-Fundament
    # Subtest: das Produktionsregister ist leer und eingefroren
    ok 1 - das Produktionsregister ist leer und eingefroren
      ---
      duration_ms: 3.93175
      type: 'test'
      ...
    # Subtest: Aufruferpolitik, falsche und nicht aktuelle Versionen scheitern vor HTTP
    ok 2 - Aufruferpolitik, falsche und nicht aktuelle Versionen scheitern vor HTTP
      ---
      duration_ms: 9.111625
      type: 'test'
      ...
    # Subtest: keine und mehrdeutige Kandidaten laufen ohne Abruf und ohne Medientyp
    ok 3 - keine und mehrdeutige Kandidaten laufen ohne Abruf und ohne Medientyp
      ---
      duration_ms: 3.594084
      type: 'test'
      ...
    # Subtest: zwei Politiken mit demselben Vor-HTTP-Schlüssel und verschiedenem Schema-Pin sind duplicate_policy_match
    ok 4 - zwei Politiken mit demselben Vor-HTTP-Schlüssel und verschiedenem Schema-Pin sind duplicate_policy_match
      ---
      duration_ms: 4.058792
      type: 'test'
      ...
    # Subtest: eine URL außerhalb der einzigen Allowlist scheitert vor HTTP
    ok 5 - eine URL außerhalb der einzigen Allowlist scheitert vor HTTP
      ---
      duration_ms: 2.438167
      type: 'test'
      ...
    # Subtest: Medientyp und Schema wählen keine andere Definition
    ok 6 - Medientyp und Schema wählen keine andere Definition
      ---
      duration_ms: 14.311459
      type: 'test'
      ...
    # Subtest: dieselbe Quelle, Wiederholung und Stütz-Permutation
    ok 7 - dieselbe Quelle, Wiederholung und Stütz-Permutation
      ---
      duration_ms: 8.708292
      type: 'test'
      ...
    # Subtest: ein erfolgreiches Siegel übersteht kein JSON und kein Plain-Object
    ok 8 - ein erfolgreiches Siegel übersteht kein JSON und kein Plain-Object
      ---
      duration_ms: 4.907583
      type: 'test'
      ...
    # Subtest: fehlende Zuweisung, Konflikt und Doppelwert
    ok 9 - fehlende Zuweisung, Konflikt und Doppelwert
      ---
      duration_ms: 26.355833
      type: 'test'
      ...
    # Subtest: CR-2 ohne quellenbezogene Beobachtungen gibt es keinen Erfolgspfad
    ok 10 - CR-2 ohne quellenbezogene Beobachtungen gibt es keinen Erfolgspfad
      ---
      duration_ms: 20.929209
      type: 'test'
      ...
    # Subtest: CR-2 equal_values verlangt Vollständigkeit und Gleichheit
    ok 11 - CR-2 equal_values verlangt Vollständigkeit und Gleichheit
      ---
      duration_ms: 9.050333
      type: 'test'
      ...
    # Subtest: CR-3 der gesiegelte Fakt ist tief unveränderlich
    ok 12 - CR-3 der gesiegelte Fakt ist tief unveränderlich
      ---
      duration_ms: 14.394375
      type: 'test'
      ...
    # Subtest: CR-1 die Kompositionsschicht führt keinen zweiten Extraktorstapel
    ok 13 - CR-1 die Kompositionsschicht führt keinen zweiten Extraktorstapel
      ---
      duration_ms: 0.460084
      type: 'test'
      ...
    # Subtest: Schema-1-Locators, Stützen und das Siegel bleiben support-stabil
    ok 14 - Schema-1-Locators, Stützen und das Siegel bleiben support-stabil
      ---
      duration_ms: 75.302833
      type: 'test'
      ...
    # Subtest: Zitatfehler bleiben geschlossen
    ok 15 - Zitatfehler bleiben geschlossen
      ---
      duration_ms: 30.604208
      type: 'test'
      ...
    # Subtest: kein Prädikat, keine Annahme, kein Speicher und kein Netz
    ok 16 - kein Prädikat, keine Annahme, kein Speicher und kein Netz
      ---
      duration_ms: 0.517458
      type: 'test'
      ...
    1..16
ok 25 - Kompositionspolitik-Fundament
  ---
  duration_ms: 229.962375
  type: 'suite'
  ...
# Subtest: R2 coordinated dormant runtime
    # Subtest: R2 runtime imports perform no DB or network call with the single identity profile available
    ok 1 - R2 runtime imports perform no DB or network call with the single identity profile available
      ---
      duration_ms: 476.573
      type: 'test'
      ...
    # Subtest: R2 caller proof and profile witnesses cannot replace server-held authority
    ok 2 - R2 caller proof and profile witnesses cannot replace server-held authority
      ---
      duration_ms: 0.965417
      type: 'test'
      ...
    # Subtest: R2 activates only one identity profile; extractor, composition and region pins remain empty
    ok 3 - R2 activates only one identity profile; extractor, composition and region pins remain empty
      ---
      duration_ms: 0.519125
      type: 'test'
      ...
    # Subtest: R2 exact registered URLs route to separate renderings; authority sibling is ineligible
    ok 4 - R2 exact registered URLs route to separate renderings; authority sibling is ineligible
      ---
      duration_ms: 0.313375
      type: 'test'
      ...
    # Subtest: R2 catalog reads one complete frozen snapshot and round-trips blocked domains
    ok 5 - R2 catalog reads one complete frozen snapshot and round-trips blocked domains
      ---
      duration_ms: 1.009
      type: 'test'
      ...
    # Subtest: R2 explicit empty catalog is valid, but cannot make an item eligible
    ok 6 - R2 explicit empty catalog is valid, but cannot make an item eligible
      ---
      duration_ms: 0.118083
      type: 'test'
      ...
    # Subtest: R2 malformed, missing, v1 and inconsistent catalog responses are unavailable
    ok 7 - R2 malformed, missing, v1 and inconsistent catalog responses are unavailable
      ---
      duration_ms: 0.463333
      type: 'test'
      ...
    # Subtest: R2 fresh retrieval verifies exact body identity before any legal extractor
    ok 8 - R2 fresh retrieval verifies exact body identity before any legal extractor
      ---
      duration_ms: 3.811084
      type: 'test'
      ...
    # Subtest: R2 replay starts at an exact registered request URL when the final URL is final-only
    ok 9 - R2 replay starts at an exact registered request URL when the final URL is final-only
      ---
      duration_ms: 19.834667
      type: 'test'
      ...
    # Subtest: R2 caller-invented item/profile binding is rejected before catalog or HTTP
    ok 10 - R2 caller-invented item/profile binding is rejected before catalog or HTTP
      ---
      duration_ms: 0.2885
      type: 'test'
      ...
    # Subtest: R2 same-host redirects cannot cross to another item or unregistered sibling
    ok 11 - R2 same-host redirects cannot cross to another item or unregistered sibling
      ---
      duration_ms: 1.116833
      type: 'test'
      ...
    # Subtest: R2 absent or wrong profile version fails before HTTP and legal selection
    ok 12 - R2 absent or wrong profile version fails before HTTP and legal selection
      ---
      duration_ms: 4.721459
      type: 'test'
      ...
    # Subtest: R2 response item/publisher/authority/representation mismatch blocks before legal selection
    ok 13 - R2 response item/publisher/authority/representation mismatch blocks before legal selection
      ---
      duration_ms: 9.798791
      type: 'test'
      ...
    # Subtest: R2 canonical ev2/v3 identity is deterministic and distinguishes items and representations with identical text
    ok 14 - R2 canonical ev2/v3 identity is deterministic and distinguishes items and representations with identical text
      ---
      duration_ms: 1.373833
      type: 'test'
      ...
    # Subtest: R2 old ev1/lookup-v2 and every substituted identity field fail accepted Evidence reproof
    ok 15 - R2 old ev1/lookup-v2 and every substituted identity field fail accepted Evidence reproof
      ---
      duration_ms: 0.7665
      type: 'test'
      ...
    # Subtest: R2 two distinct items under one authority reach proof, extraction and composition seal
    ok 16 - R2 two distinct items under one authority reach proof, extraction and composition seal
      ---
      duration_ms: 12.569125
      type: 'test'
      ...
    # Subtest: R2 HTML/API of one item and hidden larger-set duplicates never inflate supports
    ok 17 - R2 HTML/API of one item and hidden larger-set duplicates never inflate supports
      ---
      duration_ms: 15.739584
      type: 'test'
      ...
    # Subtest: R2 Rule acceptance counts content items, preserving ev2 support version ids
    ok 18 - R2 Rule acceptance counts content items, preserving ev2 support version ids
      ---
      duration_ms: 1.747583
      type: 'test'
      ...
    # Subtest: R2 replay rejects every substituted item/representation/profile binding before extraction
    ok 19 - R2 replay rejects every substituted item/representation/profile binding before extraction
      ---
      duration_ms: 24.266541
      type: 'test'
      ...
    # Subtest: R2 single-item extraction retains exact identity in evidence, proof, retrieval and provenance
    ok 20 - R2 single-item extraction retains exact identity in evidence, proof, retrieval and provenance
      ---
      duration_ms: 4.72675
      type: 'test'
      ...
    # Subtest: R2 refresh cannot cross content items or HTML/API streams
    ok 21 - R2 refresh cannot cross content items or HTML/API streams
      ---
      duration_ms: 0.876416
      type: 'test'
      ...
    # Subtest: R2 review format changes and old review identity cannot authorize an R2 packet
    ok 22 - R2 review format changes and old review identity cannot authorize an R2 packet
      ---
      duration_ms: 2.60875
      type: 'test'
      ...
    # Subtest: R2 store sends the entire identity tuple through v2 only and missing RPC fails closed
    ok 23 - R2 store sends the entire identity tuple through v2 only and missing RPC fails closed
      ---
      duration_ms: 0.943083
      type: 'test'
      ...
    # Subtest: R2 witness public projection stays narrow and supplies no item/profile authority
    ok 24 - R2 witness public projection stays narrow and supplies no item/profile authority
      ---
      duration_ms: 1.885625
      type: 'test'
      ...
    1..24
ok 26 - R2 coordinated dormant runtime
  ---
  duration_ms: 587.874958
  type: 'suite'
  ...
# Subtest: S1 static safety: CLI filename, transaction, no seed or live/runtime activation
ok 27 - S1 static safety: CLI filename, transaction, no seed or live/runtime activation
  ---
  duration_ms: 13.210917
  type: 'test'
  ...
# Subtest: S1 disposable PostgreSQL 16: cutover, private contracts, atomic RPCs and races
not ok 28 - S1 disposable PostgreSQL 16: cutover, private contracts, atomic RPCs and races
  ---
  duration_ms: 8.711541
  type: 'test'
  location: '/Users/sasa/Documents/Codex/2026-10-06/du-arbeitest-als-product-ux-qa/work/jetnity/lib/readiness/official-truth-content-identity-schema-v2.test.ts:4:1284'
  failureType: 'testCodeFailure'
  error: 'spawnSync /usr/lib/postgresql/16/bin/initdb ENOENT'
  code: 'ENOENT'
  stack: |-
    Object.spawnSync (node:internal/child_process:1120:20)
    spawnSync (node:child_process:902:24)
    execFileSync (node:child_process:945:15)
    cluster (/Users/sasa/Documents/Codex/2026-10-06/du-arbeitest-als-product-ux-qa/work/jetnity/lib/readiness/official-truth-content-identity-schema-v2.test.ts:140:5)
    TestContext.<anonymous> (/Users/sasa/Documents/Codex/2026-10-06/du-arbeitest-als-product-ux-qa/work/jetnity/lib/readiness/official-truth-content-identity-schema-v2.test.ts:174:14)
    Test.runInAsyncScope (node:async_hooks:214:14)
    Test.run (node:internal/test_runner/test:1047:25)
    Test.processPendingSubtests (node:internal/test_runner/test:744:18)
    Test.postRun (node:internal/test_runner/test:1173:19)
    Test.run (node:internal/test_runner/test:1101:12)
  ...
# Subtest: Content Identity exact registered-host boundary
    # Subtest: general source resolution still accepts descendants; content identity requires explicit hosts
    ok 1 - general source resolution still accepts descendants; content identity requires explicit hosts
      ---
      duration_ms: 4.16025
      type: 'test'
      ...
    # Subtest: explicit host remains usable alongside a parent domain; parent/child blocking remains fail-closed
    ok 2 - explicit host remains usable alongside a parent domain; parent/child blocking remains fail-closed
      ---
      duration_ms: 0.270209
      type: 'test'
      ...
    1..2
ok 29 - Content Identity exact registered-host boundary
  ---
  duration_ms: 4.900208
  type: 'suite'
  ...
# Subtest: content support identity is an authority-scoped pair
    # Subtest: two items on one authority, and the same local id on two authorities, stay distinct
    ok 1 - two items on one authority, and the same local id on two authorities, stay distinct
      ---
      duration_ms: 0.18025
      type: 'test'
      ...
    # Subtest: HTML/API streams share exactly one support; a repeated pair fails instead of deduplicating
    ok 2 - HTML/API streams share exactly one support; a repeated pair fails instead of deduplicating
      ---
      duration_ms: 0.199709
      type: 'test'
      ...
    # Subtest: sort is source then item, independent of input and object key order
    ok 3 - sort is source then item, independent of input and object key order
      ---
      duration_ms: 0.108583
      type: 'test'
      ...
    # Subtest: strict bounded ids, exact shapes, nonempty bounded support lists
    ok 4 - strict bounded ids, exact shapes, nonempty bounded support lists
      ---
      duration_ms: 0.141875
      type: 'test'
      ...
    1..4
ok 30 - content support identity is an authority-scoped pair
  ---
  duration_ms: 0.701917
  type: 'suite'
  ...
# Subtest: complete fail-closed content identity graph
    # Subtest: two items under one source plus two renderings and another authority are valid
    ok 1 - two items under one source plus two renderings and another authority are valid
      ---
      duration_ms: 0.269042
      type: 'test'
      ...
    # Subtest: empty catalog is valid and makes no publication eligible
    ok 2 - empty catalog is valid and makes no publication eligible
      ---
      duration_ms: 0.063333
      type: 'test'
      ...
    # Subtest: external identity cannot inflate supports, including historical rows and reversed order
    ok 3 - external identity cannot inflate supports, including historical rows and reversed order
      ---
      duration_ms: 0.15875
      type: 'test'
      ...
    # Subtest: duplicate item versions and multiple current versions fail
    ok 4 - duplicate item versions and multiple current versions fail
      ---
      duration_ms: 0.150666
      type: 'test'
      ...
    # Subtest: every representation binds an existing exact item version, and current binds current
    ok 5 - every representation binds an existing exact item version, and current binds current
      ---
      duration_ms: 0.163292
      type: 'test'
      ...
    # Subtest: duplicate representation versions and current stream versions fail
    ok 6 - duplicate representation versions and current stream versions fail
      ---
      duration_ms: 0.094792
      type: 'test'
      ...
    # Subtest: format or locale changes require another representation stream
    ok 7 - format or locale changes require another representation stream
      ---
      duration_ms: 0.089167
      type: 'test'
      ...
    # Subtest: URL collision between items or streams fails in either order
    ok 8 - URL collision between items or streams fails in either order
      ---
      duration_ms: 0.167542
      type: 'test'
      ...
    # Subtest: final-only URLs participate in uniqueness and resolution
    ok 9 - final-only URLs participate in uniqueness and resolution
      ---
      duration_ms: 0.110708
      type: 'test'
      ...
    # Subtest: historical URL reservation forbids another item or representation; old URL is not current
    ok 10 - historical URL reservation forbids another item or representation; old URL is not current
      ---
      duration_ms: 0.137541
      type: 'test'
      ...
    # Subtest: same-domain sibling and different query remain unregistered; fragments are not request identity
    ok 11 - same-domain sibling and different query remain unregistered; fragments are not request identity
      ---
      duration_ms: 0.091125
      type: 'test'
      ...
    # Subtest: source boundary, blocked domains and providers cannot be bypassed
    ok 12 - source boundary, blocked domains and providers cannot be bypassed
      ---
      duration_ms: 0.262
      type: 'test'
      ...
    # Subtest: invalid authority registries fail, rather than selecting first matching domain
    ok 13 - invalid authority registries fail, rather than selecting first matching domain
      ---
      duration_ms: 0.043542
      type: 'test'
      ...
    # Subtest: noncanonical or forbidden descriptor URL: http://gov.example/a
    ok 14 - noncanonical or forbidden descriptor URL: http://gov.example/a
      ---
      duration_ms: 0.059208
      type: 'test'
      ...
    # Subtest: noncanonical or forbidden descriptor URL: https://user:password@gov.example/a
    ok 15 - noncanonical or forbidden descriptor URL: https://user:password@gov.example/a
      ---
      duration_ms: 0.055917
      type: 'test'
      ...
    # Subtest: noncanonical or forbidden descriptor URL: https://localhost/a
    ok 16 - noncanonical or forbidden descriptor URL: https://localhost/a
      ---
      duration_ms: 0.051417
      type: 'test'
      ...
    # Subtest: noncanonical or forbidden descriptor URL: https://sub.localhost/a
    ok 17 - noncanonical or forbidden descriptor URL: https://sub.localhost/a
      ---
      duration_ms: 0.055583
      type: 'test'
      ...
    # Subtest: noncanonical or forbidden descriptor URL: https://host.local/a
    ok 18 - noncanonical or forbidden descriptor URL: https://host.local/a
      ---
      duration_ms: 0.0495
      type: 'test'
      ...
    # Subtest: noncanonical or forbidden descriptor URL: https://gov.example:8443/a
    ok 19 - noncanonical or forbidden descriptor URL: https://gov.example:8443/a
      ---
      duration_ms: 0.055334
      type: 'test'
      ...
    # Subtest: noncanonical or forbidden descriptor URL: https://gov.example/*
    ok 20 - noncanonical or forbidden descriptor URL: https://gov.example/*
      ---
      duration_ms: 0.048542
      type: 'test'
      ...
    # Subtest: noncanonical or forbidden descriptor URL: HTTPS://GOV.EXAMPLE/a
    ok 21 - noncanonical or forbidden descriptor URL: HTTPS://GOV.EXAMPLE/a
      ---
      duration_ms: 0.055
      type: 'test'
      ...
    # Subtest: noncanonical or forbidden descriptor URL: https://gov.example/a\#part
    ok 22 - noncanonical or forbidden descriptor URL: https://gov.example/a\#part
      ---
      duration_ms: 0.0785
      type: 'test'
      ...
    # Subtest: noncanonical or forbidden descriptor URL:  https://gov.example/a
    ok 23 - noncanonical or forbidden descriptor URL:  https://gov.example/a
      ---
      duration_ms: 0.052333
      type: 'test'
      ...
    # Subtest: noncanonical or forbidden descriptor URL: https://gov.example/a/../b
    ok 24 - noncanonical or forbidden descriptor URL: https://gov.example/a/../b
      ---
      duration_ms: 0.05125
      type: 'test'
      ...
    # Subtest: malformed media type is not normalized into permission
    ok 25 - malformed media type is not normalized into permission
      ---
      duration_ms: 0.1435
      type: 'test'
      ...
    # Subtest: profiles must exist at exact current version; synthetic profiles are not production defaults
    ok 26 - profiles must exist at exact current version; synthetic profiles are not production defaults
      ---
      duration_ms: 2.131084
      type: 'test'
      ...
    # Subtest: default registry admits the exact GOV.UK profile and rejects wrong ids or versions
    ok 27 - default registry admits the exact GOV.UK profile and rejects wrong ids or versions
      ---
      duration_ms: 0.390416
      type: 'test'
      ...
    # Subtest: profile duplicates, executable definitions in data, and malformed definitions fail
    ok 28 - profile duplicates, executable definitions in data, and malformed definitions fail
      ---
      duration_ms: 0.155083
      type: 'test'
      ...
    # Subtest: strict descriptor data rejects unknown fields, accessors, prototypes, symbols and functions without invoking them
    ok 29 - strict descriptor data rejects unknown fields, accessors, prototypes, symbols and functions without invoking them
      ---
      duration_ms: 0.213667
      type: 'test'
      ...
    # Subtest: bounded arrays, metadata, versions and duplicate request URLs
    ok 30 - bounded arrays, metadata, versions and duplicate request URLs
      ---
      duration_ms: 0.561166
      type: 'test'
      ...
    # Subtest: all exposed data and helper outputs are deeply frozen and detached from input
    ok 31 - all exposed data and helper outputs are deeply frozen and detached from input
      ---
      duration_ms: 1.914125
      type: 'test'
      ...
    # Subtest: graph canonical order is independent of all input ordering
    ok 32 - graph canonical order is independent of all input ordering
      ---
      duration_ms: 0.200917
      type: 'test'
      ...
    # Subtest: resolver defensively rejects ambiguous forged graphs and wrong authority
    ok 33 - resolver defensively rejects ambiguous forged graphs and wrong authority
      ---
      duration_ms: 0.104375
      type: 'test'
      ...
    1..33
ok 31 - complete fail-closed content identity graph
  ---
  duration_ms: 8.529125
  type: 'suite'
  ...
# Subtest: future v3 lookup and ev2 identity serialization only
    # Subtest: v3 preserves the canonical regulatory parser and every legacy cell field
    ok 1 - v3 preserves the canonical regulatory parser and every legacy cell field
      ---
      duration_ms: 1.144834
      type: 'test'
      ...
    # Subtest: source, item, representation and each regulatory cell dimension affect v3
    ok 2 - source, item, representation and each regulatory cell dimension affect v3
      ---
      duration_ms: 3.524542
      type: 'test'
      ...
    # Subtest: invalid scopes fail through the existing parser, including citizenship and credential invariants
    ok 3 - invalid scopes fail through the existing parser, including citizenship and credential invariants
      ---
      duration_ms: 0.463417
      type: 'test'
      ...
    # Subtest: ev2 has exact fixed-order material and independent SHA-256 proof
    ok 4 - ev2 has exact fixed-order material and independent SHA-256 proof
      ---
      duration_ms: 5.268875
      type: 'test'
      ...
    # Subtest: every bound field changes ev2, including both validity and all descriptor/profile versions
    ok 5 - every bound field changes ev2, including both validity and all descriptor/profile versions
      ---
      duration_ms: 5.2765
      type: 'test'
      ...
    # Subtest: malformed ev2 fields, dates, URL, key, metadata extras and old identity schema fail
    ok 6 - malformed ev2 fields, dates, URL, key, metadata extras and old identity schema fail
      ---
      duration_ms: 0.933083
      type: 'test'
      ...
    1..6
ok 32 - future v3 lookup and ev2 identity serialization only
  ---
  duration_ms: 16.744
  type: 'suite'
  ...
# Subtest: dormancy and architectural boundaries
    # Subtest: production registry is exactly the existing frozen GOV.UK profile object
    ok 1 - production registry is exactly the existing frozen GOV.UK profile object
      ---
      duration_ms: 0.077541
      type: 'test'
      ...
    # Subtest: module has only reviewed pure imports and no dynamic registration or effect authority
    ok 2 - module has only reviewed pure imports and no dynamic registration or effect authority
      ---
      duration_ms: 0.429125
      type: 'test'
      ...
    # Subtest: repository search pins the finite R2 production importers
    ok 3 - repository search pins the finite R2 production importers
      ---
      duration_ms: 137.226167
      type: 'test'
      ...
    1..3
ok 33 - dormancy and architectural boundaries
  ---
  duration_ms: 137.827708
  type: 'suite'
  ...
# Subtest: Official Truth coverage and freshness
    # Subtest: Personenfelder und Anforderungswirkungen sind im Vertrag nicht ausdrückbar
    ok 1 - Personenfelder und Anforderungswirkungen sind im Vertrag nicht ausdrückbar
      ---
      duration_ms: 1.543958
      type: 'test'
      ...
    # Subtest: die Kennungsmenge bleibt an den bestehenden Claim-Vertrag gebunden
    ok 2 - die Kennungsmenge bleibt an den bestehenden Claim-Vertrag gebunden
      ---
      duration_ms: 1.262708
      type: 'test'
      ...
    # Subtest: ohne Aussage bleibt die angeforderte Faktart eine Lücke
    ok 3 - ohne Aussage bleibt die angeforderte Faktart eine Lücke
      ---
      duration_ms: 1.023875
      type: 'test'
      ...
    # Subtest: eine herumliegende Kandidatenstütze füllt die Lücke nicht
    ok 4 - eine herumliegende Kandidatenstütze füllt die Lücke nicht
      ---
      duration_ms: 12.731792
      type: 'test'
      ...
    # Subtest: akzeptierte Aussage ohne Höchstalter bleibt auch nach langer Abrufzeit aktuell
    ok 5 - akzeptierte Aussage ohne Höchstalter bleibt auch nach langer Abrufzeit aktuell
      ---
      duration_ms: 8.930458
      type: 'test'
      ...
    # Subtest: Höchstalter wird nur überschritten, wenn der Abstand echt grösser ist
    ok 6 - Höchstalter wird nur überschritten, wenn der Abstand echt grösser ist
      ---
      duration_ms: 0.849167
      type: 'test'
      ...
    # Subtest: ein altes Glied einer zusammengesetzten Aussage zieht die ganze Aussage nach
    ok 7 - ein altes Glied einer zusammengesetzten Aussage zieht die ganze Aussage nach
      ---
      duration_ms: 0.417041
      type: 'test'
      ...
    # Subtest: kaputte und fehlende Zeitstempel sind ungültig
    ok 8 - kaputte und fehlende Zeitstempel sind ungültig
      ---
      duration_ms: 8.7315
      type: 'test'
      ...
    # Subtest: Abruf in der Zukunft ist ungültig, Gleichstand bleibt gültig
    ok 9 - Abruf in der Zukunft ist ungültig, Gleichstand bleibt gültig
      ---
      duration_ms: 1.103
      type: 'test'
      ...
    # Subtest: ein noch nicht begonnenes oder schon beendetes Fenster braucht eine neue Prüfung
    ok 10 - ein noch nicht begonnenes oder schon beendetes Fenster braucht eine neue Prüfung
      ---
      duration_ms: 2.115417
      type: 'test'
      ...
    # Subtest: ein ungültiges Fenster schlägt eine blosse Neu-Prüfung, unabhängig von der Reihenfolge
    ok 11 - ein ungültiges Fenster schlägt eine blosse Neu-Prüfung, unabhängig von der Reihenfolge
      ---
      duration_ms: 0.317125
      type: 'test'
      ...
    # Subtest: fehlende, doppelte und überzählige Stützung ist ungültig
    ok 12 - fehlende, doppelte und überzählige Stützung ist ungültig
      ---
      duration_ms: 0.724916
      type: 'test'
      ...
    # Subtest: die Reihenfolge der Stützung ändert weder Status noch sortierte Ids
    ok 13 - die Reihenfolge der Stützung ändert weder Status noch sortierte Ids
      ---
      duration_ms: 0.558833
      type: 'test'
      ...
    # Subtest: Kandidat, ausstehend, abgelehnt und Konflikt werden nicht als Stützung gelesen
    ok 14 - Kandidat, ausstehend, abgelehnt und Konflikt werden nicht als Stützung gelesen
      ---
      duration_ms: 2.815709
      type: 'test'
      ...
    # Subtest: eine nicht angenommene oder fachfremde Aussage ist keine Lücke und keine Wirkung
    ok 15 - eine nicht angenommene oder fachfremde Aussage ist keine Lücke und keine Wirkung
      ---
      duration_ms: 7.738875
      type: 'test'
      ...
    # Subtest: Personenkennungen werden zur Laufzeit abgewiesen
    ok 16 - Personenkennungen werden zur Laufzeit abgewiesen
      ---
      duration_ms: 1.735333
      type: 'test'
      ...
    # Subtest: ein mitgelieferter Fakt wird nicht gelesen und nicht zur Wirkung
    ok 17 - ein mitgelieferter Fakt wird nicht gelesen und nicht zur Wirkung
      ---
      duration_ms: 0.492792
      type: 'test'
      ...
    # Subtest: ungültiges Höchstalter, Schlüssel und Quellen-Id scheitern geschlossen
    ok 18 - ungültiges Höchstalter, Schlüssel und Quellen-Id scheitern geschlossen
      ---
      duration_ms: 5.403542
      type: 'test'
      ...
    # Subtest: mehr als die bestehende Stützungsgrenze ist ungültig
    ok 19 - mehr als die bestehende Stützungsgrenze ist ungültig
      ---
      duration_ms: 8.164041
      type: 'test'
      ...
    # Subtest: ein noch nicht wirksames Fenster hat Vorrang vor dem Höchstalter
    ok 20 - ein noch nicht wirksames Fenster hat Vorrang vor dem Höchstalter
      ---
      duration_ms: 1.237709
      type: 'test'
      ...
    # Subtest: die Eingabe wird nicht verändert
    ok 21 - die Eingabe wird nicht verändert
      ---
      duration_ms: 1.49325
      type: 'test'
      ...
    1..21
ok 34 - Official Truth coverage and freshness
  ---
  duration_ms: 71.060166
  type: 'suite'
  ...
# Subtest: Official Truth discovered URL candidate validator
    # Subtest: das Ergebnis trägt keine Personenfelder, keine Rangfolge und keine Einreisewirkung
    ok 1 - das Ergebnis trägt keine Personenfelder, keine Rangfolge und keine Einreisewirkung
      ---
      duration_ms: 0.68925
      type: 'test'
      ...
    # Subtest: eine amtliche URL auf der Hostliste besteht
    ok 2 - eine amtliche URL auf der Hostliste besteht
      ---
      duration_ms: 19.95425
      type: 'test'
      ...
    # Subtest: zwei Kandidatinnen bleiben nach Kennung und URL sortiert
    ok 3 - zwei Kandidatinnen bleiben nach Kennung und URL sortiert
      ---
      duration_ms: 3.239583
      type: 'test'
      ...
    # Subtest: ein lizenzierter Anbieter und eine Quelle ausserhalb des Plans scheitern
    ok 4 - ein lizenzierter Anbieter und eine Quelle ausserhalb des Plans scheitern
      ---
      duration_ms: 3.089083
      type: 'test'
      ...
    # Subtest: eine URL einer anderen Quelle wird nicht umgehängt
    ok 5 - eine URL einer anderen Quelle wird nicht umgehängt
      ---
      duration_ms: 11.400166
      type: 'test'
      ...
    # Subtest: unregistrierte, gesperrte, lokale, unsichere und Credential-URLs scheitern
    ok 6 - unregistrierte, gesperrte, lokale, unsichere und Credential-URLs scheitern
      ---
      duration_ms: 14.765958
      type: 'test'
      ...
    # Subtest: Tracking-Parameter scheitern ohne Wert und ohne bereinigte URL
    ok 7 - Tracking-Parameter scheitern ohne Wert und ohne bereinigte URL
      ---
      duration_ms: 9.790333
      type: 'test'
      ...
    # Subtest: funktionale lang- und ref-Parameter bleiben in der kanonischen URL
    ok 8 - funktionale lang- und ref-Parameter bleiben in der kanonischen URL
      ---
      duration_ms: 2.535625
      type: 'test'
      ...
    # Subtest: dieselbe kanonische URL wird nicht still verschmolzen
    ok 9 - dieselbe kanonische URL wird nicht still verschmolzen
      ---
      duration_ms: 3.453667
      type: 'test'
      ...
    # Subtest: mehr als 16 Kandidatinnen scheitern, 16 bleiben stehen
    ok 10 - mehr als 16 Kandidatinnen scheitern, 16 bleiben stehen
      ---
      duration_ms: 2.937208
      type: 'test'
      ...
    # Subtest: eine verfälschte Anfrage, Registry oder Deskriptorenliste scheitert über den Plan
    ok 11 - eine verfälschte Anfrage, Registry oder Deskriptorenliste scheitert über den Plan
      ---
      duration_ms: 5.329583
      type: 'test'
      ...
    # Subtest: persönliche Schlüssel und missgestaltete Paare scheitern ohne Wert
    ok 12 - persönliche Schlüssel und missgestaltete Paare scheitern ohne Wert
      ---
      duration_ms: 17.922084
      type: 'test'
      ...
    # Subtest: eine Sperre lässt die Eingabe unverändert
    ok 13 - eine Sperre lässt die Eingabe unverändert
      ---
      duration_ms: 0.568375
      type: 'test'
      ...
    1..13
ok 35 - Official Truth discovered URL candidate validator
  ---
  duration_ms: 96.344375
  type: 'suite'
  ...
# Subtest: Official Truth fact-entry authority guard
    # Subtest: role-backed capability and exact database true authorize
    ok 1 - role-backed capability and exact database true authorize
      ---
      duration_ms: 0.944208
      type: 'test'
      ...
    # Subtest: break-glass with a database-true fixture is blocked before the RPC
    ok 2 - break-glass with a database-true fixture is blocked before the RPC
      ---
      duration_ms: 0.052667
      type: 'test'
      ...
    # Subtest: break-glass that already satisfied AAL2 cannot authorize
    ok 3 - break-glass that already satisfied AAL2 cannot authorize
      ---
      duration_ms: 0.036917
      type: 'test'
      ...
    # Subtest: access denial is blocked before the RPC
    ok 4 - access denial is blocked before the RPC
      ---
      duration_ms: 0.114167
      type: 'test'
      ...
    # Subtest: access lookup and AAL lookup failure fail closed before the RPC
    ok 5 - access lookup and AAL lookup failure fail closed before the RPC
      ---
      duration_ms: 0.040916
      type: 'test'
      ...
    # Subtest: role-backed app access and database false stay blocked
    ok 6 - role-backed app access and database false stay blocked
      ---
      duration_ms: 0.089459
      type: 'test'
      ...
    # Subtest: missing or unapplied RPC fails closed as unavailable
    ok 7 - missing or unapplied RPC fails closed as unavailable
      ---
      duration_ms: 0.050875
      type: 'test'
      ...
    # Subtest: RPC permission errors are blocked
    ok 8 - RPC permission errors are blocked
      ---
      duration_ms: 0.096041
      type: 'test'
      ...
    # Subtest: RPC exceptions and network-like failures are blocked
    ok 9 - RPC exceptions and network-like failures are blocked
      ---
      duration_ms: 0.129417
      type: 'test'
      ...
    # Subtest: malformed, null and non-boolean database data are blocked
    ok 10 - malformed, null and non-boolean database data are blocked
      ---
      duration_ms: 0.213792
      type: 'test'
      ...
    # Subtest: exact boolean true is the only database success
    ok 11 - exact boolean true is the only database success
      ---
      duration_ms: 0.06025
      type: 'test'
      ...
    # Subtest: the live loader has no arguments and no caller dependency injection
    ok 12 - the live loader has no arguments and no caller dependency injection
      ---
      duration_ms: 0.162375
      type: 'test'
      ...
    # Subtest: the live loader calls evaluateAdminAccess with the exact capability
    ok 13 - the live loader calls evaluateAdminAccess with the exact capability
      ---
      duration_ms: 0.097125
      type: 'test'
      ...
    # Subtest: the live loader explicitly uses reachesDatabase before the user-scoped RPC
    ok 14 - the live loader explicitly uses reachesDatabase before the user-scoped RPC
      ---
      duration_ms: 0.051458
      type: 'test'
      ...
    # Subtest: the live loader uses the user-scoped server client and not a service-role client
    ok 15 - the live loader uses the user-scoped server client and not a service-role client
      ---
      duration_ms: 0.133417
      type: 'test'
      ...
    # Subtest: the wrapper invokes only the Official Truth capability RPC
    ok 16 - the wrapper invokes only the Official Truth capability RPC
      ---
      duration_ms: 0.095875
      type: 'test'
      ...
    # Subtest: generated supabase types are unchanged and do not list the unapplied RPC
    ok 17 - generated supabase types are unchanged and do not list the unapplied RPC
      ---
      duration_ms: 27.744334
      type: 'test'
      ...
    # Subtest: no app file calls this guard yet
    ok 18 - no app file calls this guard yet
      ---
      duration_ms: 23.226958
      type: 'test'
      ...
    # Subtest: this module does not accept a rule or call the trusted store
    ok 19 - this module does not accept a rule or call the trusted store
      ---
      duration_ms: 0.082916
      type: 'test'
      ...
    # Subtest: request body, user metadata and the email allowlist are not authority inputs
    ok 20 - request body, user metadata and the email allowlist are not authority inputs
      ---
      duration_ms: 0.151417
      type: 'test'
      ...
    # Subtest: requirementsProviderAus stays null
    ok 21 - requirementsProviderAus stays null
      ---
      duration_ms: 0.068125
      type: 'test'
      ...
    # Subtest: the live loader fail-closes outside a request and does not authorize
    ok 22 - the live loader fail-closes outside a request and does not authorize
      ---
      duration_ms: 0.296334
      type: 'test'
      ...
    1..22
ok 36 - Official Truth fact-entry authority guard
  ---
  duration_ms: 54.5025
  type: 'suite'
  ...
# Subtest: National List profile
    # Subtest: exact profile contract, descriptor-owned seven-field binding, fresh frozen copy
    ok 1 - exact profile contract, descriptor-owned seven-field binding, fresh frozen copy
      ---
      duration_ms: 28.194542
      type: 'test'
      ...
    # Subtest: title changes preserve identity
    ok 2 - title changes preserve identity
      ---
      duration_ms: 0.614542
      type: 'test'
      ...
    # Subtest: description changes preserve identity
    ok 3 - description changes preserve identity
      ---
      duration_ms: 0.216458
      type: 'test'
      ...
    # Subtest: updated_at changes preserve identity
    ok 4 - updated_at changes preserve identity
      ---
      duration_ms: 0.275417
      type: 'test'
      ...
    # Subtest: public_updated_at changes preserve identity
    ok 5 - public_updated_at changes preserve identity
      ---
      duration_ms: 0.257792
      type: 'test'
      ...
    # Subtest: body changes preserve identity
    ok 6 - body changes preserve identity
      ---
      duration_ms: 0.339666
      type: 'test'
      ...
    # Subtest: display organisation title changes preserve identity
    ok 7 - display organisation title changes preserve identity
      ---
      duration_ms: 0.30375
      type: 'test'
      ...
    # Subtest: display branding changes preserve identity
    ok 8 - display branding changes preserve identity
      ---
      duration_ms: 4.212708
      type: 'test'
      ...
    # Subtest: display logo changes preserve identity
    ok 9 - display logo changes preserve identity
      ---
      duration_ms: 0.608917
      type: 'test'
      ...
    # Subtest: observed first publication changes preserve identity
    ok 10 - observed first publication changes preserve identity
      ---
      duration_ms: 0.351166
      type: 'test'
      ...
    # Subtest: opaque attachments changes preserve identity
    ok 11 - opaque attachments changes preserve identity
      ---
      duration_ms: 0.16775
      type: 'test'
      ...
    # Subtest: opaque changes changes preserve identity
    ok 12 - opaque changes changes preserve identity
      ---
      duration_ms: 0.14975
      type: 'test'
      ...
    # Subtest: opaque organisation display changes preserve identity
    ok 13 - opaque organisation display changes preserve identity
      ---
      duration_ms: 0.147625
      type: 'test'
      ...
    # Subtest: key reordering, all JSON whitespace and escaped identity values preserve identity
    ok 14 - key reordering, all JSON whitespace and escaped identity values preserve identity
      ---
      duration_ms: 0.427541
      type: 'test'
      ...
    # Subtest: descriptor item rejects {"current":false}
    ok 15 - descriptor item rejects {"current":false}
      ---
      duration_ms: 0.042416
      type: 'test'
      ...
    # Subtest: descriptor item rejects {"externalIdNamespace":"other"}
    ok 16 - descriptor item rejects {"externalIdNamespace":"other"}
      ---
      duration_ms: 0.023417
      type: 'test'
      ...
    # Subtest: descriptor item rejects {"externalContentId":"2620750b-5453-44f1-98af-414037c833be"}
    ok 17 - descriptor item rejects {"externalContentId":"2620750b-5453-44f1-98af-414037c833be"}
      ---
      duration_ms: 0.275958
      type: 'test'
      ...
    # Subtest: descriptor item rejects {"expectedPublisherIds":["87e2748f-2e9b-4681-8baa-778b6d326a8a"]}
    ok 18 - descriptor item rejects {"expectedPublisherIds":["87e2748f-2e9b-4681-8baa-778b6d326a8a"]}
      ---
      duration_ms: 0.095583
      type: 'test'
      ...
    # Subtest: descriptor item rejects {"expectedPublisherIds":[]}
    ok 19 - descriptor item rejects {"expectedPublisherIds":[]}
      ---
      duration_ms: 0.063959
      type: 'test'
      ...
    # Subtest: descriptor item rejects {"expectedPublisherIds":["06056197-bc69-4147-aa28-070bca132178","06056197-bc69-4147-aa28-070bca132178"]}
    ok 20 - descriptor item rejects {"expectedPublisherIds":["06056197-bc69-4147-aa28-070bca132178","06056197-bc69-4147-aa28-070bca132178"]}
      ---
      duration_ms: 0.0675
      type: 'test'
      ...
    # Subtest: descriptor item rejects {"expectedAuthorityIds":["87e2748f-2e9b-4681-8baa-778b6d326a8a"]}
    ok 21 - descriptor item rejects {"expectedAuthorityIds":["87e2748f-2e9b-4681-8baa-778b6d326a8a"]}
      ---
      duration_ms: 0.060375
      type: 'test'
      ...
    # Subtest: descriptor item rejects {"expectedAuthorityIds":[]}
    ok 22 - descriptor item rejects {"expectedAuthorityIds":[]}
      ---
      duration_ms: 0.053709
      type: 'test'
      ...
    # Subtest: descriptor item rejects {"expectedAuthorityIds":["06056197-bc69-4147-aa28-070bca132178","87e2748f-2e9b-4681-8baa-778b6d326a8a"]}
    ok 23 - descriptor item rejects {"expectedAuthorityIds":["06056197-bc69-4147-aa28-070bca132178","87e2748f-2e9b-4681-8baa-778b6d326a8a"]}
      ---
      duration_ms: 0.201917
      type: 'test'
      ...
    # Subtest: descriptor item rejects {"sourceId":"other"}
    ok 24 - descriptor item rejects {"sourceId":"other"}
      ---
      duration_ms: 0.061125
      type: 'test'
      ...
    # Subtest: descriptor item rejects {"contentItemId":"other"}
    ok 25 - descriptor item rejects {"contentItemId":"other"}
      ---
      duration_ms: 0.049458
      type: 'test'
      ...
    # Subtest: descriptor item rejects {"contentItemVersion":8}
    ok 26 - descriptor item rejects {"contentItemVersion":8}
      ---
      duration_ms: 0.048125
      type: 'test'
      ...
    # Subtest: descriptor representation rejects {"sourceId":"other"}
    ok 27 - descriptor representation rejects {"sourceId":"other"}
      ---
      duration_ms: 0.080542
      type: 'test'
      ...
    # Subtest: descriptor representation rejects {"contentItemId":"other"}
    ok 28 - descriptor representation rejects {"contentItemId":"other"}
      ---
      duration_ms: 0.050916
      type: 'test'
      ...
    # Subtest: descriptor representation rejects {"contentItemVersion":8}
    ok 29 - descriptor representation rejects {"contentItemVersion":8}
      ---
      duration_ms: 0.050125
      type: 'test'
      ...
    # Subtest: descriptor representation rejects {"current":false}
    ok 30 - descriptor representation rejects {"current":false}
      ---
      duration_ms: 0.077667
      type: 'test'
      ...
    # Subtest: descriptor representation rejects {"identityProfileId":"other"}
    ok 31 - descriptor representation rejects {"identityProfileId":"other"}
      ---
      duration_ms: 0.052833
      type: 'test'
      ...
    # Subtest: descriptor representation rejects {"identityProfileVersion":2}
    ok 32 - descriptor representation rejects {"identityProfileVersion":2}
      ---
      duration_ms: 0.152958
      type: 'test'
      ...
    # Subtest: descriptor representation rejects {"requestUrls":[]}
    ok 33 - descriptor representation rejects {"requestUrls":[]}
      ---
      duration_ms: 0.1015
      type: 'test'
      ...
    # Subtest: descriptor representation rejects {"requestUrls":["https://www.gov.uk/api/content/guidance/immigration-rules/immigration-rules-appendix-eta-national-list","https://www.gov.uk/api/content/guidance/immigration-rules/immigration-rules-appendix-eta-national-list"]}
    ok 34 - descriptor representation rejects {"requestUrls":["https://www.gov.uk/api/content/guidance/immigration-rules/immigration-rules-appendix-eta-national-list","https://www.gov.uk/api/content/guidance/immigration-rules/immigration-rules-appendix-eta-national-list"]}
      ---
      duration_ms: 0.056542
      type: 'test'
      ...
    # Subtest: descriptor representation rejects {"requestUrls":["https://www.gov.uk/api/content/guidance/immigration-rules/immigration-rules-appendix-eta-national-list?x=1"]}
    ok 35 - descriptor representation rejects {"requestUrls":["https://www.gov.uk/api/content/guidance/immigration-rules/immigration-rules-appendix-eta-national-list?x=1"]}
      ---
      duration_ms: 0.054791
      type: 'test'
      ...
    # Subtest: descriptor representation rejects {"requestUrls":["https://www.gov.uk/guidance/immigration-rules/immigration-rules-appendix-eta-national-list"]}
    ok 36 - descriptor representation rejects {"requestUrls":["https://www.gov.uk/guidance/immigration-rules/immigration-rules-appendix-eta-national-list"]}
      ---
      duration_ms: 0.052417
      type: 'test'
      ...
    # Subtest: descriptor representation rejects {"expectedFinalUrl":"https://www.gov.uk/api/content/guidance/immigration-rules/immigration-rules-appendix-eta-national-list/"}
    ok 37 - descriptor representation rejects {"expectedFinalUrl":"https://www.gov.uk/api/content/guidance/immigration-rules/immigration-rules-appendix-eta-national-list/"}
      ---
      duration_ms: 0.056167
      type: 'test'
      ...
    # Subtest: descriptor representation rejects {"expectedMediaType":"text/html"}
    ok 38 - descriptor representation rejects {"expectedMediaType":"text/html"}
      ---
      duration_ms: 0.046875
      type: 'test'
      ...
    # Subtest: descriptor representation rejects {"expectedLocale":"cy"}
    ok 39 - descriptor representation rejects {"expectedLocale":"cy"}
      ---
      duration_ms: 0.04925
      type: 'test'
      ...
    # Subtest: descriptor representation rejects {"expectedLocale":null}
    ok 40 - descriptor representation rejects {"expectedLocale":null}
      ---
      duration_ms: 0.04525
      type: 'test'
      ...
    # Subtest: descriptor representation rejects {"expectedSchema":"manual"}
    ok 41 - descriptor representation rejects {"expectedSchema":"manual"}
      ---
      duration_ms: 0.047125
      type: 'test'
      ...
    # Subtest: descriptor representation rejects {"expectedSchema":null}
    ok 42 - descriptor representation rejects {"expectedSchema":null}
      ---
      duration_ms: 0.047333
      type: 'test'
      ...
    # Subtest: coherent Appendix descriptor and response cannot select this profile
    ok 43 - coherent Appendix descriptor and response cannot select this profile
      ---
      duration_ms: 0.115375
      type: 'test'
      ...
    # Subtest: transport rejects URL https://www.gov.uk/api/content/guidance/immigration-rules/immigration-rules-appendix-eta-national-list?x=1
    ok 44 - transport rejects URL https://www.gov.uk/api/content/guidance/immigration-rules/immigration-rules-appendix-eta-national-list?x=1
      ---
      duration_ms: 0.066166
      type: 'test'
      ...
    # Subtest: transport rejects URL https://www.gov.uk/api/content/guidance/immigration-rules/immigration-rules-appendix-eta-national-list\#x
    ok 45 - transport rejects URL https://www.gov.uk/api/content/guidance/immigration-rules/immigration-rules-appendix-eta-national-list\#x
      ---
      duration_ms: 0.046083
      type: 'test'
      ...
    # Subtest: transport rejects URL https://www.gov.uk/api/content/guidance/immigration-rules/immigration-rules-appendix-eta-national-list/
    ok 46 - transport rejects URL https://www.gov.uk/api/content/guidance/immigration-rules/immigration-rules-appendix-eta-national-list/
      ---
      duration_ms: 0.044583
      type: 'test'
      ...
    # Subtest: transport rejects URL https://www.gov.uk/api/content/guidance/immigration-rules/immigration-rules-appendix-electronic-travel-authorisation
    ok 47 - transport rejects URL https://www.gov.uk/api/content/guidance/immigration-rules/immigration-rules-appendix-electronic-travel-authorisation
      ---
      duration_ms: 0.044291
      type: 'test'
      ...
    # Subtest: transport rejects URL https://www.gov.uk/guidance/immigration-rules/immigration-rules-appendix-eta-national-list
    ok 48 - transport rejects URL https://www.gov.uk/guidance/immigration-rules/immigration-rules-appendix-eta-national-list
      ---
      duration_ms: 0.0445
      type: 'test'
      ...
    # Subtest: transport rejects URL http://www.gov.uk/api/content/guidance/immigration-rules/immigration-rules-appendix-eta-national-list
    ok 49 - transport rejects URL http://www.gov.uk/api/content/guidance/immigration-rules/immigration-rules-appendix-eta-national-list
      ---
      duration_ms: 0.046125
      type: 'test'
      ...
    # Subtest: transport rejects media type text/html
    ok 50 - transport rejects media type text/html
      ---
      duration_ms: 0.0595
      type: 'test'
      ...
    # Subtest: transport rejects media type application/json; charset=utf-8
    ok 51 - transport rejects media type application/json; charset=utf-8
      ---
      duration_ms: 0.049209
      type: 'test'
      ...
    # Subtest: transport rejects media type Application/JSON
    ok 52 - transport rejects media type Application/JSON
      ---
      duration_ms: 0.075542
      type: 'test'
      ...
    # Subtest: transport rejects media type
    ok 53 - transport rejects media type
      ---
      duration_ms: 0.04925
      type: 'test'
      ...
    # Subtest: root content_id contradictory value rejects
    ok 54 - root content_id contradictory value rejects
      ---
      duration_ms: 0.276458
      type: 'test'
      ...
    # Subtest: root content_id wrong type rejects
    ok 55 - root content_id wrong type rejects
      ---
      duration_ms: 0.225708
      type: 'test'
      ...
    # Subtest: root base_path contradictory value rejects
    ok 56 - root base_path contradictory value rejects
      ---
      duration_ms: 0.196292
      type: 'test'
      ...
    # Subtest: root base_path wrong type rejects
    ok 57 - root base_path wrong type rejects
      ---
      duration_ms: 0.211458
      type: 'test'
      ...
    # Subtest: root locale contradictory value rejects
    ok 58 - root locale contradictory value rejects
      ---
      duration_ms: 10.060541
      type: 'test'
      ...
    # Subtest: root locale wrong type rejects
    ok 59 - root locale wrong type rejects
      ---
      duration_ms: 0.394292
      type: 'test'
      ...
    # Subtest: root schema_name contradictory value rejects
    ok 60 - root schema_name contradictory value rejects
      ---
      duration_ms: 0.208459
      type: 'test'
      ...
    # Subtest: root schema_name wrong type rejects
    ok 61 - root schema_name wrong type rejects
      ---
      duration_ms: 0.499166
      type: 'test'
      ...
    # Subtest: root document_type contradictory value rejects
    ok 62 - root document_type contradictory value rejects
      ---
      duration_ms: 0.226708
      type: 'test'
      ...
    # Subtest: root document_type wrong type rejects
    ok 63 - root document_type wrong type rejects
      ---
      duration_ms: 0.740542
      type: 'test'
      ...
    # Subtest: root phase contradictory value rejects
    ok 64 - root phase contradictory value rejects
      ---
      duration_ms: 0.143709
      type: 'test'
      ...
    # Subtest: root phase wrong type rejects
    ok 65 - root phase wrong type rejects
      ---
      duration_ms: 0.097
      type: 'test'
      ...
    # Subtest: root publishing_app contradictory value rejects
    ok 66 - root publishing_app contradictory value rejects
      ---
      duration_ms: 0.0965
      type: 'test'
      ...
    # Subtest: root publishing_app wrong type rejects
    ok 67 - root publishing_app wrong type rejects
      ---
      duration_ms: 0.078292
      type: 'test'
      ...
    # Subtest: root rendering_app contradictory value rejects
    ok 68 - root rendering_app contradictory value rejects
      ---
      duration_ms: 0.075708
      type: 'test'
      ...
    # Subtest: root rendering_app wrong type rejects
    ok 69 - root rendering_app wrong type rejects
      ---
      duration_ms: 0.070958
      type: 'test'
      ...
    # Subtest: root requires analytics_identifier
    ok 70 - root requires analytics_identifier
      ---
      duration_ms: 0.0975
      type: 'test'
      ...
    # Subtest: root requires base_path
    ok 71 - root requires base_path
      ---
      duration_ms: 0.078166
      type: 'test'
      ...
    # Subtest: root requires content_id
    ok 72 - root requires content_id
      ---
      duration_ms: 0.062333
      type: 'test'
      ...
    # Subtest: root requires description
    ok 73 - root requires description
      ---
      duration_ms: 0.064833
      type: 'test'
      ...
    # Subtest: root requires details
    ok 74 - root requires details
      ---
      duration_ms: 0.057542
      type: 'test'
      ...
    # Subtest: root requires document_type
    ok 75 - root requires document_type
      ---
      duration_ms: 0.060916
      type: 'test'
      ...
    # Subtest: root requires first_published_at
    ok 76 - root requires first_published_at
      ---
      duration_ms: 0.059
      type: 'test'
      ...
    # Subtest: root requires links
    ok 77 - root requires links
      ---
      duration_ms: 0.037291
      type: 'test'
      ...
    # Subtest: root requires locale
    ok 78 - root requires locale
      ---
      duration_ms: 0.061125
      type: 'test'
      ...
    # Subtest: root requires phase
    ok 79 - root requires phase
      ---
      duration_ms: 0.065
      type: 'test'
      ...
    # Subtest: root requires public_updated_at
    ok 80 - root requires public_updated_at
      ---
      duration_ms: 0.061875
      type: 'test'
      ...
    # Subtest: root requires publishing_app
    ok 81 - root requires publishing_app
      ---
      duration_ms: 0.099375
      type: 'test'
      ...
    # Subtest: root requires publishing_request_id
    ok 82 - root requires publishing_request_id
      ---
      duration_ms: 0.058417
      type: 'test'
      ...
    # Subtest: root requires publishing_scheduled_at
    ok 83 - root requires publishing_scheduled_at
      ---
      duration_ms: 0.059292
      type: 'test'
      ...
    # Subtest: root requires rendering_app
    ok 84 - root requires rendering_app
      ---
      duration_ms: 0.059042
      type: 'test'
      ...
    # Subtest: root requires scheduled_publishing_delay_seconds
    ok 85 - root requires scheduled_publishing_delay_seconds
      ---
      duration_ms: 0.058708
      type: 'test'
      ...
    # Subtest: root requires schema_name
    ok 86 - root requires schema_name
      ---
      duration_ms: 0.076459
      type: 'test'
      ...
    # Subtest: root requires title
    ok 87 - root requires title
      ---
      duration_ms: 0.05775
      type: 'test'
      ...
    # Subtest: root requires updated_at
    ok 88 - root requires updated_at
      ---
      duration_ms: 0.05775
      type: 'test'
      ...
    # Subtest: root requires withdrawn_notice
    ok 89 - root requires withdrawn_notice
      ---
      duration_ms: 0.075584
      type: 'test'
      ...
    # Subtest: unknown root key rejects
    ok 90 - unknown root key rejects
      ---
      duration_ms: 0.083875
      type: 'test'
      ...
    # Subtest: nonempty withdrawal rejects independently of live phase
    ok 91 - nonempty withdrawal rejects independently of live phase
      ---
      duration_ms: 0.07
      type: 'test'
      ...
    # Subtest: malformed title rejects
    ok 92 - malformed title rejects
      ---
      duration_ms: 0.061208
      type: 'test'
      ...
    # Subtest: malformed description rejects
    ok 93 - malformed description rejects
      ---
      duration_ms: 0.057625
      type: 'test'
      ...
    # Subtest: malformed details rejects
    ok 94 - malformed details rejects
      ---
      duration_ms: 0.05525
      type: 'test'
      ...
    # Subtest: malformed links rejects
    ok 95 - malformed links rejects
      ---
      duration_ms: 0.036292
      type: 'test'
      ...
    # Subtest: malformed withdrawn_notice rejects
    ok 96 - malformed withdrawn_notice rejects
      ---
      duration_ms: 0.058625
      type: 'test'
      ...
    # Subtest: updated_at invalid date null
    ok 97 - updated_at invalid date null
      ---
      duration_ms: 0.063209
      type: 'test'
      ...
    # Subtest: updated_at invalid date yesterday
    ok 98 - updated_at invalid date yesterday
      ---
      duration_ms: 0.055833
      type: 'test'
      ...
    # Subtest: updated_at invalid date 2026-10-04
    ok 99 - updated_at invalid date 2026-10-04
      ---
      duration_ms: 0.061375
      type: 'test'
      ...
    # Subtest: updated_at invalid date 2026-10-04T12:00:00
    ok 100 - updated_at invalid date 2026-10-04T12:00:00
      ---
      duration_ms: 0.057458
      type: 'test'
      ...
    # Subtest: updated_at invalid date 2026-02-29T00:00:00Z
    ok 101 - updated_at invalid date 2026-02-29T00:00:00Z
      ---
      duration_ms: 0.055459
      type: 'test'
      ...
    # Subtest: updated_at invalid date 1900-02-29T00:00:00Z
    ok 102 - updated_at invalid date 1900-02-29T00:00:00Z
      ---
      duration_ms: 0.054167
      type: 'test'
      ...
    # Subtest: updated_at invalid date 2026-04-31T00:00:00Z
    ok 103 - updated_at invalid date 2026-04-31T00:00:00Z
      ---
      duration_ms: 0.056625
      type: 'test'
      ...
    # Subtest: updated_at invalid date 2026-13-01T00:00:00Z
    ok 104 - updated_at invalid date 2026-13-01T00:00:00Z
      ---
      duration_ms: 0.055
      type: 'test'
      ...
    # Subtest: updated_at invalid date 2026-00-01T00:00:00Z
    ok 105 - updated_at invalid date 2026-00-01T00:00:00Z
      ---
      duration_ms: 0.057542
      type: 'test'
      ...
    # Subtest: updated_at invalid date 2026-01-00T00:00:00Z
    ok 106 - updated_at invalid date 2026-01-00T00:00:00Z
      ---
      duration_ms: 0.060541
      type: 'test'
      ...
    # Subtest: updated_at invalid date 0000-01-01T00:00:00Z
    ok 107 - updated_at invalid date 0000-01-01T00:00:00Z
      ---
      duration_ms: 0.058084
      type: 'test'
      ...
    # Subtest: updated_at invalid date 2026-01-01T24:00:00Z
    ok 108 - updated_at invalid date 2026-01-01T24:00:00Z
      ---
      duration_ms: 0.056958
      type: 'test'
      ...
    # Subtest: updated_at invalid date 2026-01-01T00:60:00Z
    ok 109 - updated_at invalid date 2026-01-01T00:60:00Z
      ---
      duration_ms: 0.060375
      type: 'test'
      ...
    # Subtest: updated_at invalid date 2026-01-01T00:00:60Z
    ok 110 - updated_at invalid date 2026-01-01T00:00:60Z
      ---
      duration_ms: 0.063833
      type: 'test'
      ...
    # Subtest: updated_at invalid date 2026-01-01T00:00:00+24:00
    ok 111 - updated_at invalid date 2026-01-01T00:00:00+24:00
      ---
      duration_ms: 0.062583
      type: 'test'
      ...
    # Subtest: updated_at invalid date 2026-01-01T00:00:00-01:60
    ok 112 - updated_at invalid date 2026-01-01T00:00:00-01:60
      ---
      duration_ms: 0.150083
      type: 'test'
      ...
    # Subtest: updated_at invalid date 2026-01-01 00:00:00Z
    ok 113 - updated_at invalid date 2026-01-01 00:00:00Z
      ---
      duration_ms: 0.067875
      type: 'test'
      ...
    # Subtest: updated_at invalid date 2026-10-04T12:00:00Z
    ok 114 - updated_at invalid date 2026-10-04T12:00:00Z
      ---
      duration_ms: 0.057875
      type: 'test'
      ...
    # Subtest: public_updated_at invalid date null
    ok 115 - public_updated_at invalid date null
      ---
      duration_ms: 0.054125
      type: 'test'
      ...
    # Subtest: public_updated_at invalid date yesterday
    ok 116 - public_updated_at invalid date yesterday
      ---
      duration_ms: 0.053792
      type: 'test'
      ...
    # Subtest: public_updated_at invalid date 2026-10-04
    ok 117 - public_updated_at invalid date 2026-10-04
      ---
      duration_ms: 0.052
      type: 'test'
      ...
    # Subtest: public_updated_at invalid date 2026-10-04T12:00:00
    ok 118 - public_updated_at invalid date 2026-10-04T12:00:00
      ---
      duration_ms: 0.053292
      type: 'test'
      ...
    # Subtest: public_updated_at invalid date 2026-02-29T00:00:00Z
    ok 119 - public_updated_at invalid date 2026-02-29T00:00:00Z
      ---
      duration_ms: 0.054875
      type: 'test'
      ...
    # Subtest: public_updated_at invalid date 1900-02-29T00:00:00Z
    ok 120 - public_updated_at invalid date 1900-02-29T00:00:00Z
      ---
      duration_ms: 0.0525
      type: 'test'
      ...
    # Subtest: public_updated_at invalid date 2026-04-31T00:00:00Z
    ok 121 - public_updated_at invalid date 2026-04-31T00:00:00Z
      ---
      duration_ms: 0.0675
      type: 'test'
      ...
    # Subtest: public_updated_at invalid date 2026-13-01T00:00:00Z
    ok 122 - public_updated_at invalid date 2026-13-01T00:00:00Z
      ---
      duration_ms: 0.052792
      type: 'test'
      ...
    # Subtest: public_updated_at invalid date 2026-00-01T00:00:00Z
    ok 123 - public_updated_at invalid date 2026-00-01T00:00:00Z
      ---
      duration_ms: 0.051125
      type: 'test'
      ...
    # Subtest: public_updated_at invalid date 2026-01-00T00:00:00Z
    ok 124 - public_updated_at invalid date 2026-01-00T00:00:00Z
      ---
      duration_ms: 0.052958
      type: 'test'
      ...
    # Subtest: public_updated_at invalid date 0000-01-01T00:00:00Z
    ok 125 - public_updated_at invalid date 0000-01-01T00:00:00Z
      ---
      duration_ms: 0.051583
      type: 'test'
      ...
    # Subtest: public_updated_at invalid date 2026-01-01T24:00:00Z
    ok 126 - public_updated_at invalid date 2026-01-01T24:00:00Z
      ---
      duration_ms: 0.053667
      type: 'test'
      ...
    # Subtest: public_updated_at invalid date 2026-01-01T00:60:00Z
    ok 127 - public_updated_at invalid date 2026-01-01T00:60:00Z
      ---
      duration_ms: 0.051083
      type: 'test'
      ...
    # Subtest: public_updated_at invalid date 2026-01-01T00:00:60Z
    ok 128 - public_updated_at invalid date 2026-01-01T00:00:60Z
      ---
      duration_ms: 0.051417
      type: 'test'
      ...
    # Subtest: public_updated_at invalid date 2026-01-01T00:00:00+24:00
    ok 129 - public_updated_at invalid date 2026-01-01T00:00:00+24:00
      ---
      duration_ms: 0.052
      type: 'test'
      ...
    # Subtest: public_updated_at invalid date 2026-01-01T00:00:00-01:60
    ok 130 - public_updated_at invalid date 2026-01-01T00:00:00-01:60
      ---
      duration_ms: 0.050875
      type: 'test'
      ...
    # Subtest: public_updated_at invalid date 2026-01-01 00:00:00Z
    ok 131 - public_updated_at invalid date 2026-01-01 00:00:00Z
      ---
      duration_ms: 0.051125
      type: 'test'
      ...
    # Subtest: public_updated_at invalid date 2026-10-04T12:00:00Z
    ok 132 - public_updated_at invalid date 2026-10-04T12:00:00Z
      ---
      duration_ms: 0.04975
      type: 'test'
      ...
    # Subtest: malformed details.attachments
    ok 133 - malformed details.attachments
      ---
      duration_ms: 0.073333
      type: 'test'
      ...
    # Subtest: malformed details.body
    ok 134 - malformed details.body
      ---
      duration_ms: 0.053167
      type: 'test'
      ...
    # Subtest: malformed details.change_history
    ok 135 - malformed details.change_history
      ---
      duration_ms: 0.055208
      type: 'test'
      ...
    # Subtest: malformed details.manual
    ok 136 - malformed details.manual
      ---
      duration_ms: 0.053292
      type: 'test'
      ...
    # Subtest: malformed details.organisations
    ok 137 - malformed details.organisations
      ---
      duration_ms: 0.055083
      type: 'test'
      ...
    # Subtest: malformed details.visually_expanded
    ok 138 - malformed details.visually_expanded
      ---
      duration_ms: 0.055459
      type: 'test'
      ...
    # Subtest: malformed details.extra
    ok 139 - malformed details.extra
      ---
      duration_ms: 0.062625
      type: 'test'
      ...
    # Subtest: details requires attachments
    ok 140 - details requires attachments
      ---
      duration_ms: 0.067375
      type: 'test'
      ...
    # Subtest: details requires body
    ok 141 - details requires body
      ---
      duration_ms: 0.057875
      type: 'test'
      ...
    # Subtest: details requires change_history
    ok 142 - details requires change_history
      ---
      duration_ms: 0.057416
      type: 'test'
      ...
    # Subtest: details requires manual
    ok 143 - details requires manual
      ---
      duration_ms: 0.055
      type: 'test'
      ...
    # Subtest: details requires organisations
    ok 144 - details requires organisations
      ---
      duration_ms: 0.055625
      type: 'test'
      ...
    # Subtest: details requires visually_expanded
    ok 145 - details requires visually_expanded
      ---
      duration_ms: 0.056291
      type: 'test'
      ...
    # Subtest: details manual has exact audited base_path-only shape
    ok 146 - details manual has exact audited base_path-only shape
      ---
      duration_ms: 0.117292
      type: 'test'
      ...
    # Subtest: available_translations must be exactly one object: []
    ok 147 - available_translations must be exactly one object: []
      ---
      duration_ms: 0.060292
      type: 'test'
      ...
    # Subtest: available_translations must be exactly one object: null
    ok 148 - available_translations must be exactly one object: null
      ---
      duration_ms: 0.047958
      type: 'test'
      ...
    # Subtest: available_translations must be exactly one object: {}
    ok 149 - available_translations must be exactly one object: {}
      ---
      duration_ms: 0.0485
      type: 'test'
      ...
    # Subtest: available_translations must be exactly one object: [{"api_path":"/api/content/guidance
    ok 150 - available_translations must be exactly one object: [{"api_path":"/api/content/guidance
      ---
      duration_ms: 0.09075
      type: 'test'
      ...
    # Subtest: available_translations missing rejects independently
    ok 151 - available_translations missing rejects independently
      ---
      duration_ms: 0.063834
      type: 'test'
      ...
    # Subtest: available_translations.content_id independently contradicts identity
    ok 152 - available_translations.content_id independently contradicts identity
      ---
      duration_ms: 0.071166
      type: 'test'
      ...
    # Subtest: available_translations.base_path independently contradicts identity
    ok 153 - available_translations.base_path independently contradicts identity
      ---
      duration_ms: 0.066875
      type: 'test'
      ...
    # Subtest: available_translations.locale independently contradicts identity
    ok 154 - available_translations.locale independently contradicts identity
      ---
      duration_ms: 0.069
      type: 'test'
      ...
    # Subtest: available_translations.document_type independently contradicts identity
    ok 155 - available_translations.document_type independently contradicts identity
      ---
      duration_ms: 0.064667
      type: 'test'
      ...
    # Subtest: available_translations.schema_name independently contradicts identity
    ok 156 - available_translations.schema_name independently contradicts identity
      ---
      duration_ms: 0.066167
      type: 'test'
      ...
    # Subtest: available_translations.withdrawn independently contradicts identity
    ok 157 - available_translations.withdrawn independently contradicts identity
      ---
      duration_ms: 0.062584
      type: 'test'
      ...
    # Subtest: available_translations.api_path independently contradicts identity
    ok 158 - available_translations.api_path independently contradicts identity
      ---
      duration_ms: 0.06375
      type: 'test'
      ...
    # Subtest: available_translations.api_url independently contradicts identity
    ok 159 - available_translations.api_url independently contradicts identity
      ---
      duration_ms: 0.067584
      type: 'test'
      ...
    # Subtest: available_translations.web_url independently contradicts identity
    ok 160 - available_translations.web_url independently contradicts identity
      ---
      duration_ms: 0.06875
      type: 'test'
      ...
    # Subtest: available_translations.links malformed structure rejects
    ok 161 - available_translations.links malformed structure rejects
      ---
      duration_ms: 0.074625
      type: 'test'
      ...
    # Subtest: available_translations.unknown malformed structure rejects
    ok 162 - available_translations.unknown malformed structure rejects
      ---
      duration_ms: 0.063416
      type: 'test'
      ...
    # Subtest: available_translations.content_id malformed structure rejects
    ok 163 - available_translations.content_id malformed structure rejects
      ---
      duration_ms: 0.066834
      type: 'test'
      ...
    # Subtest: manual must be exactly one object: []
    ok 164 - manual must be exactly one object: []
      ---
      duration_ms: 0.06025
      type: 'test'
      ...
    # Subtest: manual must be exactly one object: null
    ok 165 - manual must be exactly one object: null
      ---
      duration_ms: 0.058083
      type: 'test'
      ...
    # Subtest: manual must be exactly one object: {}
    ok 166 - manual must be exactly one object: {}
      ---
      duration_ms: 0.057292
      type: 'test'
      ...
    # Subtest: manual must be exactly one object: [{"api_path":"/api/content/guidance
    ok 167 - manual must be exactly one object: [{"api_path":"/api/content/guidance
      ---
      duration_ms: 0.071125
      type: 'test'
      ...
    # Subtest: manual missing rejects independently
    ok 168 - manual missing rejects independently
      ---
      duration_ms: 0.064458
      type: 'test'
      ...
    # Subtest: manual.content_id independently contradicts identity
    ok 169 - manual.content_id independently contradicts identity
      ---
      duration_ms: 0.070542
      type: 'test'
      ...
    # Subtest: manual.base_path independently contradicts identity
    ok 170 - manual.base_path independently contradicts identity
      ---
      duration_ms: 0.067292
      type: 'test'
      ...
    # Subtest: manual.locale independently contradicts identity
    ok 171 - manual.locale independently contradicts identity
      ---
      duration_ms: 0.066875
      type: 'test'
      ...
    # Subtest: manual.document_type independently contradicts identity
    ok 172 - manual.document_type independently contradicts identity
      ---
      duration_ms: 0.074
      type: 'test'
      ...
    # Subtest: manual.schema_name independently contradicts identity
    ok 173 - manual.schema_name independently contradicts identity
      ---
      duration_ms: 0.069084
      type: 'test'
      ...
    # Subtest: manual.withdrawn independently contradicts identity
    ok 174 - manual.withdrawn independently contradicts identity
      ---
      duration_ms: 0.069375
      type: 'test'
      ...
    # Subtest: manual.api_path independently contradicts identity
    ok 175 - manual.api_path independently contradicts identity
      ---
      duration_ms: 0.069375
      type: 'test'
      ...
    # Subtest: manual.api_url independently contradicts identity
    ok 176 - manual.api_url independently contradicts identity
      ---
      duration_ms: 0.068333
      type: 'test'
      ...
    # Subtest: manual.web_url independently contradicts identity
    ok 177 - manual.web_url independently contradicts identity
      ---
      duration_ms: 0.067708
      type: 'test'
      ...
    # Subtest: manual.links malformed structure rejects
    ok 178 - manual.links malformed structure rejects
      ---
      duration_ms: 0.067709
      type: 'test'
      ...
    # Subtest: manual.unknown malformed structure rejects
    ok 179 - manual.unknown malformed structure rejects
      ---
      duration_ms: 0.07725
      type: 'test'
      ...
    # Subtest: manual.content_id malformed structure rejects
    ok 180 - manual.content_id malformed structure rejects
      ---
      duration_ms: 0.068209
      type: 'test'
      ...
    # Subtest: organisations must be exactly one object: []
    ok 181 - organisations must be exactly one object: []
      ---
      duration_ms: 0.0605
      type: 'test'
      ...
    # Subtest: organisations must be exactly one object: null
    ok 182 - organisations must be exactly one object: null
      ---
      duration_ms: 0.06
      type: 'test'
      ...
    # Subtest: organisations must be exactly one object: {}
    ok 183 - organisations must be exactly one object: {}
      ---
      duration_ms: 0.055875
      type: 'test'
      ...
    # Subtest: organisations must be exactly one object: [{"api_path":"/api/content/governme
    ok 184 - organisations must be exactly one object: [{"api_path":"/api/content/governme
      ---
      duration_ms: 0.073333
      type: 'test'
      ...
    # Subtest: organisations missing rejects independently
    ok 185 - organisations missing rejects independently
      ---
      duration_ms: 0.057583
      type: 'test'
      ...
    # Subtest: organisations.content_id independently contradicts identity
    ok 186 - organisations.content_id independently contradicts identity
      ---
      duration_ms: 0.081167
      type: 'test'
      ...
    # Subtest: organisations.base_path independently contradicts identity
    ok 187 - organisations.base_path independently contradicts identity
      ---
      duration_ms: 0.074417
      type: 'test'
      ...
    # Subtest: organisations.locale independently contradicts identity
    ok 188 - organisations.locale independently contradicts identity
      ---
      duration_ms: 0.073125
      type: 'test'
      ...
    # Subtest: organisations.document_type independently contradicts identity
    ok 189 - organisations.document_type independently contradicts identity
      ---
      duration_ms: 0.073083
      type: 'test'
      ...
    # Subtest: organisations.schema_name independently contradicts identity
    ok 190 - organisations.schema_name independently contradicts identity
      ---
      duration_ms: 0.073167
      type: 'test'
      ...
    # Subtest: organisations.withdrawn independently contradicts identity
    ok 191 - organisations.withdrawn independently contradicts identity
      ---
      duration_ms: 0.071542
      type: 'test'
      ...
    # Subtest: organisations.api_path independently contradicts identity
    ok 192 - organisations.api_path independently contradicts identity
      ---
      duration_ms: 0.072
      type: 'test'
      ...
    # Subtest: organisations.api_url independently contradicts identity
    ok 193 - organisations.api_url independently contradicts identity
      ---
      duration_ms: 0.08075
      type: 'test'
      ...
    # Subtest: organisations.web_url independently contradicts identity
    ok 194 - organisations.web_url independently contradicts identity
      ---
      duration_ms: 0.073292
      type: 'test'
      ...
    # Subtest: organisations.links malformed structure rejects
    ok 195 - organisations.links malformed structure rejects
      ---
      duration_ms: 0.071625
      type: 'test'
      ...
    # Subtest: organisations.unknown malformed structure rejects
    ok 196 - organisations.unknown malformed structure rejects
      ---
      duration_ms: 0.0735
      type: 'test'
      ...
    # Subtest: organisations.content_id malformed structure rejects
    ok 197 - organisations.content_id malformed structure rejects
      ---
      duration_ms: 0.101
      type: 'test'
      ...
    # Subtest: primary_publishing_organisation must be exactly one object: []
    ok 198 - primary_publishing_organisation must be exactly one object: []
      ---
      duration_ms: 0.064542
      type: 'test'
      ...
    # Subtest: primary_publishing_organisation must be exactly one object: null
    ok 199 - primary_publishing_organisation must be exactly one object: null
      ---
      duration_ms: 0.061292
      type: 'test'
      ...
    # Subtest: primary_publishing_organisation must be exactly one object: {}
    ok 200 - primary_publishing_organisation must be exactly one object: {}
      ---
      duration_ms: 1.313708
      type: 'test'
      ...
    # Subtest: primary_publishing_organisation must be exactly one object: [{"api_path":"/api/content/governme
    ok 201 - primary_publishing_organisation must be exactly one object: [{"api_path":"/api/content/governme
      ---
      duration_ms: 0.124292
      type: 'test'
      ...
    # Subtest: primary_publishing_organisation missing rejects independently
    ok 202 - primary_publishing_organisation missing rejects independently
      ---
      duration_ms: 0.072833
      type: 'test'
      ...
    # Subtest: primary_publishing_organisation.content_id independently contradicts identity
    ok 203 - primary_publishing_organisation.content_id independently contradicts identity
      ---
      duration_ms: 0.0835
      type: 'test'
      ...
    # Subtest: primary_publishing_organisation.base_path independently contradicts identity
    ok 204 - primary_publishing_organisation.base_path independently contradicts identity
      ---
      duration_ms: 0.225125
      type: 'test'
      ...
    # Subtest: primary_publishing_organisation.locale independently contradicts identity
    ok 205 - primary_publishing_organisation.locale independently contradicts identity
      ---
      duration_ms: 0.114625
      type: 'test'
      ...
    # Subtest: primary_publishing_organisation.document_type independently contradicts identity
    ok 206 - primary_publishing_organisation.document_type independently contradicts identity
      ---
      duration_ms: 0.09325
      type: 'test'
      ...
    # Subtest: primary_publishing_organisation.schema_name independently contradicts identity
    ok 207 - primary_publishing_organisation.schema_name independently contradicts identity
      ---
      duration_ms: 0.083791
      type: 'test'
      ...
    # Subtest: primary_publishing_organisation.withdrawn independently contradicts identity
    ok 208 - primary_publishing_organisation.withdrawn independently contradicts identity
      ---
      duration_ms: 0.081584
      type: 'test'
      ...
    # Subtest: primary_publishing_organisation.api_path independently contradicts identity
    ok 209 - primary_publishing_organisation.api_path independently contradicts identity
      ---
      duration_ms: 0.078875
      type: 'test'
      ...
    # Subtest: primary_publishing_organisation.api_url independently contradicts identity
    ok 210 - primary_publishing_organisation.api_url independently contradicts identity
      ---
      duration_ms: 0.081458
      type: 'test'
      ...
    # Subtest: primary_publishing_organisation.web_url independently contradicts identity
    ok 211 - primary_publishing_organisation.web_url independently contradicts identity
      ---
      duration_ms: 0.079167
      type: 'test'
      ...
    # Subtest: primary_publishing_organisation.links malformed structure rejects
    ok 212 - primary_publishing_organisation.links malformed structure rejects
      ---
      duration_ms: 0.080958
      type: 'test'
      ...
    # Subtest: primary_publishing_organisation.unknown malformed structure rejects
    ok 213 - primary_publishing_organisation.unknown malformed structure rejects
      ---
      duration_ms: 0.077333
      type: 'test'
      ...
    # Subtest: primary_publishing_organisation.content_id malformed structure rejects
    ok 214 - primary_publishing_organisation.content_id malformed structure rejects
      ---
      duration_ms: 0.076042
      type: 'test'
      ...
    # Subtest: organisations organisation status must be live
    ok 215 - organisations organisation status must be live
      ---
      duration_ms: 0.096833
      type: 'test'
      ...
    # Subtest: organisations unknown/malformed details
    ok 216 - organisations unknown/malformed details
      ---
      duration_ms: 0.084375
      type: 'test'
      ...
    # Subtest: organisations unknown/malformed details.unknown
    ok 217 - organisations unknown/malformed details.unknown
      ---
      duration_ms: 0.08075
      type: 'test'
      ...
    # Subtest: organisations unknown/malformed details.logo.unknown
    ok 218 - organisations unknown/malformed details.logo.unknown
      ---
      duration_ms: 0.075625
      type: 'test'
      ...
    # Subtest: organisations unknown/malformed details.default_news_image.unknown
    ok 219 - organisations unknown/malformed details.default_news_image.unknown
      ---
      duration_ms: 0.076042
      type: 'test'
      ...
    # Subtest: organisations unknown/malformed details.organisation_govuk_status.unknown
    ok 220 - organisations unknown/malformed details.organisation_govuk_status.unknown
      ---
      duration_ms: 0.092625
      type: 'test'
      ...
    # Subtest: organisations unknown/malformed details.organisation_govuk_status.status
    ok 221 - organisations unknown/malformed details.organisation_govuk_status.status
      ---
      duration_ms: 0.08225
      type: 'test'
      ...
    # Subtest: organisations unknown/malformed title
    ok 222 - organisations unknown/malformed title
      ---
      duration_ms: 0.152792
      type: 'test'
      ...
    # Subtest: primary_publishing_organisation organisation status must be live
    ok 223 - primary_publishing_organisation organisation status must be live
      ---
      duration_ms: 0.098375
      type: 'test'
      ...
    # Subtest: primary_publishing_organisation unknown/malformed details
    ok 224 - primary_publishing_organisation unknown/malformed details
      ---
      duration_ms: 0.078625
      type: 'test'
      ...
    # Subtest: primary_publishing_organisation unknown/malformed details.unknown
    ok 225 - primary_publishing_organisation unknown/malformed details.unknown
      ---
      duration_ms: 0.141375
      type: 'test'
      ...
    # Subtest: primary_publishing_organisation unknown/malformed details.logo.unknown
    ok 226 - primary_publishing_organisation unknown/malformed details.logo.unknown
      ---
      duration_ms: 0.33475
      type: 'test'
      ...
    # Subtest: primary_publishing_organisation unknown/malformed details.default_news_image.unknown
    ok 227 - primary_publishing_organisation unknown/malformed details.default_news_image.unknown
      ---
      duration_ms: 0.354041
      type: 'test'
      ...
    # Subtest: primary_publishing_organisation unknown/malformed details.organisation_govuk_status.unknown
    ok 228 - primary_publishing_organisation unknown/malformed details.organisation_govuk_status.unknown
      ---
      duration_ms: 0.145
      type: 'test'
      ...
    # Subtest: primary_publishing_organisation unknown/malformed details.organisation_govuk_status.status
    ok 229 - primary_publishing_organisation unknown/malformed details.organisation_govuk_status.status
      ---
      duration_ms: 0.085625
      type: 'test'
      ...
    # Subtest: primary_publishing_organisation unknown/malformed title
    ok 230 - primary_publishing_organisation unknown/malformed title
      ---
      duration_ms: 1.71075
      type: 'test'
      ...
    # Subtest: unknown root relation fails closed
    ok 231 - unknown root relation fails closed
      ---
      duration_ms: 0.111167
      type: 'test'
      ...
    # Subtest: optional linked display fields may be absent
    ok 232 - optional linked display fields may be absent
      ---
      duration_ms: 0.112042
      type: 'test'
      ...
    1..232
ok 37 - National List profile
  ---
  duration_ms: 83.606292
  type: 'suite'
  ...
# Subtest: whole-string duplicate and grammar scanner
    # Subtest: duplicate audited-envelope case 1
    ok 1 - duplicate audited-envelope case 1
      ---
      duration_ms: 0.213667
      type: 'test'
      ...
    # Subtest: duplicate audited-envelope case 2
    ok 2 - duplicate audited-envelope case 2
      ---
      duration_ms: 0.063958
      type: 'test'
      ...
    # Subtest: duplicate audited-envelope case 3
    ok 3 - duplicate audited-envelope case 3
      ---
      duration_ms: 0.029042
      type: 'test'
      ...
    # Subtest: duplicate audited-envelope case 4
    ok 4 - duplicate audited-envelope case 4
      ---
      duration_ms: 0.053125
      type: 'test'
      ...
    # Subtest: duplicate audited-envelope case 5
    ok 5 - duplicate audited-envelope case 5
      ---
      duration_ms: 0.044083
      type: 'test'
      ...
    # Subtest: duplicate audited-envelope case 6
    ok 6 - duplicate audited-envelope case 6
      ---
      duration_ms: 0.028542
      type: 'test'
      ...
    # Subtest: reject malformed JSON 1: ""
    ok 7 - reject malformed JSON 1: ""
      ---
      duration_ms: 0.024042
      type: 'test'
      ...
    # Subtest: reject malformed JSON 2: " "
    ok 8 - reject malformed JSON 2: " "
      ---
      duration_ms: 0.016833
      type: 'test'
      ...
    # Subtest: reject malformed JSON 3: "﻿{}"
    ok 9 - reject malformed JSON 3: "﻿{}"
      ---
      duration_ms: 0.016542
      type: 'test'
      ...
    # Subtest: reject malformed JSON 4: "[]"
    ok 10 - reject malformed JSON 4: "[]"
      ---
      duration_ms: 0.013
      type: 'test'
      ...
    # Subtest: reject malformed JSON 5: "null"
    ok 11 - reject malformed JSON 5: "null"
      ---
      duration_ms: 0.013833
      type: 'test'
      ...
    # Subtest: reject malformed JSON 6: "true"
    ok 12 - reject malformed JSON 6: "true"
      ---
      duration_ms: 0.013583
      type: 'test'
      ...
    # Subtest: reject malformed JSON 7: "1"
    ok 13 - reject malformed JSON 7: "1"
      ---
      duration_ms: 0.0145
      type: 'test'
      ...
    # Subtest: reject malformed JSON 8: "\\"str\\""
    ok 14 - reject malformed JSON 8: "\\"str\\""
      ---
      duration_ms: 0.014
      type: 'test'
      ...
    # Subtest: reject malformed JSON 9: "{"
    ok 15 - reject malformed JSON 9: "{"
      ---
      duration_ms: 0.029833
      type: 'test'
      ...
    # Subtest: reject malformed JSON 10: "{\\"a\\":"
    ok 16 - reject malformed JSON 10: "{\\"a\\":"
      ---
      duration_ms: 0.045083
      type: 'test'
      ...
    # Subtest: reject malformed JSON 11: "{\\"a\\":1"
    ok 17 - reject malformed JSON 11: "{\\"a\\":1"
      ---
      duration_ms: 0.0255
      type: 'test'
      ...
    # Subtest: reject malformed JSON 12: "{/* comment */}"
    ok 18 - reject malformed JSON 12: "{/* comment */}"
      ---
      duration_ms: 0.01675
      type: 'test'
      ...
    # Subtest: reject malformed JSON 13: "{\\"a\\":1// comment\\n}"
    ok 19 - reject malformed JSON 13: "{\\"a\\":1// comment\\n}"
      ---
      duration_ms: 0.017041
      type: 'test'
      ...
    # Subtest: reject malformed JSON 14: "{\\"a\\":1,}"
    ok 20 - reject malformed JSON 14: "{\\"a\\":1,}"
      ---
      duration_ms: 0.017
      type: 'test'
      ...
    # Subtest: reject malformed JSON 15: "{\\"a\\":[1,]}"
    ok 21 - reject malformed JSON 15: "{\\"a\\":[1,]}"
      ---
      duration_ms: 0.018917
      type: 'test'
      ...
    # Subtest: reject malformed JSON 16: "{}{}"
    ok 22 - reject malformed JSON 16: "{}{}"
      ---
      duration_ms: 0.014042
      type: 'test'
      ...
    # Subtest: reject malformed JSON 17: "{} null"
    ok 23 - reject malformed JSON 17: "{} null"
      ---
      duration_ms: 0.013666
      type: 'test'
      ...
    # Subtest: reject malformed JSON 18: "{\\"a\\":1} trailing"
    ok 24 - reject malformed JSON 18: "{\\"a\\":1} trailing"
      ---
      duration_ms: 0.015792
      type: 'test'
      ...
    # Subtest: reject malformed JSON 19: "{\\"a\\":\\"\\\\x20\\"}"
    ok 25 - reject malformed JSON 19: "{\\"a\\":\\"\\\\x20\\"}"
      ---
      duration_ms: 0.016625
      type: 'test'
      ...
    # Subtest: reject malformed JSON 20: "{\\"a\\":\\"\\\\v\\"}"
    ok 26 - reject malformed JSON 20: "{\\"a\\":\\"\\\\v\\"}"
      ---
      duration_ms: 0.016125
      type: 'test'
      ...
    # Subtest: reject malformed JSON 21: "{\\"a\\":\\"\\\\u12\\"}"
    ok 27 - reject malformed JSON 21: "{\\"a\\":\\"\\\\u12\\"}"
      ---
      duration_ms: 0.017375
      type: 'test'
      ...
    # Subtest: reject malformed JSON 22: "{\\"a\\":\\"\\\\uZZZZ\\"}"
    ok 28 - reject malformed JSON 22: "{\\"a\\":\\"\\\\uZZZZ\\"}"
      ---
      duration_ms: 0.016042
      type: 'test'
      ...
    # Subtest: reject malformed JSON 23: "{\\"a\\":\\"\\\\uD800\\"}"
    ok 29 - reject malformed JSON 23: "{\\"a\\":\\"\\\\uD800\\"}"
      ---
      duration_ms: 0.017083
      type: 'test'
      ...
    # Subtest: reject malformed JSON 24: "{\\"a\\":\\"\\\\uDC00\\"}"
    ok 30 - reject malformed JSON 24: "{\\"a\\":\\"\\\\uDC00\\"}"
      ---
      duration_ms: 0.017
      type: 'test'
      ...
    # Subtest: reject malformed JSON 25: "{\\"a\\":\\"\\\\uD800x\\"}"
    ok 31 - reject malformed JSON 25: "{\\"a\\":\\"\\\\uD800x\\"}"
      ---
      duration_ms: 0.028667
      type: 'test'
      ...
    # Subtest: reject malformed JSON 26: "{\\"a\\":\\"\\\\uD800\\\\uD800\\"}"
    ok 32 - reject malformed JSON 26: "{\\"a\\":\\"\\\\uD800\\\\uD800\\"}"
      ---
      duration_ms: 0.0165
      type: 'test'
      ...
    # Subtest: reject malformed JSON 27: "{\\"a\\":\\"\\ud800\\"}"
    ok 33 - reject malformed JSON 27: "{\\"a\\":\\"\\ud800\\"}"
      ---
      duration_ms: 0.019459
      type: 'test'
      ...
    # Subtest: reject malformed JSON 28: "{\\"a\\":\\"\\udc00\\"}"
    ok 34 - reject malformed JSON 28: "{\\"a\\":\\"\\udc00\\"}"
      ---
      duration_ms: 0.016417
      type: 'test'
      ...
    # Subtest: reject malformed JSON 29: "{\\"a\\":\\"raw\\nnewline\\"}"
    ok 35 - reject malformed JSON 29: "{\\"a\\":\\"raw\\nnewline\\"}"
      ---
      duration_ms: 0.01575
      type: 'test'
      ...
    # Subtest: reject malformed JSON 30: "{\\"a\\":\\"\\u0000\\"}"
    ok 36 - reject malformed JSON 30: "{\\"a\\":\\"\\u0000\\"}"
      ---
      duration_ms: 0.016084
      type: 'test'
      ...
    # Subtest: reject malformed JSON 31: "{\\"a\\":\\"unterminated}"
    ok 37 - reject malformed JSON 31: "{\\"a\\":\\"unterminated}"
      ---
      duration_ms: 0.015833
      type: 'test'
      ...
    # Subtest: reject malformed JSON 32: "{\\"a\\":\\"backslash\\\\"
    ok 38 - reject malformed JSON 32: "{\\"a\\":\\"backslash\\\\"
      ---
      duration_ms: 0.016667
      type: 'test'
      ...
    # Subtest: reject malformed JSON 33: "{\\"a\\" 1}"
    ok 39 - reject malformed JSON 33: "{\\"a\\" 1}"
      ---
      duration_ms: 0.015709
      type: 'test'
      ...
    # Subtest: reject malformed JSON 34: "{a:1}"
    ok 40 - reject malformed JSON 34: "{a:1}"
      ---
      duration_ms: 0.015417
      type: 'test'
      ...
    # Subtest: reject malformed JSON 35: "{'a':1}"
    ok 41 - reject malformed JSON 35: "{'a':1}"
      ---
      duration_ms: 0.014875
      type: 'test'
      ...
    # Subtest: reject malformed JSON 36: "{\\"a\\":1 \\"b\\":2}"
    ok 42 - reject malformed JSON 36: "{\\"a\\":1 \\"b\\":2}"
      ---
      duration_ms: 0.018292
      type: 'test'
      ...
    # Subtest: reject malformed JSON 37: "{\\"a\\":[,]}"
    ok 43 - reject malformed JSON 37: "{\\"a\\":[,]}"
      ---
      duration_ms: 0.016833
      type: 'test'
      ...
    # Subtest: reject malformed JSON 38: "{\\"a\\":truefalse}"
    ok 44 - reject malformed JSON 38: "{\\"a\\":truefalse}"
      ---
      duration_ms: 0.016958
      type: 'test'
      ...
    # Subtest: reject malformed JSON 39: "{\\"a\\":False}"
    ok 45 - reject malformed JSON 39: "{\\"a\\":False}"
      ---
      duration_ms: 0.015958
      type: 'test'
      ...
    # Subtest: reject malformed JSON 40: "{\\"a\\":undefined}"
    ok 46 - reject malformed JSON 40: "{\\"a\\":undefined}"
      ---
      duration_ms: 0.0265
      type: 'test'
      ...
    # Subtest: reject malformed JSON 41: "{\\"a\\":NaN}"
    ok 47 - reject malformed JSON 41: "{\\"a\\":NaN}"
      ---
      duration_ms: 0.01675
      type: 'test'
      ...
    # Subtest: reject malformed JSON 42: "{\\"a\\":Infinity}"
    ok 48 - reject malformed JSON 42: "{\\"a\\":Infinity}"
      ---
      duration_ms: 0.016042
      type: 'test'
      ...
    # Subtest: reject malformed JSON 43: "{\\"a\\":-Infinity}"
    ok 49 - reject malformed JSON 43: "{\\"a\\":-Infinity}"
      ---
      duration_ms: 0.016083
      type: 'test'
      ...
    # Subtest: reject malformed JSON 44: "{\\"a\\":01}"
    ok 50 - reject malformed JSON 44: "{\\"a\\":01}"
      ---
      duration_ms: 0.14625
      type: 'test'
      ...
    # Subtest: reject malformed JSON 45: "{\\"a\\":-01}"
    ok 51 - reject malformed JSON 45: "{\\"a\\":-01}"
      ---
      duration_ms: 0.11225
      type: 'test'
      ...
    # Subtest: reject malformed JSON 46: "{\\"a\\":+1}"
    ok 52 - reject malformed JSON 46: "{\\"a\\":+1}"
      ---
      duration_ms: 0.070125
      type: 'test'
      ...
    # Subtest: reject malformed JSON 47: "{\\"a\\":.1}"
    ok 53 - reject malformed JSON 47: "{\\"a\\":.1}"
      ---
      duration_ms: 0.041292
      type: 'test'
      ...
    # Subtest: reject malformed JSON 48: "{\\"a\\":1.}"
    ok 54 - reject malformed JSON 48: "{\\"a\\":1.}"
      ---
      duration_ms: 0.049333
      type: 'test'
      ...
    # Subtest: reject malformed JSON 49: "{\\"a\\":1e}"
    ok 55 - reject malformed JSON 49: "{\\"a\\":1e}"
      ---
      duration_ms: 0.095333
      type: 'test'
      ...
    # Subtest: reject malformed JSON 50: "{\\"a\\":1e+}"
    ok 56 - reject malformed JSON 50: "{\\"a\\":1e+}"
      ---
      duration_ms: 0.034041
      type: 'test'
      ...
    # Subtest: reject malformed JSON 51: "{\\"a\\":1e-}"
    ok 57 - reject malformed JSON 51: "{\\"a\\":1e-}"
      ---
      duration_ms: 0.022625
      type: 'test'
      ...
    # Subtest: reject malformed JSON 52: "{\\"a\\":--1}"
    ok 58 - reject malformed JSON 52: "{\\"a\\":--1}"
      ---
      duration_ms: 0.147834
      type: 'test'
      ...
    # Subtest: reject malformed JSON 53: "{\\"a\\":-}"
    ok 59 - reject malformed JSON 53: "{\\"a\\":-}"
      ---
      duration_ms: 0.078458
      type: 'test'
      ...
    # Subtest: reject malformed JSON 54: "{\\"a\\":1e309}"
    ok 60 - reject malformed JSON 54: "{\\"a\\":1e309}"
      ---
      duration_ms: 0.078542
      type: 'test'
      ...
    # Subtest: reject malformed JSON 55: "{\\"a\\":0x10}"
    ok 61 - reject malformed JSON 55: "{\\"a\\":0x10}"
      ---
      duration_ms: 0.069208
      type: 'test'
      ...
    # Subtest: reject malformed JSON 56: "{\\"a\\":1,\\"a\\":1}"
    ok 62 - reject malformed JSON 56: "{\\"a\\":1,\\"a\\":1}"
      ---
      duration_ms: 0.145834
      type: 'test'
      ...
    # Subtest: reject malformed JSON 57: "{\\"a\\":1,\\"\\\\u0061\\":2}"
    ok 63 - reject malformed JSON 57: "{\\"a\\":1,\\"\\\\u0061\\":2}"
      ---
      duration_ms: 0.066166
      type: 'test'
      ...
    # Subtest: reject malformed JSON 58: "{\\"nest\\":[{\\"b\\":1,\\"b\\":2}]}"
    ok 64 - reject malformed JSON 58: "{\\"nest\\":[{\\"b\\":1,\\"b\\":2}]}"
      ---
      duration_ms: 0.045833
      type: 'test'
      ...
    # Subtest: reject malformed JSON 59: "{\\"a\\\\n\\":1,\\"a\\\\u000a\\":2}"
    ok 65 - reject malformed JSON 59: "{\\"a\\\\n\\":1,\\"a\\\\u000a\\":2}"
      ---
      duration_ms: 0.160958
      type: 'test'
      ...
    # Subtest: reject malformed JSON 60: "{\\"😀\\":1,\\"\\\\ud83d\\\\ude00\\":2}"
    ok 66 - reject malformed JSON 60: "{\\"😀\\":1,\\"\\\\ud83d\\\\ude00\\":2}"
      ---
      duration_ms: 0.089583
      type: 'test'
      ...
    # Subtest: reject malformed JSON 61: "{\\"a\\":1} "
    ok 67 - reject malformed JSON 61: "{\\"a\\":1} "
      ---
      duration_ms: 0.038208
      type: 'test'
      ...
    # Subtest: reject malformed JSON 62: "{ \\"a\\":1}"
    ok 68 - reject malformed JSON 62: "{ \\"a\\":1}"
      ---
      duration_ms: 0.1225
      type: 'test'
      ...
    # Subtest: reject dangerous decoded key __proto__ at any depth
    ok 69 - reject dangerous decoded key __proto__ at any depth
      ---
      duration_ms: 0.762084
      type: 'test'
      ...
    # Subtest: reject dangerous decoded key prototype at any depth
    ok 70 - reject dangerous decoded key prototype at any depth
      ---
      duration_ms: 0.039
      type: 'test'
      ...
    # Subtest: reject dangerous decoded key constructor at any depth
    ok 71 - reject dangerous decoded key constructor at any depth
      ---
      duration_ms: 0.024625
      type: 'test'
      ...
    # Subtest: reject dangerous decoded key \\u005f_proto__ at any depth
    ok 72 - reject dangerous decoded key \\u005f_proto__ at any depth
      ---
      duration_ms: 0.023291
      type: 'test'
      ...
    # Subtest: reject dangerous decoded key proto\\u0074ype at any depth
    ok 73 - reject dangerous decoded key proto\\u0074ype at any depth
      ---
      duration_ms: 0.018917
      type: 'test'
      ...
    # Subtest: reject dangerous decoded key construc\\u0074or at any depth
    ok 74 - reject dangerous decoded key construc\\u0074or at any depth
      ---
      duration_ms: 0.018583
      type: 'test'
      ...
    # Subtest: scan/JSON.parse agreement 1
    ok 75 - scan/JSON.parse agreement 1
      ---
      duration_ms: 0.035125
      type: 'test'
      ...
    # Subtest: scan/JSON.parse agreement 2
    ok 76 - scan/JSON.parse agreement 2
      ---
      duration_ms: 0.025542
      type: 'test'
      ...
    # Subtest: scan/JSON.parse agreement 3
    ok 77 - scan/JSON.parse agreement 3
      ---
      duration_ms: 0.023125
      type: 'test'
      ...
    # Subtest: scan/JSON.parse agreement 4
    ok 78 - scan/JSON.parse agreement 4
      ---
      duration_ms: 0.016167
      type: 'test'
      ...
    # Subtest: scan/JSON.parse agreement 5
    ok 79 - scan/JSON.parse agreement 5
      ---
      duration_ms: 0.016292
      type: 'test'
      ...
    # Subtest: scan/JSON.parse agreement 6
    ok 80 - scan/JSON.parse agreement 6
      ---
      duration_ms: 0.015083
      type: 'test'
      ...
    # Subtest: scan/JSON.parse agreement 7
    ok 81 - scan/JSON.parse agreement 7
      ---
      duration_ms: 0.014291
      type: 'test'
      ...
    # Subtest: scan/JSON.parse agreement 8
    ok 82 - scan/JSON.parse agreement 8
      ---
      duration_ms: 0.016334
      type: 'test'
      ...
    # Subtest: scan/JSON.parse agreement 9
    ok 83 - scan/JSON.parse agreement 9
      ---
      duration_ms: 0.066334
      type: 'test'
      ...
    # Subtest: scan/JSON.parse agreement 10
    ok 84 - scan/JSON.parse agreement 10
      ---
      duration_ms: 0.03375
      type: 'test'
      ...
    # Subtest: scan/JSON.parse agreement 11
    ok 85 - scan/JSON.parse agreement 11
      ---
      duration_ms: 0.018542
      type: 'test'
      ...
    # Subtest: scan/JSON.parse agreement 12
    ok 86 - scan/JSON.parse agreement 12
      ---
      duration_ms: 0.017208
      type: 'test'
      ...
    # Subtest: scan validates the entire document even after correct identity
    ok 87 - scan validates the entire document even after correct identity
      ---
      duration_ms: 0.070208
      type: 'test'
      ...
    1..87
ok 38 - whole-string duplicate and grammar scanner
  ---
  duration_ms: 5.4245
  type: 'suite'
  ...
# Subtest: inclusive parser resource boundaries
    # Subtest: fixed audited bounds are frozen
    ok 1 - fixed audited bounds are frozen
      ---
      duration_ms: 0.048292
      type: 'test'
      ...
    # Subtest: UTF-8 bytes exactly at limit pass; one byte over fails
    ok 2 - UTF-8 bytes exactly at limit pass; one byte over fails
      ---
      duration_ms: 4.628041
      type: 'test'
      ...
    # Subtest: container depth includes root, but scalar leaves do not add depth
    ok 3 - container depth includes root, but scalar leaves do not add depth
      ---
      duration_ms: 0.23775
      type: 'test'
      ...
    # Subtest: total members at 2048 pass; at 2049 fail with every object within 256
    ok 4 - total members at 2048 pass; at 2049 fail with every object within 256
      ---
      duration_ms: 7.127167
      type: 'test'
      ...
    # Subtest: per-object members 256 pass; 257 fail
    ok 5 - per-object members 256 pass; 257 fail
      ---
      duration_ms: 0.992709
      type: 'test'
      ...
    # Subtest: per-array elements 1024 pass; 1025 fail
    ok 6 - per-array elements 1024 pass; 1025 fail
      ---
      duration_ms: 0.746625
      type: 'test'
      ...
    # Subtest: 4096 total values including containers pass; 4097 fail
    ok 7 - 4096 total values including containers pass; 4097 fail
      ---
      duration_ms: 1.443125
      type: 'test'
      ...
    # Subtest: decoded key limit counts UTF-16 units, not escape bytes or code points
    ok 8 - decoded key limit counts UTF-16 units, not escape bytes or code points
      ---
      duration_ms: 0.136584
      type: 'test'
      ...
    # Subtest: number tokens 64 units pass; 65 fail even when finite
    ok 9 - number tokens 64 units pass; 65 fail even when finite
      ---
      duration_ms: 0.053958
      type: 'test'
      ...
    1..9
ok 39 - inclusive parser resource boundaries
  ---
  duration_ms: 15.584833
  type: 'suite'
  ...
# Subtest: registry and production dormancy
    # Subtest: production registry contains exactly this existing profile after import
    ok 1 - production registry contains exactly this existing profile after import
      ---
      duration_ms: 0.041625
      type: 'test'
      ...
    # Subtest: the registry is the sole allowed non-test production importer of this module
    ok 2 - the registry is the sole allowed non-test production importer of this module
      ---
      duration_ms: 58.460959
      type: 'test'
      ...
    # Subtest: profile has one type-only dependency and no network, database, clock or registration authority
    ok 3 - profile has one type-only dependency and no network, database, clock or registration authority
      ---
      duration_ms: 211.998083
      type: 'test'
      ...
    # Subtest: fresh official-truth-content-identity import has no runtime cycle, network or verifier execution
    ok 4 - fresh official-truth-content-identity import has no runtime cycle, network or verifier execution
      ---
      duration_ms: 474.587416
      type: 'test'
      ...
    # Subtest: fresh official-truth-govuk-content-api-identity-profile import has no runtime cycle, network or verifier execution
    ok 5 - fresh official-truth-govuk-content-api-identity-profile import has no runtime cycle, network or verifier execution
      ---
      duration_ms: 436.971709
      type: 'test'
      ...
    1..5
ok 40 - registry and production dormancy
  ---
  duration_ms: 1182.244792
  type: 'suite'
  ...
# Subtest: Official Truth accepted Evidence refresh diff
    # Subtest: der Vergleich beweist die Annahme neu und benutzt nur die bestehende Vergleichsfunktion
    ok 1 - der Vergleich beweist die Annahme neu und benutzt nur die bestehende Vergleichsfunktion
      ---
      duration_ms: 2.57725
      type: 'test'
      ...
    # Subtest: gleicher normalisierter Quellentext bleibt unverändert und schaltet die spätere Analyse kurz
    ok 2 - gleicher normalisierter Quellentext bleibt unverändert und schaltet die spätere Analyse kurz
      ---
      duration_ms: 22.858791
      type: 'test'
      ...
    # Subtest: ein anderer normalisierter Quellentext ist geändert und bestätigt keine Regel
    ok 3 - ein anderer normalisierter Quellentext ist geändert und bestätigt keine Regel
      ---
      duration_ms: 12.312
      type: 'test'
      ...
    # Subtest: eine andere Faktart bleibt dieselbe Zelle und wird nicht zur Regelbestätigung
    ok 4 - eine andere Faktart bleibt dieselbe Zelle und wird nicht zur Regelbestätigung
      ---
      duration_ms: 1.243792
      type: 'test'
      ...
    # Subtest: kein Parameter nimmt eine EvidenceVersion an und ein erfundenes Objekt beeinflusst den Vergleich nicht
    ok 5 - kein Parameter nimmt eine EvidenceVersion an und ein erfundenes Objekt beeinflusst den Vergleich nicht
      ---
      duration_ms: 4.311333
      type: 'test'
      ...
    # Subtest: ein ungültiger Basisumschlag scheitert über die Annahmebrücke
    ok 6 - ein ungültiger Basisumschlag scheitert über die Annahmebrücke
      ---
      duration_ms: 8.183041
      type: 'test'
      ...
    # Subtest: eine ungültige oder nur kandidatenhafte Basisextraktion scheitert über die Annahmebrücke
    ok 7 - eine ungültige oder nur kandidatenhafte Basisextraktion scheitert über die Annahmebrücke
      ---
      duration_ms: 21.884
      type: 'test'
      ...
    # Subtest: eine lizenzierte Basis scheitert über den vertrauenswürdigen Abruf
    ok 8 - eine lizenzierte Basis scheitert über den vertrauenswürdigen Abruf
      ---
      duration_ms: 10.4585
      type: 'test'
      ...
    # Subtest: eine andere amtliche Quelle und eine andere Regelzelle scheitern geschlossen
    ok 9 - eine andere amtliche Quelle und eine andere Regelzelle scheitern geschlossen
      ---
      duration_ms: 4.342458
      type: 'test'
      ...
    # Subtest: ein veränderter neuer Umschlag scheitert über die Belegprüfung
    ok 10 - ein veränderter neuer Umschlag scheitert über die Belegprüfung
      ---
      duration_ms: 9.803042
      type: 'test'
      ...
    # Subtest: Erfolg und Fehler enthalten keine Adresse, keinen Text, keinen Hash und keinen privaten Wert
    ok 11 - Erfolg und Fehler enthalten keine Adresse, keinen Text, keinen Hash und keinen privaten Wert
      ---
      duration_ms: 25.980375
      type: 'test'
      ...
    # Subtest: Eingaben bleiben unverändert und der Erfolg trägt keine Regelwirkung
    ok 12 - Eingaben bleiben unverändert und der Erfolg trägt keine Regelwirkung
      ---
      duration_ms: 3.007833
      type: 'test'
      ...
    # Subtest: dieselbe Quelle und dieselbe Zelle auf einer anderen kanonischen Seite bleiben gesperrt
    ok 13 - dieselbe Quelle und dieselbe Zelle auf einer anderen kanonischen Seite bleiben gesperrt
      ---
      duration_ms: 50.385333
      type: 'test'
      ...
    # Subtest: gleichwertige URL-Normalisierung bleibt dieselbe amtliche Seite
    ok 14 - gleichwertige URL-Normalisierung bleibt dieselbe amtliche Seite
      ---
      duration_ms: 2.867458
      type: 'test'
      ...
    # Subtest: unabhängig gebaute gleiche Registries bleiben dieselbe Identität
    ok 15 - unabhängig gebaute gleiche Registries bleiben dieselbe Identität
      ---
      duration_ms: 5.1145
      type: 'test'
      ...
    # Subtest: eine andere Registry-Identität bleibt gesperrt, auch bei gleichem Quellentext
    ok 16 - eine andere Registry-Identität bleibt gesperrt, auch bei gleichem Quellentext
      ---
      duration_ms: 30.633083
      type: 'test'
      ...
    1..16
ok 41 - Official Truth accepted Evidence refresh diff
  ---
  duration_ms: 217.419333
  type: 'suite'
  ...
# Subtest: Official Truth research execution allowlist plan
    # Subtest: der Plan trägt keine Personenfelder, keine Adresse und keine Einreisewirkung
    ok 1 - der Plan trägt keine Personenfelder, keine Adresse und keine Einreisewirkung
      ---
      duration_ms: 1.478375
      type: 'test'
      ...
    # Subtest: eine passende Behörde ergibt Kennung und registrierte Hostnamen
    ok 2 - eine passende Behörde ergibt Kennung und registrierte Hostnamen
      ---
      duration_ms: 5.956667
      type: 'test'
      ...
    # Subtest: zwei Behörden bleiben stabil sortiert
    ok 3 - zwei Behörden bleiben stabil sortiert
      ---
      duration_ms: 1.435333
      type: 'test'
      ...
    # Subtest: ein lizenzierter Anbieter allein ergibt keinen Plan
    ok 4 - ein lizenzierter Anbieter allein ergibt keinen Plan
      ---
      duration_ms: 1.792125
      type: 'test'
      ...
    # Subtest: aus einer gemischten Registry bleibt nur die Behörde
    ok 5 - aus einer gemischten Registry bleibt nur die Behörde
      ---
      duration_ms: 0.761083
      type: 'test'
      ...
    # Subtest: eine gesperrte oder verfälschte Registry verwirft den Plan
    ok 6 - eine gesperrte oder verfälschte Registry verwirft den Plan
      ---
      duration_ms: 2.843917
      type: 'test'
      ...
    # Subtest: mehrere registrierte Hostnamen bleiben normalisiert und sortiert
    ok 7 - mehrere registrierte Hostnamen bleiben normalisiert und sortiert
      ---
      duration_ms: 1.503292
      type: 'test'
      ...
    # Subtest: eine verfälschte Anfrage wird blockiert und die Eingabe bleibt stehen
    ok 8 - eine verfälschte Anfrage wird blockiert und die Eingabe bleibt stehen
      ---
      duration_ms: 2.862875
      type: 'test'
      ...
    # Subtest: eine mitgebrachte Adresse am Deskriptor wird nicht zum Plan
    ok 9 - eine mitgebrachte Adresse am Deskriptor wird nicht zum Plan
      ---
      duration_ms: 10.645542
      type: 'test'
      ...
    # Subtest: eine andere Zelle bekommt nicht die Hostnamen der ersten Option
    ok 10 - eine andere Zelle bekommt nicht die Hostnamen der ersten Option
      ---
      duration_ms: 22.353833
      type: 'test'
      ...
    1..10
ok 42 - Official Truth research execution allowlist plan
  ---
  duration_ms: 52.690791
  type: 'suite'
  ...
# Subtest: Official Truth research request contract
    # Subtest: Personenfelder, Freitext und Anforderungswirkungen sind im Vertrag nicht ausdrückbar
    ok 1 - Personenfelder, Freitext und Anforderungswirkungen sind im Vertrag nicht ausdrückbar
      ---
      duration_ms: 0.617
      type: 'test'
      ...
    # Subtest: die Kennungsmenge bleibt an den bestehenden Claim-Vertrag gebunden
    ok 2 - die Kennungsmenge bleibt an den bestehenden Claim-Vertrag gebunden
      ---
      duration_ms: 0.244292
      type: 'test'
      ...
    # Subtest: current ergibt keine Forschungsanfrage
    ok 3 - current ergibt keine Forschungsanfrage
      ---
      duration_ms: 11.911208
      type: 'test'
      ...
    # Subtest: missing ergibt eine begrenzte Forschungsanfrage
    ok 4 - missing ergibt eine begrenzte Forschungsanfrage
      ---
      duration_ms: 9.311
      type: 'test'
      ...
    # Subtest: recheck_needed behält den genauen Grund und kollidiert nicht mit missing
    ok 5 - recheck_needed behält den genauen Grund und kollidiert nicht mit missing
      ---
      duration_ms: 0.93575
      type: 'test'
      ...
    # Subtest: invalid bleibt blockiert und wird nicht zu einer Lücke oder einer Anfrage
    ok 6 - invalid bleibt blockiert und wird nicht zu einer Lücke oder einer Anfrage
      ---
      duration_ms: 0.469458
      type: 'test'
      ...
    # Subtest: eine Wirkung wird nicht aus einer Lücke abgeleitet
    ok 7 - eine Wirkung wird nicht aus einer Lücke abgeleitet
      ---
      duration_ms: 0.233125
      type: 'test'
      ...
    # Subtest: dieselbe kanonische Zelle und derselbe Grund ergeben denselben Schlüssel
    ok 8 - dieselbe kanonische Zelle und derselbe Grund ergeben denselben Schlüssel
      ---
      duration_ms: 0.6775
      type: 'test'
      ...
    # Subtest: unterschiedliche Staatsbürgerschaft, Dokumente, Ziel und Transit kollidieren nicht
    ok 9 - unterschiedliche Staatsbürgerschaft, Dokumente, Ziel und Transit kollidieren nicht
      ---
      duration_ms: 4.769583
      type: 'test'
      ...
    # Subtest: keine Staatsbürgerschaft, kein Pass und kein Transit werden ergänzt
    ok 10 - keine Staatsbürgerschaft, kein Pass und kein Transit werden ergänzt
      ---
      duration_ms: 0.529208
      type: 'test'
      ...
    # Subtest: Personen- und Freitextfelder werden abgelehnt und nicht in das Ergebnis übernommen
    ok 11 - Personen- und Freitextfelder werden abgelehnt und nicht in das Ergebnis übernommen
      ---
      duration_ms: 0.298208
      type: 'test'
      ...
    # Subtest: ein abweichender Scope wird nicht still erforscht
    ok 12 - ein abweichender Scope wird nicht still erforscht
      ---
      duration_ms: 0.087334
      type: 'test'
      ...
    # Subtest: die echte Abdeckung wird übernommen und nicht neu bewertet
    ok 13 - die echte Abdeckung wird übernommen und nicht neu bewertet
      ---
      duration_ms: 0.664792
      type: 'test'
      ...
    # Subtest: die Eingabe wird nicht verändert
    ok 14 - die Eingabe wird nicht verändert
      ---
      duration_ms: 0.084667
      type: 'test'
      ...
    1..14
ok 43 - Official Truth research request contract
  ---
  duration_ms: 42.110083
  type: 'suite'
  ...
# Subtest: Official Truth research source routing
    # Subtest: die Entscheidung trägt keine Personenfelder und keine Einreisewirkung
    ok 1 - die Entscheidung trägt keine Personenfelder und keine Einreisewirkung
      ---
      duration_ms: 1.450833
      type: 'test'
      ...
    # Subtest: eine passende Behörde ist eine zulässige Quelle
    ok 2 - eine passende Behörde ist eine zulässige Quelle
      ---
      duration_ms: 3.326167
      type: 'test'
      ...
    # Subtest: ein passender lizenzierter Anbieter allein ergibt keine amtliche Quelle
    ok 3 - ein passender lizenzierter Anbieter allein ergibt keine amtliche Quelle
      ---
      duration_ms: 0.90325
      type: 'test'
      ...
    # Subtest: aus einer gemischten Registry bleibt nur die Behörde
    ok 4 - aus einer gemischten Registry bleibt nur die Behörde
      ---
      duration_ms: 0.722375
      type: 'test'
      ...
    # Subtest: eine Behörde mit anderem Ziel bleibt ohne Quelle
    ok 5 - eine Behörde mit anderem Ziel bleibt ohne Quelle
      ---
      duration_ms: 1.221
      type: 'test'
      ...
    # Subtest: Ziel und Transit bleiben getrennt
    ok 6 - Ziel und Transit bleiben getrennt
      ---
      duration_ms: 3.668291
      type: 'test'
      ...
    # Subtest: Staatsbürgerschaft und Ausstellerland ersetzen einander nicht
    ok 7 - Staatsbürgerschaft und Ausstellerland ersetzen einander nicht
      ---
      duration_ms: 11.782875
      type: 'test'
      ...
    # Subtest: eine andere Dokumentoption bleibt ohne Quelle
    ok 8 - eine andere Dokumentoption bleibt ohne Quelle
      ---
      duration_ms: 2.738834
      type: 'test'
      ...
    # Subtest: die Reihenfolge ist stabil und unabhängig von der Eingabe
    ok 9 - die Reihenfolge ist stabil und unabhängig von der Eingabe
      ---
      duration_ms: 5.128333
      type: 'test'
      ...
    # Subtest: Faktart und Forschungsgrund ändern die Quellen nicht und bleiben Teil der Anfrage
    ok 10 - Faktart und Forschungsgrund ändern die Quellen nicht und bleiben Teil der Anfrage
      ---
      duration_ms: 2.042625
      type: 'test'
      ...
    # Subtest: ein verfälschter Scope oder eine verfälschte Anfrage wird blockiert
    ok 11 - ein verfälschter Scope oder eine verfälschte Anfrage wird blockiert
      ---
      duration_ms: 0.356792
      type: 'test'
      ...
    # Subtest: fehlende Abdeckung bleibt ohne Quelle und ohne Wirkung
    ok 12 - fehlende Abdeckung bleibt ohne Quelle und ohne Wirkung
      ---
      duration_ms: 0.131
      type: 'test'
      ...
    1..12
ok 44 - Official Truth research source routing
  ---
  duration_ms: 34.39075
  type: 'suite'
  ...
# Subtest: Official Truth retrieved material candidate evidence
    # Subtest: der Kandidat ist keine angenommene Wahrheit und der Konstruktor bleibt der bestehende
    ok 1 - der Kandidat ist keine angenommene Wahrheit und der Konstruktor bleibt der bestehende
      ---
      duration_ms: 0.889042
      type: 'test'
      ...
    # Subtest: gültiger Abruf und leere Gültigkeit ergeben candidate/pending Evidence
    ok 2 - gültiger Abruf und leere Gültigkeit ergeben candidate/pending Evidence
      ---
      duration_ms: 10.605583
      type: 'test'
      ...
    # Subtest: Notiz und Gültigkeitsfenster bleiben die Werte des bestehenden Konstruktors
    ok 3 - Notiz und Gültigkeitsfenster bleiben die Werte des bestehenden Konstruktors
      ---
      duration_ms: 27.482125
      type: 'test'
      ...
    # Subtest: sourceId und Scope kommen aus Anfrage und Beleg, nicht aus der Extraktion oder einem zweiten sourceId
    ok 4 - sourceId und Scope kommen aus Anfrage und Beleg, nicht aus der Extraktion oder einem zweiten sourceId
      ---
      duration_ms: 7.795458
      type: 'test'
      ...
    # Subtest: Scope, Quelle, Provenienz, Hash und Entscheidung in der Extraktion sperren ohne Wert
    ok 5 - Scope, Quelle, Provenienz, Hash und Entscheidung in der Extraktion sperren ohne Wert
      ---
      duration_ms: 2.48
      type: 'test'
      ...
    # Subtest: persönliche Extraktionsfelder sperren ohne Echo
    ok 6 - persönliche Extraktionsfelder sperren ohne Echo
      ---
      duration_ms: 5.081125
      type: 'test'
      ...
    # Subtest: ein veränderter Umschlag scheitert, weil der Abruf neu belegt wird
    ok 7 - ein veränderter Umschlag scheitert, weil der Abruf neu belegt wird
      ---
      duration_ms: 3.9685
      type: 'test'
      ...
    # Subtest: Eingabe und Extraktion bleiben unverändert
    ok 8 - Eingabe und Extraktion bleiben unverändert
      ---
      duration_ms: 2.918042
      type: 'test'
      ...
    1..8
ok 45 - Official Truth retrieved material candidate evidence
  ---
  duration_ms: 61.860584
  type: 'suite'
  ...
# Subtest: Official Truth retrieved material receipt
    # Subtest: der Beleg trägt keine Personenfelder und keinen Wirkungsstatus
    ok 1 - der Beleg trägt keine Personenfelder und keinen Wirkungsstatus
      ---
      duration_ms: 0.680458
      type: 'test'
      ...
    # Subtest: amtliche Quelle, registrierte URL und gültige Zeit ergeben einen Beleg
    ok 2 - amtliche Quelle, registrierte URL und gültige Zeit ergeben einen Beleg
      ---
      duration_ms: 15.68375
      type: 'test'
      ...
    # Subtest: ein lizenzierter Anbieter bleibt blockiert
    ok 3 - ein lizenzierter Anbieter bleibt blockiert
      ---
      duration_ms: 1.776125
      type: 'test'
      ...
    # Subtest: eine nicht zulässige Behörde bleibt blockiert
    ok 4 - eine nicht zulässige Behörde bleibt blockiert
      ---
      duration_ms: 2.480083
      type: 'test'
      ...
    # Subtest: eine URL einer anderen registrierten Quelle bleibt blockiert
    ok 5 - eine URL einer anderen registrierten Quelle bleibt blockiert
      ---
      duration_ms: 5.700833
      type: 'test'
      ...
    # Subtest: unregistrierte, gesperrte, lokale, unsichere und Credential-URLs bleiben blockiert
    ok 6 - unregistrierte, gesperrte, lokale, unsichere und Credential-URLs bleiben blockiert
      ---
      duration_ms: 9.636625
      type: 'test'
      ...
    # Subtest: Tracking-Parameter werden ohne Wert zurückgewiesen
    ok 7 - Tracking-Parameter werden ohne Wert zurückgewiesen
      ---
      duration_ms: 51.253125
      type: 'test'
      ...
    # Subtest: funktionale lang- und ref-Parameter bleiben erlaubt
    ok 8 - funktionale lang- und ref-Parameter bleiben erlaubt
      ---
      duration_ms: 0.724042
      type: 'test'
      ...
    # Subtest: zukünftige, ungültige und nicht-Z-Zeiten scheitern an der injizierten Uhr
    ok 9 - zukünftige, ungültige und nicht-Z-Zeiten scheitern an der injizierten Uhr
      ---
      duration_ms: 27.648333
      type: 'test'
      ...
    # Subtest: leerer und zu großer Quellentext scheitert ohne Inhaltsecho
    ok 10 - leerer und zu großer Quellentext scheitert ohne Inhaltsecho
      ---
      duration_ms: 1.531791
      type: 'test'
      ...
    # Subtest: ein mitgelieferter Hash oder eine zweite Provenienz wird abgelehnt
    ok 11 - ein mitgelieferter Hash oder eine zweite Provenienz wird abgelehnt
      ---
      duration_ms: 7.38325
      type: 'test'
      ...
    # Subtest: persönliche Schlüssel werden ohne Wert zurückgewiesen
    ok 12 - persönliche Schlüssel werden ohne Wert zurückgewiesen
      ---
      duration_ms: 7.168625
      type: 'test'
      ...
    # Subtest: eine veränderte Anfrage wird neu belegt und nicht aus einer mitgebrachten Route übernommen
    ok 13 - eine veränderte Anfrage wird neu belegt und nicht aus einer mitgebrachten Route übernommen
      ---
      duration_ms: 0.539208
      type: 'test'
      ...
    # Subtest: der Umschlag bleibt bei einer Sperre unverändert
    ok 14 - der Umschlag bleibt bei einer Sperre unverändert
      ---
      duration_ms: 0.798958
      type: 'test'
      ...
    # Subtest: Zeilenenden ändern den gespeicherten Text nicht und den Fingerprint nur nach der bestehenden Regel
    ok 15 - Zeilenenden ändern den gespeicherten Text nicht und den Fingerprint nur nach der bestehenden Regel
      ---
      duration_ms: 7.277791
      type: 'test'
      ...
    1..15
ok 46 - Official Truth retrieved material receipt
  ---
  duration_ms: 142.626542
  type: 'suite'
  ...
# Subtest: Official Truth review suggestion contract
    # Subtest: ein gültiger Hinweis bindet an die neu belegte Identität
    ok 1 - ein gültiger Hinweis bindet an die neu belegte Identität
      ---
      duration_ms: 131.65775
      type: 'test'
      ...
    # Subtest: umgekehrte Stützen behalten Schlüssel und sortierte Zitate
    ok 2 - umgekehrte Stützen behalten Schlüssel und sortierte Zitate
      ---
      duration_ms: 7.07975
      type: 'test'
      ...
    # Subtest: eine fremde oder doppelte Zitierung scheitert geschlossen
    ok 3 - eine fremde oder doppelte Zitierung scheitert geschlossen
      ---
      duration_ms: 34.419416
      type: 'test'
      ...
    # Subtest: unbekannte Bewertung oder unbekannter Grundcode scheitert
    ok 4 - unbekannte Bewertung oder unbekannter Grundcode scheitert
      ---
      duration_ms: 21.09225
      type: 'test'
      ...
    # Subtest: persönliche und geheime Werte scheitern ohne Echo
    ok 5 - persönliche und geheime Werte scheitern ohne Echo
      ---
      duration_ms: 14.624416
      type: 'test'
      ...
    # Subtest: Freitext bleibt draussen, auch wenn er persönlich aussieht
    ok 6 - Freitext bleibt draussen, auch wenn er persönlich aussieht
      ---
      duration_ms: 17.169375
      type: 'test'
      ...
    # Subtest: mitgeliefertes Paket, Identität, Wahrheitsfakt und Stützlisten scheitern
    ok 7 - mitgeliefertes Paket, Identität, Wahrheitsfakt und Stützlisten scheitern
      ---
      duration_ms: 80.321625
      type: 'test'
      ...
    # Subtest: eine zweite Credential-Option bleibt ein anderer Hinweis
    ok 8 - eine zweite Credential-Option bleibt ein anderer Hinweis
      ---
      duration_ms: 87.306625
      type: 'test'
      ...
    # Subtest: die Eingabe bleibt unverändert
    ok 9 - die Eingabe bleibt unverändert
      ---
      duration_ms: 4.60525
      type: 'test'
      ...
    # Subtest: der Hinweis ruft nur das Prüfpaket und seine Identität auf
    ok 10 - der Hinweis ruft nur das Prüfpaket und seine Identität auf
      ---
      duration_ms: 3.339834
      type: 'test'
      ...
    # Subtest: Bewertung und Grundcodes folgen der engen Matrix
    ok 11 - Bewertung und Grundcodes folgen der engen Matrix
      ---
      duration_ms: 156.767875
      type: 'test'
      ...
    1..11
ok 47 - Official Truth review suggestion contract
  ---
  duration_ms: 559.55275
  type: 'suite'
  ...
# Subtest: Official Truth accepted Evidence rule candidate
    # Subtest: eine angenommene amtliche Evidence und ein expliziter Vorschlag bleiben candidate/pending
    ok 1 - eine angenommene amtliche Evidence und ein expliziter Vorschlag bleiben candidate/pending
      ---
      duration_ms: 50.189792
      type: 'test'
      ...
    # Subtest: zwei amtliche Quellen und ein zusammengesetzter Vorschlag behalten sortierte Stütz-IDs
    ok 2 - zwei amtliche Quellen und ein zusammengesetzter Vorschlag behalten sortierte Stütz-IDs
      ---
      duration_ms: 18.39
      type: 'test'
      ...
    # Subtest: Evidence im Kandidatenstatus wird nicht zur Stütze
    ok 3 - Evidence im Kandidatenstatus wird nicht zur Stütze
      ---
      duration_ms: 1.348375
      type: 'test'
      ...
    # Subtest: lizenzierte Evidence wird nicht zur amtlichen Stütze
    ok 4 - lizenzierte Evidence wird nicht zur amtlichen Stütze
      ---
      duration_ms: 1.22825
      type: 'test'
      ...
    # Subtest: eine andere Credential-Option bleibt eine andere Zelle
    ok 5 - eine andere Credential-Option bleibt eine andere Zelle
      ---
      duration_ms: 1.219542
      type: 'test'
      ...
    # Subtest: dieselbe Stütze zweimal wird abgelehnt und die Eingabe bleibt unverändert
    ok 6 - dieselbe Stütze zweimal wird abgelehnt und die Eingabe bleibt unverändert
      ---
      duration_ms: 0.635416
      type: 'test'
      ...
    # Subtest: Aufrufer-Scope, Schlüssel, Stützen, Lebenszyklus und trustedRuleFact werden nicht übernommen
    ok 7 - Aufrufer-Scope, Schlüssel, Stützen, Lebenszyklus und trustedRuleFact werden nicht übernommen
      ---
      duration_ms: 0.61375
      type: 'test'
      ...
    # Subtest: eine Forschungslücke mit Vorschlag scheitert und erfindet keine Wirkung
    ok 8 - eine Forschungslücke mit Vorschlag scheitert und erfindet keine Wirkung
      ---
      duration_ms: 0.698167
      type: 'test'
      ...
    # Subtest: stale, Konflikt und Lücke bleiben Kandidaten und werden hier nicht angenommen
    ok 9 - stale, Konflikt und Lücke bleiben Kandidaten und werden hier nicht angenommen
      ---
      duration_ms: 2.791583
      type: 'test'
      ...
    # Subtest: die Brücke ruft keine Annahme, keinen Speicher und kein Modell auf
    ok 10 - die Brücke ruft keine Annahme, keinen Speicher und kein Modell auf
      ---
      duration_ms: 1.233792
      type: 'test'
      ...
    1..10
ok 48 - Official Truth accepted Evidence rule candidate
  ---
  duration_ms: 79.347209
  type: 'suite'
  ...
# Subtest: Official Truth rule review decision intent contract
    # Subtest: alle drei Zustände binden an das neu belegte Paket
    ok 1 - alle drei Zustände binden an das neu belegte Paket
      ---
      duration_ms: 120.526917
      type: 'test'
      ...
    # Subtest: eine Zusammensetzung aus zwei Behörden darf den Fakteintritt nur erbitten
    ok 2 - eine Zusammensetzung aus zwei Behörden darf den Fakteintritt nur erbitten
      ---
      duration_ms: 16.912958
      type: 'test'
      ...
    # Subtest: nicht annehmbare Qualität darf den Fakteintritt nicht erbitten
    ok 3 - nicht annehmbare Qualität darf den Fakteintritt nicht erbitten
      ---
      duration_ms: 37.110708
      type: 'test'
      ...
    # Subtest: ein fehlender, falscher oder veralteter Schlüssel scheitert ohne Echo
    ok 4 - ein fehlender, falscher oder veralteter Schlüssel scheitert ohne Echo
      ---
      duration_ms: 34.266542
      type: 'test'
      ...
    # Subtest: blockierte Paket-Eingaben bleiben blockiert
    ok 5 - blockierte Paket-Eingaben bleiben blockiert
      ---
      duration_ms: 4.459209
      type: 'test'
      ...
    # Subtest: ungültige Entscheidungen scheitern ohne Echo
    ok 6 - ungültige Entscheidungen scheitern ohne Echo
      ---
      duration_ms: 59.884875
      type: 'test'
      ...
    # Subtest: mitgelieferte Autorität, Vorschläge und Paketstoff scheitern ohne Echo
    ok 7 - mitgelieferte Autorität, Vorschläge und Paketstoff scheitern ohne Echo
      ---
      duration_ms: 1.1135
      type: 'test'
      ...
    # Subtest: persönliche und freie Felder scheitern ohne Echo
    ok 8 - persönliche und freie Felder scheitern ohne Echo
      ---
      duration_ms: 25.354958
      type: 'test'
      ...
    # Subtest: eine zweite Credential-Option bleibt eine andere Absicht
    ok 9 - eine zweite Credential-Option bleibt eine andere Absicht
      ---
      duration_ms: 20.2625
      type: 'test'
      ...
    # Subtest: dieselbe Quelle als Zusammensetzung bleibt für jede Absicht geschlossen
    ok 10 - dieselbe Quelle als Zusammensetzung bleibt für jede Absicht geschlossen
      ---
      duration_ms: 14.24975
      type: 'test'
      ...
    # Subtest: die Eingabe bleibt unverändert
    ok 11 - die Eingabe bleibt unverändert
      ---
      duration_ms: 2.276625
      type: 'test'
      ...
    # Subtest: die Absicht ruft nur das Prüfpaket und seine Identität auf
    ok 12 - die Absicht ruft nur das Prüfpaket und seine Identität auf
      ---
      duration_ms: 1.1895
      type: 'test'
      ...
    1..12
ok 49 - Official Truth rule review decision intent contract
  ---
  duration_ms: 338.545083
  type: 'suite'
  ...
# Subtest: Official Truth rule review packet fingerprint
    # Subtest: dieselbe kanonische Eingabe ergibt dieselbe Identität
    ok 1 - dieselbe kanonische Eingabe ergibt dieselbe Identität
      ---
      duration_ms: 182.783208
      type: 'test'
      ...
    # Subtest: die Reihenfolge der Stützen ändert die Identität nicht
    ok 2 - die Reihenfolge der Stützen ändert die Identität nicht
      ---
      duration_ms: 20.92425
      type: 'test'
      ...
    # Subtest: ein anderer Inhaltshash ändert die Identität und erfindet keinen zweiten Hash
    ok 3 - ein anderer Inhaltshash ändert die Identität und erfindet keinen zweiten Hash
      ---
      duration_ms: 42.2725
      type: 'test'
      ...
    # Subtest: URL, Abrufzeit, Quelle und Versionskennung ändern die Identität ohne neuen Inhaltshash
    ok 4 - URL, Abrufzeit, Quelle und Versionskennung ändern die Identität ohne neuen Inhaltshash
      ---
      duration_ms: 14.42225
      type: 'test'
      ...
    # Subtest: Vorschlag, Faktart, Qualität und Zelle ändern die Identität
    ok 5 - Vorschlag, Faktart, Qualität und Zelle ändern die Identität
      ---
      duration_ms: 13.056708
      type: 'test'
      ...
    # Subtest: normalisierte Schlüsselreihenfolge, Leerraum und Zeilenenden bleiben dieselbe Identität
    ok 6 - normalisierte Schlüsselreihenfolge, Leerraum und Zeilenenden bleiben dieselbe Identität
      ---
      duration_ms: 8.486625
      type: 'test'
      ...
    # Subtest: das angenommene Gültigkeitsfenster ändert die Identität und die Notiz nicht
    ok 7 - das angenommene Gültigkeitsfenster ändert die Identität und die Notiz nicht
      ---
      duration_ms: 36.541291
      type: 'test'
      ...
    # Subtest: ein mitgeliefertes Paket oder ein mitgelieferter Hash wird nicht geglaubt
    ok 8 - ein mitgeliefertes Paket oder ein mitgelieferter Hash wird nicht geglaubt
      ---
      duration_ms: 2.896125
      type: 'test'
      ...
    # Subtest: eine zweite Credential-Option bleibt eine andere Identität
    ok 9 - eine zweite Credential-Option bleibt eine andere Identität
      ---
      duration_ms: 3.4735
      type: 'test'
      ...
    # Subtest: persönliche Felder und gesperrte Pakete liefern keine Identität
    ok 10 - persönliche Felder und gesperrte Pakete liefern keine Identität
      ---
      duration_ms: 1.805792
      type: 'test'
      ...
    # Subtest: die Identität ruft nur das Prüfpaket und den vorhandenen SHA-256 auf
    ok 11 - die Identität ruft nur das Prüfpaket und den vorhandenen SHA-256 auf
      ---
      duration_ms: 2.340209
      type: 'test'
      ...
    1..11
ok 50 - Official Truth rule review packet fingerprint
  ---
  duration_ms: 329.976666
  type: 'suite'
  ...
# Subtest: Official Truth rule review packet
    # Subtest: eine neu belegte amtliche Stütze und ein expliziter Kandidat bleiben ein Prüfpaket
    ok 1 - eine neu belegte amtliche Stütze und ein expliziter Kandidat bleiben ein Prüfpaket
      ---
      duration_ms: 126.588709
      type: 'test'
      ...
    # Subtest: zwei amtliche Stützen ergeben unabhängig von der Reihenfolge dasselbe Prüfpaket
    ok 2 - zwei amtliche Stützen ergeben unabhängig von der Reihenfolge dasselbe Prüfpaket
      ---
      duration_ms: 27.180417
      type: 'test'
      ...
    # Subtest: Aufrufer-Evidence, Kandidat, Beleg, Stütz-IDs und Wahrheitsfakt werden nicht übernommen
    ok 3 - Aufrufer-Evidence, Kandidat, Beleg, Stütz-IDs und Wahrheitsfakt werden nicht übernommen
      ---
      duration_ms: 16.469083
      type: 'test'
      ...
    # Subtest: Kandidat, lizenzierte Quelle und verfälschter Umschlag scheitern über die Brücken
    ok 4 - Kandidat, lizenzierte Quelle und verfälschter Umschlag scheitern über die Brücken
      ---
      duration_ms: 1.942875
      type: 'test'
      ...
    # Subtest: eine andere Credential-Option bleibt eine andere Zelle
    ok 5 - eine andere Credential-Option bleibt eine andere Zelle
      ---
      duration_ms: 8.032417
      type: 'test'
      ...
    # Subtest: dieselbe Stütze zweimal scheitert und die Eingabe bleibt unverändert
    ok 6 - dieselbe Stütze zweimal scheitert und die Eingabe bleibt unverändert
      ---
      duration_ms: 9.401667
      type: 'test'
      ...
    # Subtest: eine Forschungslücke mit leerem Vorschlag bleibt ein nicht annehmbares Prüfpaket
    ok 7 - eine Forschungslücke mit leerem Vorschlag bleibt ein nicht annehmbares Prüfpaket
      ---
      duration_ms: 2.841541
      type: 'test'
      ...
    # Subtest: persönliche Felder scheitern ohne Echo
    ok 8 - persönliche Felder scheitern ohne Echo
      ---
      duration_ms: 25.131791
      type: 'test'
      ...
    # Subtest: zwei Registries und dieselbe Quelle als Zusammensetzung scheitern geschlossen
    ok 9 - zwei Registries und dieselbe Quelle als Zusammensetzung scheitern geschlossen
      ---
      duration_ms: 4.914042
      type: 'test'
      ...
    # Subtest: die Eingabe bleibt bei Erfolg und bei Sperre unverändert
    ok 10 - die Eingabe bleibt bei Erfolg und bei Sperre unverändert
      ---
      duration_ms: 1.427833
      type: 'test'
      ...
    # Subtest: angenommene Gültigkeit wird übernommen und eine abgelehnte Rohzeile nicht
    ok 11 - angenommene Gültigkeit wird übernommen und eine abgelehnte Rohzeile nicht
      ---
      duration_ms: 7.559417
      type: 'test'
      ...
    # Subtest: das Paket ruft keine Annahme, keinen Speicher und kein Modell auf
    ok 12 - das Paket ruft keine Annahme, keinen Speicher und kein Modell auf
      ---
      duration_ms: 0.673458
      type: 'test'
      ...
    1..12
ok 51 - Official Truth rule review packet
  ---
  duration_ms: 233.142292
  type: 'suite'
  ...
# Subtest: Official Truth same-request retrieval-to-extractor binding
    # Subtest: 1 ein Beweisblock ruft weder Lesung noch Extraktor
    ok 1 - 1 ein Beweisblock ruft weder Lesung noch Extraktor
      ---
      duration_ms: 64.308625
      type: 'test'
      ...
    # Subtest: 2 Aufrufer-Beweis, Registry, Evidence, Abruf, Fakt, Extraktor und Politik scheitern an den Beweisgrenzen
    ok 2 - 2 Aufrufer-Beweis, Registry, Evidence, Abruf, Fakt, Extraktor und Politik scheitern an den Beweisgrenzen
      ---
      duration_ms: 20.602583
      type: 'test'
      ...
    # Subtest: 3 bis 5 eine externe Kataloglesung, dieselbe Registry für jede Stütze, kein Schreibaufruf
    ok 3 - 3 bis 5 eine externe Kataloglesung, dieselbe Registry für jede Stütze, kein Schreibaufruf
      ---
      duration_ms: 44.208417
      type: 'test'
      ...
    # Subtest: 6 Quellidentität der frischen Lesung blockiert vor dem Extraktor
    ok 4 - 6 Quellidentität der frischen Lesung blockiert vor dem Extraktor
      ---
      duration_ms: 9.019375
      type: 'test'
      ...
    # Subtest: 7 eine andere End-URL blockiert vor dem Extraktor
    ok 5 - 7 eine andere End-URL blockiert vor dem Extraktor
      ---
      duration_ms: 2.264291
      type: 'test'
      ...
    # Subtest: 8 ein geänderter Seiteninhalt bleibt die alte Evidence und wird nicht angenommen
    ok 6 - 8 ein geänderter Seiteninhalt bleibt die alte Evidence und wird nicht angenommen
      ---
      duration_ms: 1.871208
      type: 'test'
      ...
    # Subtest: 9 Version und Evidence-Bindung scheitern vor dem Extraktor
    ok 7 - 9 Version und Evidence-Bindung scheitern vor dem Extraktor
      ---
      duration_ms: 3.533458
      type: 'test'
      ...
    # Subtest: 10 eingereichtes Abrufmaterial ist keine frische Lesung
    ok 8 - 10 eingereichtes Abrufmaterial ist keine frische Lesung
      ---
      duration_ms: 4.356
      type: 'test'
      ...
    # Subtest: 11 ein Lesefehler bleibt geschlossen und erreicht den Extraktor nicht
    ok 9 - 11 ein Lesefehler bleibt geschlossen und erreicht den Extraktor nicht
      ---
      duration_ms: 4.920666
      type: 'test'
      ...
    # Subtest: 12 eine ausdrückliche Primärquelle übergibt nur policy null
    ok 10 - 12 eine ausdrückliche Primärquelle übergibt nur policy null
      ---
      duration_ms: 3.137167
      type: 'test'
      ...
    # Subtest: 13 zusammengesetzte Qualität scheitert vor HTTP, weil keine Serverpolitik existiert
    ok 11 - 13 zusammengesetzte Qualität scheitert vor HTTP, weil keine Serverpolitik existiert
      ---
      duration_ms: 2.70225
      type: 'test'
      ...
    # Subtest: 14 bis 18 ein synthetischer Erfolg ist eingefroren, ohne Seitenrohtext, und reihenfolgeunabhängig
    ok 12 - 14 bis 18 ein synthetischer Erfolg ist eingefroren, ohne Seitenrohtext, und reihenfolgeunabhängig
      ---
      duration_ms: 11.525166
      type: 'test'
      ...
    # Subtest: 19 und 20 der Live-Pfad benutzt nur das leere Produktionsregister
    ok 13 - 19 und 20 der Live-Pfad benutzt nur das leere Produktionsregister
      ---
      duration_ms: 2.206792
      type: 'test'
      ...
    # Subtest: 21 nur die Bindung importiert den Katalogtransport-Helfer
    ok 14 - 21 nur die Bindung importiert den Katalogtransport-Helfer
      ---
      duration_ms: 22.376917
      type: 'test'
      ...
    # Subtest: 22 bis 28 keine Route, keine Annahme, kein Speicher, kein Modell, kein F8
    ok 15 - 22 bis 28 keine Route, keine Annahme, kein Speicher, kein Modell, kein F8
      ---
      duration_ms: 2.934875
      type: 'test'
      ...
    # Subtest: eine Registry mit gesperrter Domain wird nicht still verworfen
    ok 16 - eine Registry mit gesperrter Domain wird nicht still verworfen
      ---
      duration_ms: 3.012167
      type: 'test'
      ...
    # Subtest: ein Aufrufer-Scope ist keine Autorität und erreicht den Extraktor nicht
    ok 17 - ein Aufrufer-Scope ist keine Autorität und erreicht den Extraktor nicht
      ---
      duration_ms: 2.528417
      type: 'test'
      ...
    # Subtest: abweichende Beweiszelle und falscher Regel-Schlüssel blockieren vor HTTP
    ok 18 - abweichende Beweiszelle und falscher Regel-Schlüssel blockieren vor HTTP
      ---
      duration_ms: 1.707833
      type: 'test'
      ...
    # Subtest: eine Mutation des Beweises ändert den übergebenen Scope nicht
    ok 19 - eine Mutation des Beweises ändert den übergebenen Scope nicht
      ---
      duration_ms: 2.538083
      type: 'test'
      ...
    # Subtest: eine synthetische Schema-1-Wirkung bleibt Material ohne Kontext und ohne Annahme
    ok 20 - eine synthetische Schema-1-Wirkung bleibt Material ohne Kontext und ohne Annahme
      ---
      duration_ms: 4.837666
      type: 'test'
      ...
    # Subtest: zusammengesetzte Produktion bleibt vor dem Abruf geschlossen
    ok 21 - zusammengesetzte Produktion bleibt vor dem Abruf geschlossen
      ---
      duration_ms: 6.323583
      type: 'test'
      ...
    # Subtest: eine injizierte URL-Sperre scheitert vor HTTP und sucht keine zweite Politik
    ok 22 - eine injizierte URL-Sperre scheitert vor HTTP und sucht keine zweite Politik
      ---
      duration_ms: 6.560167
      type: 'test'
      ...
    # Subtest: ein abweichender Medientyp wählt den eingefrorenen Extraktor nicht neu
    ok 23 - ein abweichender Medientyp wählt den eingefrorenen Extraktor nicht neu
      ---
      duration_ms: 4.701875
      type: 'test'
      ...
    # Subtest: eine injizierte Politik bindet das Siegel ohne Annahme
    ok 24 - eine injizierte Politik bindet das Siegel ohne Annahme
      ---
      duration_ms: 5.849
      type: 'test'
      ...
    # Subtest: CR-2 widersprüchliche Werte je Quelle sperren die Komposition
    ok 25 - CR-2 widersprüchliche Werte je Quelle sperren die Komposition
      ---
      duration_ms: 4.161334
      type: 'test'
      ...
    # Subtest: CR-2 ein Wert außerhalb der Zuweisung sperrt die Komposition
    ok 26 - CR-2 ein Wert außerhalb der Zuweisung sperrt die Komposition
      ---
      duration_ms: 9.353417
      type: 'test'
      ...
    # Subtest: CR-2 equal_values ohne eine Quelle sperrt die Komposition
    ok 27 - CR-2 equal_values ohne eine Quelle sperrt die Komposition
      ---
      duration_ms: 7.67425
      type: 'test'
      ...
    # Subtest: CR-2 equal_values mit Übereinstimmung bindet das Siegel
    ok 28 - CR-2 equal_values mit Übereinstimmung bindet das Siegel
      ---
      duration_ms: 12.042333
      type: 'test'
      ...
    # Subtest: CR-2 fehlende Beobachtungen binden niemals ein Siegel
    ok 29 - CR-2 fehlende Beobachtungen binden niemals ein Siegel
      ---
      duration_ms: 16.095209
      type: 'test'
      ...
    # Subtest: CR-3 der gesiegelte Fakt des gebundenen Laufs ist unveränderlich
    ok 30 - CR-3 der gesiegelte Fakt des gebundenen Laufs ist unveränderlich
      ---
      duration_ms: 4.511375
      type: 'test'
      ...
    1..30
ok 52 - Official Truth same-request retrieval-to-extractor binding
  ---
  duration_ms: 293.23875
  type: 'suite'
  ...
# Subtest: Official Truth same-request proof graph
    # Subtest: der Live-Einstieg liest Autorität selbst und gibt den Graphen nicht an eine Route
    ok 1 - der Live-Einstieg liest Autorität selbst und gibt den Graphen nicht an eine Route
      ---
      duration_ms: 3.489375
      type: 'test'
      ...
    # Subtest: verweigerte Autorität, Break-Glass und Lookup-Fehler lesen den Katalog nicht
    ok 2 - verweigerte Autorität, Break-Glass und Lookup-Fehler lesen den Katalog nicht
      ---
      duration_ms: 6.349583
      type: 'test'
      ...
    # Subtest: Aufrufer-Autorität, Zeuge, Evidence, Kandidat und Fakt werden vor dem Katalog abgelehnt
    ok 3 - Aufrufer-Autorität, Zeuge, Evidence, Kandidat und Fakt werden vor dem Katalog abgelehnt
      ---
      duration_ms: 16.701125
      type: 'test'
      ...
    # Subtest: ein mitgelieferter Graph überspringt die Live-Lesung nicht
    ok 4 - ein mitgelieferter Graph überspringt die Live-Lesung nicht
      ---
      duration_ms: 7.460416
      type: 'test'
      ...
    # Subtest: die historische Aufruferuhr wird nicht ausgeführt
    ok 5 - die historische Aufruferuhr wird nicht ausgeführt
      ---
      duration_ms: 2.99275
      type: 'test'
      ...
    # Subtest: ein Erfolg liest den Katalog einmal und bindet Evidence, Kandidat und v2 an dieselbe Uhr
    ok 6 - ein Erfolg liest den Katalog einmal und bindet Evidence, Kandidat und v2 an dieselbe Uhr
      ---
      duration_ms: 15.147792
      type: 'test'
      ...
    # Subtest: Katalogdrift entsteht nicht, weil ein Erfolg nur einmal liest
    ok 7 - Katalogdrift entsteht nicht, weil ein Erfolg nur einmal liest
      ---
      duration_ms: 3.636792
      type: 'test'
      ...
    # Subtest: umgekehrte Stützreihenfolge bleibt dieselbe review-packet:v2 Identität
    ok 8 - umgekehrte Stützreihenfolge bleibt dieselbe review-packet:v2 Identität
      ---
      duration_ms: 6.107375
      type: 'test'
      ...
    # Subtest: stale, zukünftige und abgelaufene Stützen blockieren
    ok 9 - stale, zukünftige und abgelaufene Stützen blockieren
      ---
      duration_ms: 7.345
      type: 'test'
      ...
    # Subtest: nicht annehmbare Evidence-Qualität blockiert und trägt keine Personenkennung
    ok 10 - nicht annehmbare Evidence-Qualität blockiert und trägt keine Personenkennung
      ---
      duration_ms: 4.29
      type: 'test'
      ...
    # Subtest: erfundener Seitenrohtext bleibt strukturell belegbar und ist kein Extraktoreingang
    ok 11 - erfundener Seitenrohtext bleibt strukturell belegbar und ist kein Extraktoreingang
      ---
      duration_ms: 4.039458
      type: 'test'
      ...
    # Subtest: Registry, Evidence, Kandidat und Stützen sind nach dem Beweis unveränderlich
    ok 12 - Registry, Evidence, Kandidat und Stützen sind nach dem Beweis unveränderlich
      ---
      duration_ms: 4.386
      type: 'test'
      ...
    1..12
ok 53 - Official Truth same-request proof graph
  ---
  duration_ms: 82.823916
  type: 'suite'
  ...
# Subtest: Official Truth server-held source registry
    # Subtest: der Live-Einstieg ist die Servergrenze und liest nur den Katalog
    ok 1 - der Live-Einstieg ist die Servergrenze und liest nur den Katalog
      ---
      duration_ms: 3.550416
      type: 'test'
      ...
    # Subtest: eine Aufrufer-Registry mit not-a-government.example macht die URL nicht zulässig
    ok 2 - eine Aufrufer-Registry mit not-a-government.example macht die URL nicht zulässig
      ---
      duration_ms: 14.253542
      type: 'test'
      ...
    # Subtest: registry, sourceClass, domains und blockedDomains werden als Autorität abgelehnt
    ok 3 - registry, sourceClass, domains und blockedDomains werden als Autorität abgelehnt
      ---
      duration_ms: 6.181542
      type: 'test'
      ...
    # Subtest: real-government.example aus dem injizierten Katalog besteht und ist die benutzte Registry
    ok 4 - real-government.example aus dem injizierten Katalog besteht und ist die benutzte Registry
      ---
      duration_ms: 1.895958
      type: 'test'
      ...
    # Subtest: eine unbekannte Quellenkennung scheitert
    ok 5 - eine unbekannte Quellenkennung scheitert
      ---
      duration_ms: 1.841791
      type: 'test'
      ...
    # Subtest: fehlender und ungültiger Katalog scheitern geschlossen
    ok 6 - fehlender und ungültiger Katalog scheitern geschlossen
      ---
      duration_ms: 1.189042
      type: 'test'
      ...
    # Subtest: ein lizenzierter Anbieter wird durch Aufruferdaten nicht amtlich
    ok 7 - ein lizenzierter Anbieter wird durch Aufruferdaten nicht amtlich
      ---
      duration_ms: 2.888666
      type: 'test'
      ...
    # Subtest: Prüfpaket und Regel-Kandidat benutzen genau die gelesene Registry
    ok 8 - Prüfpaket und Regel-Kandidat benutzen genau die gelesene Registry
      ---
      duration_ms: 7.960125
      type: 'test'
      ...
    # Subtest: zwei Credential-Optionen bleiben zwei Zellen
    ok 9 - zwei Credential-Optionen bleiben zwei Zellen
      ---
      duration_ms: 4.393542
      type: 'test'
      ...
    # Subtest: eine gemeinsame Neubewertung liest den Katalog einmal und trifft review-packet:v2
    ok 10 - eine gemeinsame Neubewertung liest den Katalog einmal und trifft review-packet:v2
      ---
      duration_ms: 11.070125
      type: 'test'
      ...
    # Subtest: die Neubewertung führt die Aufruferuhr nicht aus
    ok 11 - die Neubewertung führt die Aufruferuhr nicht aus
      ---
      duration_ms: 2.127167
      type: 'test'
      ...
    1..11
ok 54 - Official Truth server-held source registry
  ---
  duration_ms: 58.200834
  type: 'suite'
  ...
# Subtest: official truth server-owned retrieval
    # Subtest: 1 Registry, sourceClass, domains und blockedDomains scheitern vor Katalog und Netz
    ok 1 - 1 Registry, sourceClass, domains und blockedDomains scheitern vor Katalog und Netz
      ---
      duration_ms: 1.454583
      type: 'test'
      ...
    # Subtest: 2 Snapshot, Hash, Uhr, Content-Type, Redirect, DNS und Beleg scheitern vor dem Netz
    ok 2 - 2 Snapshot, Hash, Uhr, Content-Type, Redirect, DNS und Beleg scheitern vor dem Netz
      ---
      duration_ms: 0.992583
      type: 'test'
      ...
    # Subtest: 3 ein fehlender oder scheiternder Katalog öffnet kein Netz
    ok 3 - 3 ein fehlender oder scheiternder Katalog öffnet kein Netz
      ---
      duration_ms: 0.340792
      type: 'test'
      ...
    # Subtest: 4 ein lizenzierter Anbieter erreicht das Netz nicht
    ok 4 - 4 ein lizenzierter Anbieter erreicht das Netz nicht
      ---
      duration_ms: 6.838625
      type: 'test'
      ...
    # Subtest: 5 abweichende Quellenkennung und URL öffnen kein Netz
    ok 5 - 5 abweichende Quellenkennung und URL öffnen kein Netz
      ---
      duration_ms: 1.656542
      type: 'test'
      ...
    # Subtest: 6 HTTP, Zugangsdaten, unregistrierte und gesperrte Hosts öffnen kein Netz
    ok 6 - 6 HTTP, Zugangsdaten, unregistrierte und gesperrte Hosts öffnen kein Netz
      ---
      duration_ms: 2.676667
      type: 'test'
      ...
    # Subtest: 7 localhost, .local und unsichere IP-Literale scheitern vor dem Netz
    ok 7 - 7 localhost, .local und unsichere IP-Literale scheitern vor dem Netz
      ---
      duration_ms: 7.591083
      type: 'test'
      ...
    # Subtest: 8 bis 13 Adressklassen und Lookup geben keine verworfene Adresse weiter
    ok 8 - 8 bis 13 Adressklassen und Lookup geben keine verworfene Adresse weiter
      ---
      duration_ms: 1.072417
      type: 'test'
      ...
    # Subtest: 14 die Verbindung benutzt nur eine geprüfte Adresse
    ok 9 - 14 die Verbindung benutzt nur eine geprüfte Adresse
      ---
      duration_ms: 3.368875
      type: 'test'
      ...
    # Subtest: öffentliches IPv4 gelingt und private, Loopback, Link-Local, CGNAT, Multicast und reservierte Adressen nicht
    ok 10 - öffentliches IPv4 gelingt und private, Loopback, Link-Local, CGNAT, Multicast und reservierte Adressen nicht
      ---
      duration_ms: 4.495291
      type: 'test'
      ...
    # Subtest: öffentliches IPv6 gelingt, lokale IPv6-Formen und gemischte Antworten nicht
    ok 11 - öffentliches IPv6 gelingt, lokale IPv6-Formen und gemischte Antworten nicht
      ---
      duration_ms: 6.140583
      type: 'test'
      ...
    # Subtest: 15 bis 17 eine begrenzte UTF-8-Antwort trägt Server-URL, Zeit, Typ, Text und Hash und übersteht Mutation
    ok 12 - 15 bis 17 eine begrenzte UTF-8-Antwort trägt Server-URL, Zeit, Typ, Text und Hash und übersteht Mutation
      ---
      duration_ms: 2.109584
      type: 'test'
      ...
    # Subtest: eine Mutation der Eingabe während der Antwort ändert das Ergebnis nicht
    ok 13 - eine Mutation der Eingabe während der Antwort ändert das Ergebnis nicht
      ---
      duration_ms: 0.83825
      type: 'test'
      ...
    # Subtest: 18 und 19 zu grosse Content-Length und ein zu grosser Strom scheitern
    ok 14 - 18 und 19 zu grosse Content-Length und ein zu grosser Strom scheitern
      ---
      duration_ms: 9.39075
      type: 'test'
      ...
    # Subtest: 20 ungültiges UTF-8 und ein leerer Body scheitern
    ok 15 - 20 ungültiges UTF-8 und ein leerer Body scheitern
      ---
      duration_ms: 1.639292
      type: 'test'
      ...
    # Subtest: 21 und 22 4xx, 5xx und Timeout scheitern ohne Wiederholung
    ok 16 - 21 und 22 4xx, 5xx und Timeout scheitern ohne Wiederholung
      ---
      duration_ms: 33.908042
      type: 'test'
      ...
    # Subtest: 23 und 24 eine begrenzte Weiterleitung derselben Quelle, auch relativ, gelingt
    ok 17 - 23 und 24 eine begrenzte Weiterleitung derselben Quelle, auch relativ, gelingt
      ---
      duration_ms: 0.846625
      type: 'test'
      ...
    # Subtest: 25 eine Weiterleitung zu einer anderen amtlichen Quelle scheitert vor der nächsten Verbindung
    ok 18 - 25 eine Weiterleitung zu einer anderen amtlichen Quelle scheitert vor der nächsten Verbindung
      ---
      duration_ms: 0.5625
      type: 'test'
      ...
    # Subtest: 26 unsichere Weiterleitungsziele scheitern vor der nächsten Verbindung
    ok 19 - 26 unsichere Weiterleitungsziele scheitern vor der nächsten Verbindung
      ---
      duration_ms: 4.539334
      type: 'test'
      ...
    # Subtest: 27 Schleifen und zu viele Sprünge scheitern
    ok 20 - 27 Schleifen und zu viele Sprünge scheitern
      ---
      duration_ms: 1.705292
      type: 'test'
      ...
    # Subtest: 28 keine Cookies, keine Autorisierung und keine Aufrufer-Header
    ok 21 - 28 keine Cookies, keine Autorisierung und keine Aufrufer-Header
      ---
      duration_ms: 0.369167
      type: 'test'
      ...
    # Subtest: 29 und 30 kein App-Import und keine Annahme, kein Speicher, kein Extraktor, kein F8
    ok 22 - 29 und 30 kein App-Import und keine Annahme, kein Speicher, kein Extraktor, kein F8
      ---
      duration_ms: 5.130958
      type: 'test'
      ...
    # Subtest: Tracking scheitert, funktionale Parameter bleiben, der Live-Einstieg nimmt keine Abhängigkeiten
    ok 23 - Tracking scheitert, funktionale Parameter bleiben, der Live-Einstieg nimmt keine Abhängigkeiten
      ---
      duration_ms: 0.9125
      type: 'test'
      ...
    # Subtest: 31 ein Katalog-Hostname erlaubt nur den Standard-HTTPS-Port
    ok 24 - 31 ein Katalog-Hostname erlaubt nur den Standard-HTTPS-Port
      ---
      duration_ms: 4.33
      type: 'test'
      ...
    # Subtest: 32 Fragmente gehören nicht zur Anfrage, zur Schleife oder zur Provenienz
    ok 25 - 32 Fragmente gehören nicht zur Anfrage, zur Schleife oder zur Provenienz
      ---
      duration_ms: 3.149833
      type: 'test'
      ...
    # Subtest: Katalogtransport-Helfer bleibt die Live-Lesung und nimmt keine Aufrufer-Registry
    ok 26 - Katalogtransport-Helfer bleibt die Live-Lesung und nimmt keine Aufrufer-Registry
      ---
      duration_ms: 0.340209
      type: 'test'
      ...
    1..26
ok 55 - official truth server-owned retrieval
  ---
  duration_ms: 107.856833
  type: 'suite'
  ...
# Subtest: GOV.UK server-owned retrieval with the normal default registry
    # Subtest: default registry selects exactly one profile and verifies server-received bytes with the exact final tuple
    ok 1 - default registry selects exactly one profile and verifies server-received bytes with the exact final tuple
      ---
      duration_ms: 1.367709
      type: 'test'
      ...
    # Subtest: default profile rejects sibling response identity, publisher changes and malformed server bytes
    ok 2 - default profile rejects sibling response identity, publisher changes and malformed server bytes
      ---
      duration_ms: 1.104375
      type: 'test'
      ...
    # Subtest: unknown/wrong default profile pins and retired or duplicate test definitions fail before HTTP
    ok 3 - unknown/wrong default profile pins and retired or duplicate test definitions fail before HTTP
      ---
      duration_ms: 0.724209
      type: 'test'
      ...
    # Subtest: test observer sees only frozen server-owned verifier input; every forged return field is rebound
    ok 4 - test observer sees only frozen server-owned verifier input; every forged return field is rebound
      ---
      duration_ms: 1.326709
      type: 'test'
      ...
    # Subtest: caller verifier/profile/material injection is rejected before catalog, DNS and HTTP, including the live entry
    ok 5 - caller verifier/profile/material injection is rejected before catalog, DNS and HTTP, including the live entry
      ---
      duration_ms: 0.891292
      type: 'test'
      ...
    # Subtest: absent/unavailable/v1 catalog still blocks default-profile retrieval before HTTP
    ok 6 - absent/unavailable/v1 catalog still blocks default-profile retrieval before HTTP
      ---
      duration_ms: 1.820458
      type: 'test'
      ...
    1..6
ok 56 - GOV.UK server-owned retrieval with the normal default registry
  ---
  duration_ms: 7.439167
  type: 'suite'
  ...
# Subtest: official truth source catalog gateway
    # Subtest: die kanonische Registry blockiert ungültige Quellen vor dem RPC
    ok 1 - die kanonische Registry blockiert ungültige Quellen vor dem RPC
      ---
      duration_ms: 2.108458
      type: 'test'
      ...
    # Subtest: Überlappung, exaktes Duplikat und der normalisierte Schreibwunsch bleiben an der Registry
    ok 2 - Überlappung, exaktes Duplikat und der normalisierte Schreibwunsch bleiben an der Registry
      ---
      duration_ms: 3.510959
      type: 'test'
      ...
    # Subtest: die Migration ist genau ein Gateway ohne Katalog-Seed
    ok 3 - die Migration ist genau ein Gateway ohne Katalog-Seed
      ---
      duration_ms: 1.204042
      type: 'test'
      ...
    1..3
ok 57 - official truth source catalog gateway
  ---
  duration_ms: 7.280375
  type: 'suite'
  ...
# Subtest: throwaway PostgreSQL proof for the source catalog gateway
    # Subtest: Rollen, Atome und genaue Duplikate
    not ok 1 - Rollen, Atome und genaue Duplikate
      ---
      duration_ms: 8.378458
      type: 'test'
      location: '/Users/sasa/Documents/Codex/2026-10-06/du-arbeitest-als-product-ux-qa/work/jetnity/lib/readiness/official-truth-source-catalog-server.test.ts:9:789'
      failureType: 'testCodeFailure'
      error: 'spawnSync /usr/lib/postgresql/16/bin/initdb ENOENT'
      code: 'ENOENT'
      stack: |-
        Object.spawnSync (node:internal/child_process:1120:20)
        spawnSync (node:child_process:902:24)
        execFileSync (node:child_process:945:15)
        clusterStarten (/Users/sasa/Documents/Codex/2026-10-06/du-arbeitest-als-product-ux-qa/work/jetnity/lib/readiness/official-truth-source-catalog-server.test.ts:360:5)
        TestContext.<anonymous> (/Users/sasa/Documents/Codex/2026-10-06/du-arbeitest-als-product-ux-qa/work/jetnity/lib/readiness/official-truth-source-catalog-server.test.ts:473:21)
        Test.runInAsyncScope (node:async_hooks:214:14)
        Test.run (node:internal/test_runner/test:1047:25)
        Test.start (node:internal/test_runner/test:944:17)
        node:internal/test_runner/test:1440:71
        node:internal/per_context/primordials:466:82
      ...
    1..1
not ok 58 - throwaway PostgreSQL proof for the source catalog gateway
  ---
  duration_ms: 8.441625
  type: 'suite'
  location: '/Users/sasa/Documents/Codex/2026-10-06/du-arbeitest-als-product-ux-qa/work/jetnity/lib/readiness/official-truth-source-catalog-server.test.ts:9:698'
  failureType: 'subtestsFailed'
  error: '1 subtest failed'
  code: 'ERR_TEST_FAILURE'
  ...
# Subtest: dormant typed content registration gateway
    # Subtest: canonical S1 payload and exact inserted response
    ok 1 - canonical S1 payload and exact inserted response
      ---
      duration_ms: 1.350375
      type: 'test'
      ...
    # Subtest: canonical S1 payload and exact idempotent response
    ok 2 - canonical S1 payload and exact idempotent response
      ---
      duration_ms: 0.367042
      type: 'test'
      ...
    # Subtest: reject initial item contentItemVersion=0 before write
    ok 3 - reject initial item contentItemVersion=0 before write
      ---
      duration_ms: 0.210584
      type: 'test'
      ...
    # Subtest: reject initial item contentItemVersion=2 before write
    ok 4 - reject initial item contentItemVersion=2 before write
      ---
      duration_ms: 0.074166
      type: 'test'
      ...
    # Subtest: reject initial item contentItemVersion=-1 before write
    ok 5 - reject initial item contentItemVersion=-1 before write
      ---
      duration_ms: 0.089667
      type: 'test'
      ...
    # Subtest: reject initial item contentItemVersion=1.5 before write
    ok 6 - reject initial item contentItemVersion=1.5 before write
      ---
      duration_ms: 0.148542
      type: 'test'
      ...
    # Subtest: reject initial item contentItemVersion=1 before write
    ok 7 - reject initial item contentItemVersion=1 before write
      ---
      duration_ms: 0.063417
      type: 'test'
      ...
    # Subtest: reject initial item contentItemVersion=null before write
    ok 8 - reject initial item contentItemVersion=null before write
      ---
      duration_ms: 0.058209
      type: 'test'
      ...
    # Subtest: reject initial item contentItemVersion=false before write
    ok 9 - reject initial item contentItemVersion=false before write
      ---
      duration_ms: 0.085583
      type: 'test'
      ...
    # Subtest: reject initial item contentItemVersion=undefined before write
    ok 10 - reject initial item contentItemVersion=undefined before write
      ---
      duration_ms: 0.058917
      type: 'test'
      ...
    # Subtest: reject initial item current=0 before write
    ok 11 - reject initial item current=0 before write
      ---
      duration_ms: 0.051292
      type: 'test'
      ...
    # Subtest: reject initial item current=2 before write
    ok 12 - reject initial item current=2 before write
      ---
      duration_ms: 0.051125
      type: 'test'
      ...
    # Subtest: reject initial item current=-1 before write
    ok 13 - reject initial item current=-1 before write
      ---
      duration_ms: 0.051666
      type: 'test'
      ...
    # Subtest: reject initial item current=1.5 before write
    ok 14 - reject initial item current=1.5 before write
      ---
      duration_ms: 0.05025
      type: 'test'
      ...
    # Subtest: reject initial item current=1 before write
    ok 15 - reject initial item current=1 before write
      ---
      duration_ms: 0.046666
      type: 'test'
      ...
    # Subtest: reject initial item current=null before write
    ok 16 - reject initial item current=null before write
      ---
      duration_ms: 0.046417
      type: 'test'
      ...
    # Subtest: reject initial item current=false before write
    ok 17 - reject initial item current=false before write
      ---
      duration_ms: 0.04675
      type: 'test'
      ...
    # Subtest: reject initial item current=undefined before write
    ok 18 - reject initial item current=undefined before write
      ---
      duration_ms: 0.046958
      type: 'test'
      ...
    # Subtest: reject initial representation representationVersion=0 before write
    ok 19 - reject initial representation representationVersion=0 before write
      ---
      duration_ms: 0.078459
      type: 'test'
      ...
    # Subtest: reject initial representation representationVersion=2 before write
    ok 20 - reject initial representation representationVersion=2 before write
      ---
      duration_ms: 0.056625
      type: 'test'
      ...
    # Subtest: reject initial representation representationVersion=-1 before write
    ok 21 - reject initial representation representationVersion=-1 before write
      ---
      duration_ms: 0.049875
      type: 'test'
      ...
    # Subtest: reject initial representation representationVersion=1.5 before write
    ok 22 - reject initial representation representationVersion=1.5 before write
      ---
      duration_ms: 0.049875
      type: 'test'
      ...
    # Subtest: reject initial representation representationVersion=1 before write
    ok 23 - reject initial representation representationVersion=1 before write
      ---
      duration_ms: 0.05075
      type: 'test'
      ...
    # Subtest: reject initial representation representationVersion=null before write
    ok 24 - reject initial representation representationVersion=null before write
      ---
      duration_ms: 0.11425
      type: 'test'
      ...
    # Subtest: reject initial representation representationVersion=false before write
    ok 25 - reject initial representation representationVersion=false before write
      ---
      duration_ms: 0.052833
      type: 'test'
      ...
    # Subtest: reject initial representation representationVersion=undefined before write
    ok 26 - reject initial representation representationVersion=undefined before write
      ---
      duration_ms: 0.048125
      type: 'test'
      ...
    # Subtest: reject initial representation current=0 before write
    ok 27 - reject initial representation current=0 before write
      ---
      duration_ms: 0.061792
      type: 'test'
      ...
    # Subtest: reject initial representation current=2 before write
    ok 28 - reject initial representation current=2 before write
      ---
      duration_ms: 0.050708
      type: 'test'
      ...
    # Subtest: reject initial representation current=-1 before write
    ok 29 - reject initial representation current=-1 before write
      ---
      duration_ms: 0.0475
      type: 'test'
      ...
    # Subtest: reject initial representation current=1.5 before write
    ok 30 - reject initial representation current=1.5 before write
      ---
      duration_ms: 2.687083
      type: 'test'
      ...
    # Subtest: reject initial representation current=1 before write
    ok 31 - reject initial representation current=1 before write
      ---
      duration_ms: 0.213583
      type: 'test'
      ...
    # Subtest: reject initial representation current=null before write
    ok 32 - reject initial representation current=null before write
      ---
      duration_ms: 0.126208
      type: 'test'
      ...
    # Subtest: reject initial representation current=false before write
    ok 33 - reject initial representation current=false before write
      ---
      duration_ms: 0.131584
      type: 'test'
      ...
    # Subtest: reject initial representation current=undefined before write
    ok 34 - reject initial representation current=undefined before write
      ---
      duration_ms: 0.121709
      type: 'test'
      ...
    # Subtest: reject malformed expectedPublisherIds: []
    ok 35 - reject malformed expectedPublisherIds: []
      ---
      duration_ms: 0.197625
      type: 'test'
      ...
    # Subtest: reject malformed expectedPublisherIds: ["duplicate","duplicate"]
    ok 36 - reject malformed expectedPublisherIds: ["duplicate","duplicate"]
      ---
      duration_ms: 0.133
      type: 'test'
      ...
    # Subtest: reject malformed expectedPublisherIds: [" bad"]
    ok 37 - reject malformed expectedPublisherIds: [" bad"]
      ---
      duration_ms: 0.132583
      type: 'test'
      ...
    # Subtest: reject malformed expectedPublisherIds: [""]
    ok 38 - reject malformed expectedPublisherIds: [""]
      ---
      duration_ms: 0.133541
      type: 'test'
      ...
    # Subtest: reject malformed expectedPublisherIds: [1]
    ok 39 - reject malformed expectedPublisherIds: [1]
      ---
      duration_ms: 0.131584
      type: 'test'
      ...
    # Subtest: reject malformed expectedPublisherIds: null
    ok 40 - reject malformed expectedPublisherIds: null
      ---
      duration_ms: 0.132
      type: 'test'
      ...
    # Subtest: reject malformed expectedPublisherIds: [null,null]
    ok 41 - reject malformed expectedPublisherIds: [null,null]
      ---
      duration_ms: 0.132167
      type: 'test'
      ...
    # Subtest: reject malformed expectedPublisherIds: ["too-many","too-many","too-many","too-many","too-many","too-many","too-many","too-many","too-many"]
    ok 42 - reject malformed expectedPublisherIds: ["too-many","too-many","too-many","too-many","too-many","too-many","too-many","too-many","too-many"]
      ---
      duration_ms: 0.198625
      type: 'test'
      ...
    # Subtest: reject malformed expectedAuthorityIds: []
    ok 43 - reject malformed expectedAuthorityIds: []
      ---
      duration_ms: 0.137333
      type: 'test'
      ...
    # Subtest: reject malformed expectedAuthorityIds: ["duplicate","duplicate"]
    ok 44 - reject malformed expectedAuthorityIds: ["duplicate","duplicate"]
      ---
      duration_ms: 0.137375
      type: 'test'
      ...
    # Subtest: reject malformed expectedAuthorityIds: [" bad"]
    ok 45 - reject malformed expectedAuthorityIds: [" bad"]
      ---
      duration_ms: 0.130625
      type: 'test'
      ...
    # Subtest: reject malformed expectedAuthorityIds: [""]
    ok 46 - reject malformed expectedAuthorityIds: [""]
      ---
      duration_ms: 0.128209
      type: 'test'
      ...
    # Subtest: reject malformed expectedAuthorityIds: [1]
    ok 47 - reject malformed expectedAuthorityIds: [1]
      ---
      duration_ms: 0.126542
      type: 'test'
      ...
    # Subtest: reject malformed expectedAuthorityIds: null
    ok 48 - reject malformed expectedAuthorityIds: null
      ---
      duration_ms: 0.251875
      type: 'test'
      ...
    # Subtest: reject malformed expectedAuthorityIds: [null,null]
    ok 49 - reject malformed expectedAuthorityIds: [null,null]
      ---
      duration_ms: 0.162667
      type: 'test'
      ...
    # Subtest: reject malformed expectedAuthorityIds: ["too-many","too-many","too-many","too-many","too-many","too-many","too-many","too-many","too-many"]
    ok 50 - reject malformed expectedAuthorityIds: ["too-many","too-many","too-many","too-many","too-many","too-many","too-many","too-many","too-many"]
      ---
      duration_ms: 0.139417
      type: 'test'
      ...
    # Subtest: exact helper envelopes reject missing/extra keys, accessors, symbols, prototypes and malformed arrays
    ok 51 - exact helper envelopes reject missing/extra keys, accessors, symbols, prototypes and malformed arrays
      ---
      duration_ms: 4.081542
      type: 'test'
      ...
    # Subtest: reject requestUrls http://gov.example/a
    ok 52 - reject requestUrls http://gov.example/a
      ---
      duration_ms: 0.327333
      type: 'test'
      ...
    # Subtest: reject expectedFinalUrl http://gov.example/a
    ok 53 - reject expectedFinalUrl http://gov.example/a
      ---
      duration_ms: 0.163042
      type: 'test'
      ...
    # Subtest: reject requestUrls https://user:pass@gov.example/a
    ok 54 - reject requestUrls https://user:pass@gov.example/a
      ---
      duration_ms: 0.154917
      type: 'test'
      ...
    # Subtest: reject expectedFinalUrl https://user:pass@gov.example/a
    ok 55 - reject expectedFinalUrl https://user:pass@gov.example/a
      ---
      duration_ms: 0.13875
      type: 'test'
      ...
    # Subtest: reject requestUrls https://gov.example:444/a
    ok 56 - reject requestUrls https://gov.example:444/a
      ---
      duration_ms: 0.147792
      type: 'test'
      ...
    # Subtest: reject expectedFinalUrl https://gov.example:444/a
    ok 57 - reject expectedFinalUrl https://gov.example:444/a
      ---
      duration_ms: 0.1495
      type: 'test'
      ...
    # Subtest: reject requestUrls https://gov.example/a\#fragment
    ok 58 - reject requestUrls https://gov.example/a\#fragment
      ---
      duration_ms: 0.142875
      type: 'test'
      ...
    # Subtest: reject expectedFinalUrl https://gov.example/a\#fragment
    ok 59 - reject expectedFinalUrl https://gov.example/a\#fragment
      ---
      duration_ms: 0.180875
      type: 'test'
      ...
    # Subtest: reject requestUrls https://gov.example/*
    ok 60 - reject requestUrls https://gov.example/*
      ---
      duration_ms: 0.092167
      type: 'test'
      ...
    # Subtest: reject expectedFinalUrl https://gov.example/*
    ok 61 - reject expectedFinalUrl https://gov.example/*
      ---
      duration_ms: 0.07175
      type: 'test'
      ...
    # Subtest: reject requestUrls  https://gov.example/a
    ok 62 - reject requestUrls  https://gov.example/a
      ---
      duration_ms: 0.069083
      type: 'test'
      ...
    # Subtest: reject expectedFinalUrl  https://gov.example/a
    ok 63 - reject expectedFinalUrl  https://gov.example/a
      ---
      duration_ms: 0.057959
      type: 'test'
      ...
    # Subtest: reject requestUrls https://localhost/a
    ok 64 - reject requestUrls https://localhost/a
      ---
      duration_ms: 0.058583
      type: 'test'
      ...
    # Subtest: reject expectedFinalUrl https://localhost/a
    ok 65 - reject expectedFinalUrl https://localhost/a
      ---
      duration_ms: 0.068292
      type: 'test'
      ...
    # Subtest: reject requestUrls https://127.0.0.1/a
    ok 66 - reject requestUrls https://127.0.0.1/a
      ---
      duration_ms: 0.109042
      type: 'test'
      ...
    # Subtest: reject expectedFinalUrl https://127.0.0.1/a
    ok 67 - reject expectedFinalUrl https://127.0.0.1/a
      ---
      duration_ms: 0.135208
      type: 'test'
      ...
    # Subtest: reject requestUrls not-a-url
    ok 68 - reject requestUrls not-a-url
      ---
      duration_ms: 0.070125
      type: 'test'
      ...
    # Subtest: reject expectedFinalUrl not-a-url
    ok 69 - reject expectedFinalUrl not-a-url
      ---
      duration_ms: 0.058625
      type: 'test'
      ...
    # Subtest: canonical R1 handles URL lists, descriptor grammar, profile pins and duplicate streams
    ok 70 - canonical R1 handles URL lists, descriptor grammar, profile pins and duplicate streams
      ---
      duration_ms: 0.967917
      type: 'test'
      ...
    # Subtest: unknown/nonofficial source, unavailable profiles and source-domain mismatch never write
    ok 71 - unknown/nonofficial source, unavailable profiles and source-domain mismatch never write
      ---
      duration_ms: 0.576791
      type: 'test'
      ...
    # Subtest: external identity and all-version URL ownership conflicts never write
    ok 72 - external identity and all-version URL ownership conflicts never write
      ---
      duration_ms: 1.053833
      type: 'test'
      ...
    # Subtest: exact replay compares canonical complete sets without adding a duplicate node
    ok 73 - exact replay compares canonical complete sets without adding a duplicate node
      ---
      duration_ms: 0.403042
      type: 'test'
      ...
    # Subtest: changed identity/pins and every representation field or set drift fail before replay write
    ok 74 - changed identity/pins and every representation field or set drift fail before replay write
      ---
      duration_ms: 2.064958
      type: 'test'
      ...
    # Subtest: malformed catalogs, unauthorized stored URLs and unavailable stored profiles never write
    ok 75 - malformed catalogs, unauthorized stored URLs and unavailable stored profiles never write
      ---
      duration_ms: 1.372791
      type: 'test'
      ...
    # Subtest: reject response {"ok":false}
    ok 76 - reject response {"ok":false}
      ---
      duration_ms: 0.420375
      type: 'test'
      ...
    # Subtest: reject response {"ok":"true"}
    ok 77 - reject response {"ok":"true"}
      ---
      duration_ms: 0.465833
      type: 'test'
      ...
    # Subtest: reject response {"identity_schema":1}
    ok 78 - reject response {"identity_schema":1}
      ---
      duration_ms: 0.360333
      type: 'test'
      ...
    # Subtest: reject response {"identity_schema":"2"}
    ok 79 - reject response {"identity_schema":"2"}
      ---
      duration_ms: 0.318
      type: 'test'
      ...
    # Subtest: reject response {"operation":"register_source"}
    ok 80 - reject response {"operation":"register_source"}
      ---
      duration_ms: 0.296292
      type: 'test'
      ...
    # Subtest: reject response {"source_id":"other-authority"}
    ok 81 - reject response {"source_id":"other-authority"}
      ---
      duration_ms: 1.501458
      type: 'test'
      ...
    # Subtest: reject response {"content_item_id":"other-item"}
    ok 82 - reject response {"content_item_id":"other-item"}
      ---
      duration_ms: 0.29025
      type: 'test'
      ...
    # Subtest: reject response {"outcome":"updated"}
    ok 83 - reject response {"outcome":"updated"}
      ---
      duration_ms: 0.421167
      type: 'test'
      ...
    # Subtest: reject response {"outcome":null}
    ok 84 - reject response {"outcome":null}
      ---
      duration_ms: 0.345875
      type: 'test'
      ...
    # Subtest: reject response {"extra":"secret-sentinel"}
    ok 85 - reject response {"extra":"secret-sentinel"}
      ---
      duration_ms: 0.312541
      type: 'test'
      ...
    # Subtest: reject each missing response key, accessors, symbols, hidden keys and non-plain objects
    ok 86 - reject each missing response key, accessors, symbols, hidden keys and non-plain objects
      ---
      duration_ms: 3.469541
      type: 'test'
      ...
    # Subtest: sanitize read_registry transport failure
    ok 87 - sanitize read_registry transport failure
      ---
      duration_ms: 0.122875
      type: 'test'
      ...
    # Subtest: sanitize read_registry transport exception
    ok 88 - sanitize read_registry transport exception
      ---
      duration_ms: 0.071667
      type: 'test'
      ...
    # Subtest: sanitize register_content_item transport failure
    ok 89 - sanitize register_content_item transport failure
      ---
      duration_ms: 0.259833
      type: 'test'
      ...
    # Subtest: sanitize register_content_item transport exception
    ok 90 - sanitize register_content_item transport exception
      ---
      duration_ms: 0.235791
      type: 'test'
      ...
    # Subtest: missing/invalid configuration is sanitized and synthetic profiles remain unavailable by default
    ok 91 - missing/invalid configuration is sanitized and synthetic profiles remain unavailable by default
      ---
      duration_ms: 0.683791
      type: 'test'
      ...
    # Subtest: fresh module import has no network/DB access even with service configuration
    ok 92 - fresh module import has no network/DB access even with service configuration
      ---
      duration_ms: 384.504292
      type: 'test'
      ...
    # Subtest: one through sixteen representations are supported and profile code is never executed
    ok 93 - one through sixteen representations are supported and profile code is never executed
      ---
      duration_ms: 0.559583
      type: 'test'
      ...
    # Subtest: serialization and response binding retain the validated copy during the write await
    ok 94 - serialization and response binding retain the validated copy during the write await
      ---
      duration_ms: 0.183208
      type: 'test'
      ...
    1..94
ok 59 - dormant typed content registration gateway
  ---
  duration_ms: 417.901083
  type: 'suite'
  ...
# Subtest: GOV.UK registration with the normal default registry
    # Subtest: descendant and lookalike request/final hosts fail before any content write
    ok 1 - descendant and lookalike request/final hosts fail before any content write
      ---
      duration_ms: 0.360084
      type: 'test'
      ...
    # Subtest: initial item needs only injected catalog transport
    ok 2 - initial item needs only injected catalog transport
      ---
      duration_ms: 0.212583
      type: 'test'
      ...
    # Subtest: exact replay needs only injected catalog transport
    ok 3 - exact replay needs only injected catalog transport
      ---
      duration_ms: 0.187625
      type: 'test'
      ...
    # Subtest: wrong profile/id/version, source authority, URL conflicts and changed replay fail before write
    ok 4 - wrong profile/id/version, source authority, URL conflicts and changed replay fail before write
      ---
      duration_ms: 0.358834
      type: 'test'
      ...
    # Subtest: default registry retains exact response keys and tuple validation
    ok 5 - default registry retains exact response keys and tuple validation
      ---
      duration_ms: 0.553167
      type: 'test'
      ...
    # Subtest: real default verifier has zero calls during structural registration (V8 coverage)
    ok 6 - real default verifier has zero calls during structural registration (V8 coverage)
      ---
      duration_ms: 433.184542
      type: 'test'
      ...
    # Subtest: missing v2 uses only the literal v2 RPC and never registers, falls back, applies or leaks
    ok 7 - missing v2 uses only the literal v2 RPC and never registers, falls back, applies or leaks
      ---
      duration_ms: 342.313459
      type: 'test'
      ...
    1..7
ok 60 - GOV.UK registration with the normal default registry
  ---
  duration_ms: 777.297334
  type: 'suite'
  ...
# Subtest: trusted Official Truth accepted-store writer
    # Subtest: nur neu bewiesene Evidence erreicht das Gateway, mit kanonischem rule_scope_key
    ok 1 - nur neu bewiesene Evidence erreicht das Gateway, mit kanonischem rule_scope_key
      ---
      duration_ms: 23.407875
      type: 'test'
      ...
    # Subtest: ein roh akzeptiertes Objekt ist keine zweite Schreib-API
    ok 2 - ein roh akzeptiertes Objekt ist keine zweite Schreib-API
      ---
      duration_ms: 1.364083
      type: 'test'
      ...
    # Subtest: Regel-Claims kommen nur aus regelKandidatAkzeptieren
    ok 3 - Regel-Claims kommen nur aus regelKandidatAkzeptieren
      ---
      duration_ms: 13.787875
      type: 'test'
      ...
    # Subtest: jede Faktart wird auf die passende Tabellenform abgebildet
    ok 4 - jede Faktart wird auf die passende Tabellenform abgebildet
      ---
      duration_ms: 7.849667
      type: 'test'
      ...
    # Subtest: fehlende Dienst-Zugangsdaten schliessen den Weg, ohne den RPC zu rufen
    ok 5 - fehlende Dienst-Zugangsdaten schliessen den Weg, ohne den RPC zu rufen
      ---
      duration_ms: 5.577375
      type: 'test'
      ...
    # Subtest: die Migration ist genau ein Gateway ohne Katalog-Seed
    ok 6 - die Migration ist genau ein Gateway ohne Katalog-Seed
      ---
      duration_ms: 2.002792
      type: 'test'
      ...
    1..6
ok 61 - trusted Official Truth accepted-store writer
  ---
  duration_ms: 54.694208
  type: 'suite'
  ...
# Subtest: server-reproved accepted Evidence store entry
    # Subtest: Aufruferautorität und gebaute Evidence erreichen den Speicher nicht
    ok 1 - Aufruferautorität und gebaute Evidence erreichen den Speicher nicht
      ---
      duration_ms: 1.65075
      type: 'test'
      ...
    # Subtest: Hash, Version und Lookup des Aufrufers überschreiben die bewiesene Evidence nicht
    ok 2 - Hash, Version und Lookup des Aufrufers überschreiben die bewiesene Evidence nicht
      ---
      duration_ms: 6.539916
      type: 'test'
      ...
    # Subtest: falsche Domains, Anbieter und Katalogfehler rufen den Speicher nicht
    ok 3 - falsche Domains, Anbieter und Katalogfehler rufen den Speicher nicht
      ---
      duration_ms: 2.630791
      type: 'test'
      ...
    # Subtest: eingefügte und idempotente Antworten bleiben an die bewiesene Version gebunden
    ok 4 - eingefügte und idempotente Antworten bleiben an die bewiesene Version gebunden
      ---
      duration_ms: 2.047
      type: 'test'
      ...
    # Subtest: zwei Credential-Optionen bleiben zwei Zellen
    ok 5 - zwei Credential-Optionen bleiben zwei Zellen
      ---
      duration_ms: 4.014583
      type: 'test'
      ...
    # Subtest: Schema 1 wird im Speicher abgelehnt, bevor ein Client oder RPC entsteht
    ok 6 - Schema 1 wird im Speicher abgelehnt, bevor ein Client oder RPC entsteht
      ---
      duration_ms: 7.771583
      type: 'test'
      ...
    # Subtest: keine Route und kein neuer Regel-Annahmeweg ruft den Evidence-Schreiber
    ok 7 - keine Route und kein neuer Regel-Annahmeweg ruft den Evidence-Schreiber
      ---
      duration_ms: 5.790333
      type: 'test'
      ...
    1..7
ok 62 - server-reproved accepted Evidence store entry
  ---
  duration_ms: 30.714334
  type: 'suite'
  ...
# Subtest: throwaway PostgreSQL proof for the trusted store gateway
    # Subtest: Rollen, Rollback und genaue Duplikate
    not ok 1 - Rollen, Rollback und genaue Duplikate
      ---
      duration_ms: 9.294667
      type: 'test'
      location: '/Users/sasa/Documents/Codex/2026-10-06/du-arbeitest-als-product-ux-qa/work/jetnity/lib/readiness/official-truth-store-server.test.ts:9:22373'
      failureType: 'testCodeFailure'
      error: 'spawnSync /usr/lib/postgresql/16/bin/initdb ENOENT'
      code: 'ENOENT'
      stack: |-
        Object.spawnSync (node:internal/child_process:1120:20)
        spawnSync (node:child_process:902:24)
        execFileSync (node:child_process:945:15)
        clusterStarten (/Users/sasa/Documents/Codex/2026-10-06/du-arbeitest-als-product-ux-qa/work/jetnity/lib/readiness/official-truth-store-server.test.ts:824:5)
        TestContext.<anonymous> (/Users/sasa/Documents/Codex/2026-10-06/du-arbeitest-als-product-ux-qa/work/jetnity/lib/readiness/official-truth-store-server.test.ts:1513:21)
        Test.runInAsyncScope (node:async_hooks:214:14)
        Test.run (node:internal/test_runner/test:1047:25)
        Test.start (node:internal/test_runner/test:944:17)
        node:internal/test_runner/test:1440:71
        node:internal/per_context/primordials:466:82
      ...
    1..1
not ok 63 - throwaway PostgreSQL proof for the trusted store gateway
  ---
  duration_ms: 9.378583
  type: 'suite'
  location: '/Users/sasa/Documents/Codex/2026-10-06/du-arbeitest-als-product-ux-qa/work/jetnity/lib/readiness/official-truth-store-server.test.ts:9:22283'
  failureType: 'subtestsFailed'
  error: '1 subtest failed'
  code: 'ERR_TEST_FAILURE'
  ...
# Subtest: Schema 2: unconditional refusal before every store side effect
    # Subtest: requirement_effect unconditional refuses before env/client/transport/clock/RPC
    ok 1 - requirement_effect unconditional refuses before env/client/transport/clock/RPC
      ---
      duration_ms: 0.23875
      type: 'test'
      ...
    # Subtest: requirement_effect branches refuses before env/client/transport/clock/RPC
    ok 2 - requirement_effect branches refuses before env/client/transport/clock/RPC
      ---
      duration_ms: 0.067458
      type: 'test'
      ...
    # Subtest: visa_options unconditional refuses before env/client/transport/clock/RPC
    ok 3 - visa_options unconditional refuses before env/client/transport/clock/RPC
      ---
      duration_ms: 0.060417
      type: 'test'
      ...
    # Subtest: visa_options branches refuses before env/client/transport/clock/RPC
    ok 4 - visa_options branches refuses before env/client/transport/clock/RPC
      ---
      duration_ms: 0.093083
      type: 'test'
      ...
    # Subtest: stay_limit unconditional refuses before env/client/transport/clock/RPC
    ok 5 - stay_limit unconditional refuses before env/client/transport/clock/RPC
      ---
      duration_ms: 0.056916
      type: 'test'
      ...
    # Subtest: stay_limit branches refuses before env/client/transport/clock/RPC
    ok 6 - stay_limit branches refuses before env/client/transport/clock/RPC
      ---
      duration_ms: 0.151875
      type: 'test'
      ...
    # Subtest: temporal_rule unconditional refuses before env/client/transport/clock/RPC
    ok 7 - temporal_rule unconditional refuses before env/client/transport/clock/RPC
      ---
      duration_ms: 0.071167
      type: 'test'
      ...
    # Subtest: temporal_rule branches refuses before env/client/transport/clock/RPC
    ok 8 - temporal_rule branches refuses before env/client/transport/clock/RPC
      ---
      duration_ms: 0.087416
      type: 'test'
      ...
    1..8
ok 64 - Schema 2: unconditional refusal before every store side effect
  ---
  duration_ms: 0.955416
  type: 'suite'
  ...
# Subtest: deterministischer Vertrauensfakt-Extraktor
    # Subtest: 1 Produktionsregister hat null Definitionen
    ok 1 - 1 Produktionsregister hat null Definitionen
      ---
      duration_ms: 0.981209
      type: 'test'
      ...
    # Subtest: 2 Produktions-Einstieg liefert extractor_not_registered
    ok 2 - 2 Produktions-Einstieg liefert extractor_not_registered
      ---
      duration_ms: 5.164709
      type: 'test'
      ...
    # Subtest: 3 Aufrufer wählt weder Extraktor noch Schema noch Politikversion
    ok 3 - 3 Aufrufer wählt weder Extraktor noch Schema noch Politikversion
      ---
      duration_ms: 6.36025
      type: 'test'
      ...
    # Subtest: 4 eingereichtes Abrufmaterial ist keine Quelle
    ok 4 - 4 eingereichtes Abrufmaterial ist keine Quelle
      ---
      duration_ms: 3.340292
      type: 'test'
      ...
    # Subtest: 5 gefälschter Status scheitert geschlossen
    ok 5 - 5 gefälschter Status scheitert geschlossen
      ---
      duration_ms: 1.98875
      type: 'test'
      ...
    # Subtest: 6 Hash-Abweichung stoppt vor Matcher und Extraktor
    ok 6 - 6 Hash-Abweichung stoppt vor Matcher und Extraktor
      ---
      duration_ms: 1.530042
      type: 'test'
      ...
    # Subtest: 7 Inhaltstyp außerhalb der Definition scheitert
    ok 7 - 7 Inhaltstyp außerhalb der Definition scheitert
      ---
      duration_ms: 1.153875
      type: 'test'
      ...
    # Subtest: 8 Quellen-Id der Stütze und des Abrufs müssen gleich sein
    ok 8 - 8 Quellen-Id der Stütze und des Abrufs müssen gleich sein
      ---
      duration_ms: 1.149542
      type: 'test'
      ...
    # Subtest: 9 ein lizenzierter Anbieter ist keine amtliche Quelle
    ok 9 - 9 ein lizenzierter Anbieter ist keine amtliche Quelle
      ---
      duration_ms: 3.72675
      type: 'test'
      ...
    # Subtest: 10 keine passende aktuelle Definition ist nicht registriert
    ok 10 - 10 keine passende aktuelle Definition ist nicht registriert
      ---
      duration_ms: 3.721958
      type: 'test'
      ...
    # Subtest: 11 zwei aktuelle Extraktoren derselben Faktart und Quellenmenge sind duplicate_extractor_match
    ok 11 - 11 zwei aktuelle Extraktoren derselben Faktart und Quellenmenge sind duplicate_extractor_match
      ---
      duration_ms: 5.824584
      type: 'test'
      ...
    # Subtest: 12 eine historische Version wird nicht gewählt
    ok 12 - 12 eine historische Version wird nicht gewählt
      ---
      duration_ms: 4.72875
      type: 'test'
      ...
    # Subtest: 13 ungültige Id, Version oder Schema-Familie scheitert
    ok 13 - 13 ungültige Id, Version oder Schema-Familie scheitert
      ---
      duration_ms: 2.10525
      type: 'test'
      ...
    # Subtest: 14 dieselbe Id und Version darf nur einmal stehen
    ok 14 - 14 dieselbe Id und Version darf nur einmal stehen
      ---
      duration_ms: 0.766416
      type: 'test'
      ...
    # Subtest: 14b zwei aktuelle Extraktoren mit derselben Faktart und Quellenmenge sind duplicate_extractor_match
    ok 15 - 14b zwei aktuelle Extraktoren mit derselben Faktart und Quellenmenge sind duplicate_extractor_match
      ---
      duration_ms: 1.998792
      type: 'test'
      ...
    # Subtest: 15 eine explizite Primärquelle ergibt genau einen kanonischen Fakt
    ok 16 - 15 eine explizite Primärquelle ergibt genau einen kanonischen Fakt
      ---
      duration_ms: 4.443125
      type: 'test'
      ...
    # Subtest: 16 ein Strukturfehler ruft den Extraktor nicht auf und liefert keinen Fakt
    ok 17 - 16 ein Strukturfehler ruft den Extraktor nicht auf und liefert keinen Fakt
      ---
      duration_ms: 4.053792
      type: 'test'
      ...
    # Subtest: 17 ein unvollständiger Fakt fällt durch die kanonische Prüfung
    ok 18 - 17 ein unvollständiger Fakt fällt durch die kanonische Prüfung
      ---
      duration_ms: 2.890208
      type: 'test'
      ...
    # Subtest: 18 Vorschlag, Suggestion und Modell dürfen den Fakt nicht beeinflussen
    ok 19 - 18 Vorschlag, Suggestion und Modell dürfen den Fakt nicht beeinflussen
      ---
      duration_ms: 3.179792
      type: 'test'
      ...
    # Subtest: 19 die Stützen-Reihenfolge ändert die Auswahl nicht
    ok 20 - 19 die Stützen-Reihenfolge ändert die Auswahl nicht
      ---
      duration_ms: 3.215792
      type: 'test'
      ...
    # Subtest: 20 Komposition braucht mindestens zwei Quellen und eine Politik
    ok 21 - 20 Komposition braucht mindestens zwei Quellen und eine Politik
      ---
      duration_ms: 4.140833
      type: 'test'
      ...
    # Subtest: 21 dieselbe Quelle gilt nicht als Komposition
    ok 22 - 21 dieselbe Quelle gilt nicht als Komposition
      ---
      duration_ms: 2.579875
      type: 'test'
      ...
    # Subtest: 22 eine andere Politikversion scheitert ohne Teilfakt
    ok 23 - 22 eine andere Politikversion scheitert ohne Teilfakt
      ---
      duration_ms: 1.826917
      type: 'test'
      ...
    # Subtest: 23 eine fehlende Feldzuweisung ergibt keinen Teilfakt
    ok 24 - 23 eine fehlende Feldzuweisung ergibt keinen Teilfakt
      ---
      duration_ms: 2.490709
      type: 'test'
      ...
    # Subtest: 24 kein Netz, keine Uhr, kein Modell und kein Speicher
    ok 25 - 24 kein Netz, keine Uhr, kein Modell und kein Speicher
      ---
      duration_ms: 0.78375
      type: 'test'
      ...
    # Subtest: 25 keine App-Route importiert den Rahmen
    ok 26 - 25 keine App-Route importiert den Rahmen
      ---
      duration_ms: 4.499458
      type: 'test'
      ...
    # Subtest: 26 Erfolg und Herkunft sind tief eingefroren
    ok 27 - 26 Erfolg und Herkunft sind tief eingefroren
      ---
      duration_ms: 0.738542
      type: 'test'
      ...
    # Subtest: R1 eine Pfadregel gilt nur ohne Query, eine exakte URL darf eine Query nennen
    ok 28 - R1 eine Pfadregel gilt nur ohne Query, eine exakte URL darf eine Query nennen
      ---
      duration_ms: 5.908
      type: 'test'
      ...
    # Subtest: ein nicht gelisteter Pfad scheitert ohne Extraktor
    ok 29 - ein nicht gelisteter Pfad scheitert ohne Extraktor
      ---
      duration_ms: 1.5085
      type: 'test'
      ...
    # Subtest: research_gap bleibt ein Sperrgrund und wird kein Fakt
    ok 30 - research_gap bleibt ein Sperrgrund und wird kein Fakt
      ---
      duration_ms: 1.428875
      type: 'test'
      ...
    # Subtest: der Produktions-Einstieg wird außerhalb von Tests nur von der gleichen-Request-Bindung importiert
    ok 31 - der Produktions-Einstieg wird außerhalb von Tests nur von der gleichen-Request-Bindung importiert
      ---
      duration_ms: 35.825208
      type: 'test'
      ...
    # Subtest: der kanonische Scope erreicht den Matcher unverändert und ohne Auswahl
    ok 32 - der kanonische Scope erreicht den Matcher unverändert und ohne Auswahl
      ---
      duration_ms: 1.753833
      type: 'test'
      ...
    # Subtest: Ausstellerland, Bezug, Dokument, Wohnsitz und Reisedatum bleiben getrennte Felder
    ok 33 - Ausstellerland, Bezug, Dokument, Wohnsitz und Reisedatum bleiben getrennte Felder
      ---
      duration_ms: 1.670459
      type: 'test'
      ...
    # Subtest: ein synthetischer datumsgebundener Satz liest nur den kanonischen Scope
    ok 34 - ein synthetischer datumsgebundener Satz liest nur den kanonischen Scope
      ---
      duration_ms: 1.704583
      type: 'test'
      ...
    # Subtest: ein abweichender oder verbotener Scope blockiert vor Matcher und Extraktor
    ok 35 - ein abweichender oder verbotener Scope blockiert vor Matcher und Extraktor
      ---
      duration_ms: 4.76525
      type: 'test'
      ...
    # Subtest: eine Mutation nach der Kanonisierung ändert Kontext und Fakt nicht
    ok 36 - eine Mutation nach der Kanonisierung ändert Kontext und Fakt nicht
      ---
      duration_ms: 0.605042
      type: 'test'
      ...
    # Subtest: eine synthetische Schema-1-Wirkung läuft durch den kanonischen Parser
    ok 37 - eine synthetische Schema-1-Wirkung läuft durch den kanonischen Parser
      ---
      duration_ms: 0.864375
      type: 'test'
      ...
    1..37
ok 65 - deterministischer Vertrauensfakt-Extraktor
  ---
  duration_ms: 138.173833
  type: 'suite'
  ...
# Subtest: eine eingefrorene Ausführungsnaht
    # Subtest: ein Lauf liefert einen tief eingefrorenen Fakt, Beobachtungen und gebundene Stützen
    ok 1 - ein Lauf liefert einen tief eingefrorenen Fakt, Beobachtungen und gebundene Stützen
      ---
      duration_ms: 1.057667
      type: 'test'
      ...
    # Subtest: die Naht wählt weder Definition noch Medientyp neu
    ok 2 - die Naht wählt weder Definition noch Medientyp neu
      ---
      duration_ms: 6.021791
      type: 'test'
      ...
    # Subtest: Beobachtungen entstehen nur im Code und nur über frische Stützen
    ok 3 - Beobachtungen entstehen nur im Code und nur über frische Stützen
      ---
      duration_ms: 39.013125
      type: 'test'
      ...
    # Subtest: Atom-Marker im Rohfakt sperren die zusammengesetzte Naht
    ok 4 - Atom-Marker im Rohfakt sperren die zusammengesetzte Naht
      ---
      duration_ms: 1.259375
      type: 'test'
      ...
    # Subtest: der explizite Einzelquellenpfad kennt keine Beobachtungen
    ok 5 - der explizite Einzelquellenpfad kennt keine Beobachtungen
      ---
      duration_ms: 1.218333
      type: 'test'
      ...
    1..5
ok 66 - eine eingefrorene Ausführungsnaht
  ---
  duration_ms: 48.707083
  type: 'suite'
  ...
# Subtest: P2-TA-04 Traveller write-path inventory
    # Subtest: kein produktiver trip_travellers-Tabellenwrite mehr
    ok 1 - kein produktiver trip_travellers-Tabellenwrite mehr
      ---
      duration_ms: 52.866917
      type: 'test'
      ...
    # Subtest: travellerEntfernen löscht nur über party_loeschen
    ok 2 - travellerEntfernen löscht nur über party_loeschen
      ---
      duration_ms: 31.085666
      type: 'test'
      ...
    # Subtest: keine App-/Lib-/Component-Quelle schreibt Child-Tabellen direkt
    ok 3 - keine App-/Lib-/Component-Quelle schreibt Child-Tabellen direkt
      ---
      duration_ms: 67.359625
      type: 'test'
      ...
    # Subtest: party_schreiben-RPC wird nur im Reisenden-Schreibwrapper aufgerufen
    ok 4 - party_schreiben-RPC wird nur im Reisenden-Schreibwrapper aufgerufen
      ---
      duration_ms: 22.187292
      type: 'test'
      ...
    # Subtest: Konto- und Guest-UI rufen die dokumentierten Wrapper, nicht die Tabellen
    ok 5 - Konto- und Guest-UI rufen die dokumentierten Wrapper, nicht die Tabellen
      ---
      duration_ms: 0.145916
      type: 'test'
      ...
    1..5
ok 67 - P2-TA-04 Traveller write-path inventory
  ---
  duration_ms: 174.539166
  type: 'suite'
  ...
# Subtest: anwendbare Traveller-Plätze
    # Subtest: kanonisches traveller:1 bleibt Platz 1, auch wenn ein Snapshot früher entstand
    ok 1 - kanonisches traveller:1 bleibt Platz 1, auch wenn ein Snapshot früher entstand
      ---
      duration_ms: 0.63575
      type: 'test'
      ...
    # Subtest: ein frischer Snapshot füllt einen leeren Platz und behält seine clientRef
    ok 2 - ein frischer Snapshot füllt einen leeren Platz und behält seine clientRef
      ---
      duration_ms: 0.379625
      type: 'test'
      ...
    # Subtest: mehrere Snapshots füllen leere Plätze unabhängig von der Party-Reihenfolge
    ok 3 - mehrere Snapshots füllen leere Plätze unabhängig von der Party-Reihenfolge
      ---
      duration_ms: 1.531583
      type: 'test'
      ...
    # Subtest: gleiches createdAt entscheidet per clientRef, nicht per Label
    ok 4 - gleiches createdAt entscheidet per clientRef, nicht per Label
      ---
      duration_ms: 0.339125
      type: 'test'
      ...
    # Subtest: Kopfzahl N ergibt genau N anwendbare Plätze, Überzählige bleiben aussen vor
    ok 5 - Kopfzahl N ergibt genau N anwendbare Plätze, Überzählige bleiben aussen vor
      ---
      duration_ms: 1.603334
      type: 'test'
      ...
    # Subtest: kanonisches traveller:4 ausserhalb der Kopfzahl bleibt nicht anwendbar
    ok 6 - kanonisches traveller:4 ausserhalb der Kopfzahl bleibt nicht anwendbar
      ---
      duration_ms: 0.141583
      type: 'test'
      ...
    # Subtest: gleiches Label führt nicht zusammen und überschreibt niemanden
    ok 7 - gleiches Label führt nicht zusammen und überschreibt niemanden
      ---
      duration_ms: 0.126041
      type: 'test'
      ...
    # Subtest: die absolute 20er-Grenze bleibt der Slot-Deckel
    ok 8 - die absolute 20er-Grenze bleibt der Slot-Deckel
      ---
      duration_ms: 0.175458
      type: 'test'
      ...
    1..8
ok 68 - anwendbare Traveller-Plätze
  ---
  duration_ms: 5.73625
  type: 'suite'
  ...
# Subtest: importierter Snapshot in Requirements, Vorbereitung und Safety
    # Subtest: Citizenship und Dokument des Snapshots sind anwendbar, leere Plätze nicht
    ok 1 - Citizenship und Dokument des Snapshots sind anwendbar, leere Plätze nicht
      ---
      duration_ms: 1.999042
      type: 'test'
      ...
    # Subtest: Safety sieht die Citizenship des anwendbaren Snapshots und ignoriert Überzählige
    ok 2 - Safety sieht die Citizenship des anwendbaren Snapshots und ignoriert Überzählige
      ---
      duration_ms: 3.335958
      type: 'test'
      ...
    1..2
ok 69 - importierter Snapshot in Requirements, Vorbereitung und Safety
  ---
  duration_ms: 5.539042
  type: 'suite'
  ...
# Subtest: partyLimitUeberschritten
    # Subtest: 20 bestehende plus Update derselben Refs bleibt zulässig
    ok 1 - 20 bestehende plus Update derselben Refs bleibt zulässig
      ---
      duration_ms: 0.281084
      type: 'test'
      ...
    # Subtest: 19 bestehende plus eine neue Ref bleibt zulässig
    ok 2 - 19 bestehende plus eine neue Ref bleibt zulässig
      ---
      duration_ms: 0.074166
      type: 'test'
      ...
    # Subtest: 20 bestehende plus eine neue Ref wird abgelehnt
    ok 3 - 20 bestehende plus eine neue Ref wird abgelehnt
      ---
      duration_ms: 0.037875
      type: 'test'
      ...
    # Subtest: inkrementelles Übernehmen mehrerer neuer Refs kann das Limit sprengen
    ok 4 - inkrementelles Übernehmen mehrerer neuer Refs kann das Limit sprengen
      ---
      duration_ms: 0.0315
      type: 'test'
      ...
    # Subtest: leere nächste Menge ändert das Limit nicht
    ok 5 - leere nächste Menge ändert das Limit nicht
      ---
      duration_ms: 0.028666
      type: 'test'
      ...
    1..5
ok 70 - partyLimitUeberschritten
  ---
  duration_ms: 0.815541
  type: 'suite'
  ...
# Subtest: Preparation identity — real form submissions and account action
    # Subtest: B02: separate submissions remain separate account rows; exact retry/update preserves sibling
    ok 1 - B02: separate submissions remain separate account rows; exact retry/update preserves sibling
      ---
      duration_ms: 265.256375
      type: 'test'
      ...
    # Subtest: identischer Titel: separate submissions remain separate account rows; exact retry/update preserves sibling
    ok 2 - identischer Titel: separate submissions remain separate account rows; exact retry/update preserves sibling
      ---
      duration_ms: 86.664458
      type: 'test'
      ...
    # Subtest: 80 Zeichen: separate submissions remain separate account rows; exact retry/update preserves sibling
    ok 3 - 80 Zeichen: separate submissions remain separate account rows; exact retry/update preserves sibling
      ---
      duration_ms: 64.841208
      type: 'test'
      ...
    # Subtest: Case/Whitespace: separate submissions remain separate account rows; exact retry/update preserves sibling
    ok 4 - Case/Whitespace: separate submissions remain separate account rows; exact retry/update preserves sibling
      ---
      duration_ms: 91.578875
      type: 'test'
      ...
    # Subtest: Whitespace: separate submissions remain separate account rows; exact retry/update preserves sibling
    ok 5 - Whitespace: separate submissions remain separate account rows; exact retry/update preserves sibling
      ---
      duration_ms: 69.035625
      type: 'test'
      ...
    # Subtest: account rejects missing identity, invalid titles and oversize refs before transport
    ok 6 - account rejects missing identity, invalid titles and oversize refs before transport
      ---
      duration_ms: 40.671625
      type: 'test'
      ...
    # Subtest: account limit still rejects a new point and allows exact-id updates; evidence remains user
    ok 7 - account limit still rejects a new point and allows exact-id updates; evidence remains user
      ---
      duration_ms: 86.366125
      type: 'test'
      ...
    # Subtest: derived identities keep their exact deterministic format
    ok 8 - derived identities keep their exact deterministic format
      ---
      duration_ms: 0.190333
      type: 'test'
      ...
    1..8
ok 71 - Preparation identity — real form submissions and account action
  ---
  duration_ms: 705.150542
  type: 'suite'
  ...
# Subtest: Preparation premium experience 5
    # Subtest: behält den Disclaimer und kürzt nur wiederholte Fail-closed-Sätze
    ok 1 - behält den Disclaimer und kürzt nur wiederholte Fail-closed-Sätze
      ---
      duration_ms: 0.335042
      type: 'test'
      ...
    # Subtest: teilt persönliche Punkte verlustfrei und ohne Amtsanspruch
    ok 2 - teilt persönliche Punkte verlustfrei und ohne Amtsanspruch
      ---
      duration_ms: 0.500541
      type: 'test'
      ...
    # Subtest: fasst nur identische reine Placeholder zusammen
    ok 3 - fasst nur identische reine Placeholder zusammen
      ---
      duration_ms: 0.079209
      type: 'test'
      ...
    # Subtest: UI bleibt bei den bestehenden Verträgen und nennt die vier Bereiche
    ok 4 - UI bleibt bei den bestehenden Verträgen und nennt die vier Bereiche
      ---
      duration_ms: 0.417875
      type: 'test'
      ...
    1..4
ok 72 - Preparation premium experience 5
  ---
  duration_ms: 1.68475
  type: 'suite'
  ...
# Subtest: regulierungs-anwendbarkeit
    # Subtest: Grenzen und leere Regionspins
    ok 1 - Grenzen und leere Regionspins
      ---
      duration_ms: 0.46775
      type: 'test'
      ...
    # Subtest: 1–3 Wahrheitswerte, NOT unknown und sonst-Zweig
    ok 2 - 1–3 Wahrheitswerte, NOT unknown und sonst-Zweig
      ---
      duration_ms: 2.085625
      type: 'test'
      ...
    # Subtest: 4–5 ausdrückliches Falsch und Abwesenheit
    ok 3 - 4–5 ausdrückliches Falsch und Abwesenheit
      ---
      duration_ms: 0.49975
      type: 'test'
      ...
    # Subtest: 6 zwei verneinte Nutzeraussagen tragen otherwise und context_asserted
    ok 4 - 6 zwei verneinte Nutzeraussagen tragen otherwise und context_asserted
      ---
      duration_ms: 0.219125
      type: 'test'
      ...
    # Subtest: 7–10 Kurzschluss, NOT-Polarität, aufgezeichnet und unbedingt
    ok 5 - 7–10 Kurzschluss, NOT-Polarität, aufgezeichnet und unbedingt
      ---
      duration_ms: 0.188042
      type: 'test'
      ...
    # Subtest: 11–14 Konflikt, kein Zweig, fehlende Fakten, ungepinnte Region
    ok 6 - 11–14 Konflikt, kein Zweig, fehlende Fakten, ungepinnte Region
      ---
      duration_ms: 0.432917
      type: 'test'
      ...
    # Subtest: 15–19 Staatsangehörigkeit, Aussteller, Verknüpfung und Dokumentklasse
    ok 7 - 15–19 Staatsangehörigkeit, Aussteller, Verknüpfung und Dokumentklasse
      ---
      duration_ms: 0.21725
      type: 'test'
      ...
    # Subtest: kanonische Staatsangehörigkeit und Dokumentbezug
    ok 8 - kanonische Staatsangehörigkeit und Dokumentbezug
      ---
      duration_ms: 0.195834
      type: 'test'
      ...
    # Subtest: 20–22 Personen, Herkunft und Grenzen
    ok 9 - 20–22 Personen, Herkunft und Grenzen
      ---
      duration_ms: 0.364541
      type: 'test'
      ...
    # Subtest: 23–26 Normalisierung, Fingerabdruck und Stützen
    ok 10 - 23–26 Normalisierung, Fingerabdruck und Stützen
      ---
      duration_ms: 2.5725
      type: 'test'
      ...
    # Subtest: 27–35 Wirkungs- und Visa-Formen
    ok 11 - 27–35 Wirkungs- und Visa-Formen
      ---
      duration_ms: 0.474792
      type: 'test'
      ...
    # Subtest: 36–40 Quelle bleibt ohne Quellenvokabular, Kontext-Hash und Importeur
    ok 12 - 36–40 Quelle bleibt ohne Quellenvokabular, Kontext-Hash und Importeur
      ---
      duration_ms: 205.204875
      type: 'test'
      ...
    # Subtest: der support-freie Strukturschlüssel ignoriert Stütz-IDs und Operandenfolge
    ok 13 - der support-freie Strukturschlüssel ignoriert Stütz-IDs und Operandenfolge
      ---
      duration_ms: 0.22875
      type: 'test'
      ...
    1..13
ok 73 - regulierungs-anwendbarkeit
  ---
  duration_ms: 213.700875
  type: 'suite'
  ...
# Subtest: Schema 2: pure applicability conformance
    # Subtest: frozen v1 unconditional fingerprint and explicit context version dispatch
    ok 1 - frozen v1 unconditional fingerprint and explicit context version dispatch
      ---
      duration_ms: 0.933125
      type: 'test'
      ...
    # Subtest: activity remunerative_activity: true/false/unknown and no purpose inference
    ok 2 - activity remunerative_activity: true/false/unknown and no purpose inference
      ---
      duration_ms: 0.990542
      type: 'test'
      ...
    # Subtest: activity income_earning_activity: true/false/unknown and no purpose inference
    ok 3 - activity income_earning_activity: true/false/unknown and no purpose inference
      ---
      duration_ms: 0.714709
      type: 'test'
      ...
    # Subtest: activity profit_making_business_operation: true/false/unknown and no purpose inference
    ok 4 - activity profit_making_business_operation: true/false/unknown and no purpose inference
      ---
      duration_ms: 1.414458
      type: 'test'
      ...
    # Subtest: activity business_contacts: true/false/unknown and no purpose inference
    ok 5 - activity business_contacts: true/false/unknown and no purpose inference
      ---
      duration_ms: 1.725
      type: 'test'
      ...
    # Subtest: activity independence, raw duplicate bound and conflicts before unrelated OR
    ok 6 - activity independence, raw duplicate bound and conflicts before unrelated OR
      ---
      duration_ms: 5.61175
      type: 'test'
      ...
    # Subtest: direct threshold 89 same-unit days
    ok 7 - direct threshold 89 same-unit days
      ---
      duration_ms: 0.356042
      type: 'test'
      ...
    # Subtest: direct threshold 90 same-unit days
    ok 8 - direct threshold 90 same-unit days
      ---
      duration_ms: 0.168583
      type: 'test'
      ...
    # Subtest: direct threshold 91 same-unit days
    ok 9 - direct threshold 91 same-unit days
      ---
      duration_ms: 0.164792
      type: 'test'
      ...
    # Subtest: civil arithmetic 2028-02-28..2028-03-01
    ok 10 - civil arithmetic 2028-02-28..2028-03-01
      ---
      duration_ms: 0.409334
      type: 'test'
      ...
    # Subtest: civil arithmetic 2026-10-06..2026-10-06
    ok 11 - civil arithmetic 2026-10-06..2026-10-06
      ---
      duration_ms: 0.229625
      type: 'test'
      ...
    # Subtest: civil arithmetic 2026-03-28..2026-03-30
    ok 12 - civil arithmetic 2026-03-28..2026-03-30
      ---
      duration_ms: 0.21975
      type: 'test'
      ...
    # Subtest: civil arithmetic 0001-01-01..0001-01-02
    ok 13 - civil arithmetic 0001-01-01..0001-01-02
      ---
      duration_ms: 0.212291
      type: 'test'
      ...
    # Subtest: declaration/date conflict detected under declaration convention before any rule
    ok 14 - declaration/date conflict detected under declaration convention before any rule
      ---
      duration_ms: 0.262542
      type: 'test'
      ...
    # Subtest: equal date/assertion candidates retain both dates and assertion provenance
    ok 15 - equal date/assertion candidates retain both dates and assertion provenance
      ---
      duration_ms: 0.231625
      type: 'test'
      ...
    # Subtest: open-ended is unknown, conflicts with finite declaration
    ok 16 - open-ended is unknown, conflicts with finite declaration
      ---
      duration_ms: 5.01325
      type: 'test'
      ...
    # Subtest: months use only matching direct assertion; no conversions or date rounding
    ok 17 - months use only matching direct assertion; no conversions or date rounding
      ---
      duration_ms: 0.432542
      type: 'test'
      ...
    # Subtest: exact duration gap precedence
    ok 18 - exact duration gap precedence
      ---
      duration_ms: 0.440209
      type: 'test'
      ...
    # Subtest: technical quantity bounds, negative zero and no malformed civil dates
    ok 19 - technical quantity bounds, negative zero and no malformed civil dates
      ---
      duration_ms: 0.415583
      type: 'test'
      ...
    # Subtest: D=3660 supports exit-exclusive, inclusive candidate blocks without clamping
    ok 20 - D=3660 supports exit-exclusive, inclusive candidate blocks without clamping
      ---
      duration_ms: 0.250458
      type: 'test'
      ...
    # Subtest: national true is independent of issuer and ordinary class
    ok 21 - national true is independent of issuer and ordinary class
      ---
      duration_ms: 5.332917
      type: 'test'
      ...
    # Subtest: national false limbs dominate unknown; partial citizenship nonmembership stays unknown
    ok 22 - national false limbs dominate unknown; partial citizenship nonmembership stays unknown
      ---
      duration_ms: 0.751375
      type: 'test'
      ...
    # Subtest: national categorical conflicts and absent recorded citizenship rejection
    ok 23 - national categorical conflicts and absent recorded citizenship rejection
      ---
      duration_ms: 0.481583
      type: 'test'
      ...
    # Subtest: outer binding is checked even for unconditional facts
    ok 24 - outer binding is checked even for unconditional facts
      ---
      duration_ms: 0.2925
      type: 'test'
      ...
    # Subtest: branch conflict / disturbing unknown / identical outcome / otherwise
    ok 25 - branch conflict / disturbing unknown / identical outcome / otherwise
      ---
      duration_ms: 1.037791
      type: 'test'
      ...
    # Subtest: canonical v2 fingerprints sort keys/branches/operands/support; retain every semantic axis
    ok 26 - canonical v2 fingerprints sort keys/branches/operands/support; retain every semantic axis
      ---
      duration_ms: 1.397083
      type: 'test'
      ...
    # Subtest: strict JSON rejects accessors without invocation, cycles, symbols, prototypes and extra fields
    ok 27 - strict JSON rejects accessors without invocation, cycles, symbols, prototypes and extra fields
      ---
      duration_ms: 19.85975
      type: 'test'
      ...
    # Subtest: raw and normalized expression limits, branches and support boundaries
    ok 28 - raw and normalized expression limits, branches and support boundaries
      ---
      duration_ms: 2.788375
      type: 'test'
      ...
    1..28
ok 74 - Schema 2: pure applicability conformance
  ---
  duration_ms: 52.592625
  type: 'suite'
  ...
# Subtest: Account-Traveller-Mapper
    # Subtest: kanonisch leere Citizenships bleiben leer trotz Legacy-Nationalität
    ok 1 - kanonisch leere Citizenships bleiben leer trotz Legacy-Nationalität
      ---
      duration_ms: 1.807
      type: 'test'
      ...
    # Subtest: kanonisch leere Documents bleiben leer trotz Legacy-Passport
    ok 2 - kanonisch leere Documents bleiben leer trotz Legacy-Passport
      ---
      duration_ms: 0.370416
      type: 'test'
      ...
    # Subtest: ohne geladene Child-Relationen expandiert Legacy weiter
    ok 3 - ohne geladene Child-Relationen expandiert Legacy weiter
      ---
      duration_ms: 0.215334
      type: 'test'
      ...
    1..3
ok 75 - Account-Traveller-Mapper
  ---
  duration_ms: 3.100625
  type: 'suite'
  ...
# Subtest: accepted rule claim persistence schema
    # Subtest: one repository migration and no runtime side channel
    ok 1 - one repository migration and no runtime side channel
      ---
      duration_ms: 3.540916
      type: 'test'
      ...
    # Subtest: new tables are forced RLS, ungranted, and non-personal
    ok 2 - new tables are forced RLS, ungranted, and non-personal
      ---
      duration_ms: 4.350334
      type: 'test'
      ...
    # Subtest: evidence gains a v1 rule scope key and the v2 lookup key stays untouched
    ok 3 - evidence gains a v1 rule scope key and the v2 lookup key stays untouched
      ---
      duration_ms: 1.420625
      type: 'test'
      ...
    # Subtest: accepted claims use the closed fact and quality lists
    ok 4 - accepted claims use the closed fact and quality lists
      ---
      duration_ms: 1.979125
      type: 'test'
      ...
    # Subtest: scope checks fail closed the same way as the evidence store
    ok 5 - scope checks fail closed the same way as the evidence store
      ---
      duration_ms: 1.08225
      type: 'test'
      ...
    # Subtest: support foreign keys require accepted valid same scope and official authority
    ok 6 - support foreign keys require accepted valid same scope and official authority
      ---
      duration_ms: 0.54475
      type: 'test'
      ...
    # Subtest: visa effect and visa options follow the current contract
    ok 7 - visa effect and visa options follow the current contract
      ---
      duration_ms: 1.237
      type: 'test'
      ...
    # Subtest: stay, passport, blank pages and transit keep typed bounds
    ok 8 - stay, passport, blank pages and transit keep typed bounds
      ---
      duration_ms: 3.597375
      type: 'test'
      ...
    # Subtest: official actions and temporal rules stay synchronized with the TypeScript constants
    ok 9 - official actions and temporal rules stay synchronized with the TypeScript constants
      ---
      duration_ms: 1.126209
      type: 'test'
      ...
    # Subtest: airport helper has no finite maximum and keeps canonical IATA order
    ok 10 - airport helper has no finite maximum and keeps canonical IATA order
      ---
      duration_ms: 0.541583
      type: 'test'
      ...
    # Subtest: deferred fact payload trigger requires one matching row and does not count supports
    ok 11 - deferred fact payload trigger requires one matching row and does not count supports
      ---
      duration_ms: 2.089208
      type: 'test'
      ...
    1..11
ok 76 - accepted rule claim persistence schema
  ---
  duration_ms: 22.326584
  type: 'suite'
  ...
# Subtest: canonical transit airport acceptance
    # Subtest: seventeen sorted IATA codes are accepted and a malformed code is rejected
    ok 1 - seventeen sorted IATA codes are accepted and a malformed code is rejected
      ---
      duration_ms: 6.645542
      type: 'test'
      ...
    1..1
ok 77 - canonical transit airport acceptance
  ---
  duration_ms: 6.692708
  type: 'suite'
  ...
# Subtest: Official Truth rule claims
    # Subtest: zwei Quellen mit demselben Regelraum teilen den quellenneutralen Schlüssel
    ok 1 - zwei Quellen mit demselben Regelraum teilen den quellenneutralen Schlüssel
      ---
      duration_ms: 11.039459
      type: 'test'
      ...
    # Subtest: Reihenfolge und abweichende Reisedimensionen
    ok 2 - Reihenfolge und abweichende Reisedimensionen
      ---
      duration_ms: 1.443458
      type: 'test'
      ...
    # Subtest: Ausstellerland ist keine Staatsbürgerschaft und kein bevorzugter Pass
    ok 3 - Ausstellerland ist keine Staatsbürgerschaft und kein bevorzugter Pass
      ---
      duration_ms: 0.49925
      type: 'test'
      ...
    # Subtest: explizite Aussage mit einer akzeptierten Quelle wird angenommen
    ok 4 - explizite Aussage mit einer akzeptierten Quelle wird angenommen
      ---
      duration_ms: 3.644875
      type: 'test'
      ...
    # Subtest: zusammengesetzte Aussage braucht zwei verschiedene Quellen
    ok 5 - zusammengesetzte Aussage braucht zwei verschiedene Quellen
      ---
      duration_ms: 10.436583
      type: 'test'
      ...
    # Subtest: primäre Qualität ist nur Behörden-Evidence
    ok 6 - primäre Qualität ist nur Behörden-Evidence
      ---
      duration_ms: 3.360083
      type: 'test'
      ...
    # Subtest: stale, Konflikt und Forschungslücke werden nicht angenommen
    ok 7 - stale, Konflikt und Forschungslücke werden nicht angenommen
      ---
      duration_ms: 0.649875
      type: 'test'
      ...
    # Subtest: der Kandidatenvorschlag wird nicht zur akzeptierten Regel
    ok 8 - der Kandidatenvorschlag wird nicht zur akzeptierten Regel
      ---
      duration_ms: 1.316
      type: 'test'
      ...
    # Subtest: die Anforderungstaxonomie bleibt unverändert
    ok 9 - die Anforderungstaxonomie bleibt unverändert
      ---
      duration_ms: 0.399333
      type: 'test'
      ...
    # Subtest: Visawirkung, eTA und Einreiseformular bleiben in der bestehenden Taxonomie
    ok 10 - Visawirkung, eTA und Einreiseformular bleiben in der bestehenden Taxonomie
      ---
      duration_ms: 1.696292
      type: 'test'
      ...
    # Subtest: eine Visabefreiung kann neben einer nicht verpflichtenden eVisa-Option stehen
    ok 11 - eine Visabefreiung kann neben einer nicht verpflichtenden eVisa-Option stehen
      ---
      duration_ms: 1.003166
      type: 'test'
      ...
    # Subtest: Aufenthaltsgrenzen behalten ihre Einheit
    ok 12 - Aufenthaltsgrenzen behalten ihre Einheit
      ---
      duration_ms: 1.547959
      type: 'test'
      ...
    # Subtest: Passgültigkeit bleibt eine geschlossene Semantik
    ok 13 - Passgültigkeit bleibt eine geschlossene Semantik
      ---
      duration_ms: 1.737375
      type: 'test'
      ...
    # Subtest: leere Passseiten bleiben im technischen Bereich 1 bis 10
    ok 14 - leere Passseiten bleiben im technischen Bereich 1 bis 10
      ---
      duration_ms: 1.016541
      type: 'test'
      ...
    # Subtest: Transitbedingungen bleiben am Typ transit und raten Unbekanntes nicht
    ok 15 - Transitbedingungen bleiben am Typ transit und raten Unbekanntes nicht
      ---
      duration_ms: 2.484584
      type: 'test'
      ...
    # Subtest: Amtshandlungen lösen nur auf eine registrierte Behörde auf
    ok 16 - Amtshandlungen lösen nur auf eine registrierte Behörde auf
      ---
      duration_ms: 2.924084
      type: 'test'
      ...
    # Subtest: Zeitregeln benutzen den bestehenden Parser
    ok 17 - Zeitregeln benutzen den bestehenden Parser
      ---
      duration_ms: 3.033417
      type: 'test'
      ...
    # Subtest: Support, Scope und Personenfelder scheitern geschlossen
    ok 18 - Support, Scope und Personenfelder scheitern geschlossen
      ---
      duration_ms: 2.234417
      type: 'test'
      ...
    # Subtest: regelFaktKanonischLesen prüft den Fakt und nimmt ihn nicht an
    ok 19 - regelFaktKanonischLesen prüft den Fakt und nimmt ihn nicht an
      ---
      duration_ms: 0.526917
      type: 'test'
      ...
    # Subtest: Schema 1 läuft durch denselben Parser und bleibt ohne Traveller-Auswertung
    ok 20 - Schema 1 läuft durch denselben Parser und bleibt ohne Traveller-Auswertung
      ---
      duration_ms: 2.217916
      type: 'test'
      ...
    # Subtest: Schema-1-Zweige binden nur die neu bewiesenen Stützen
    ok 21 - Schema-1-Zweige binden nur die neu bewiesenen Stützen
      ---
      duration_ms: 3.003542
      type: 'test'
      ...
    1..21
ok 78 - Official Truth rule claims
  ---
  duration_ms: 57.54175
  type: 'suite'
  ...
# Subtest: Schema 2: dormant canonical fact carriers
    # Subtest: strict canonical requirement_effect: version, null slots, qualifiers and full fingerprint
    ok 1 - strict canonical requirement_effect: version, null slots, qualifiers and full fingerprint
      ---
      duration_ms: 0.970958
      type: 'test'
      ...
    # Subtest: strict canonical visa_options: version, null slots, qualifiers and full fingerprint
    ok 2 - strict canonical visa_options: version, null slots, qualifiers and full fingerprint
      ---
      duration_ms: 3.357
      type: 'test'
      ...
    # Subtest: strict canonical stay_limit: version, null slots, qualifiers and full fingerprint
    ok 3 - strict canonical stay_limit: version, null slots, qualifiers and full fingerprint
      ---
      duration_ms: 0.811459
      type: 'test'
      ...
    # Subtest: strict canonical temporal_rule: version, null slots, qualifiers and full fingerprint
    ok 4 - strict canonical temporal_rule: version, null slots, qualifiers and full fingerprint
      ---
      duration_ms: 0.490375
      type: 'test'
      ...
    # Subtest: qualified branches preserve full outcomes and normalize ordering
    ok 5 - qualified branches preserve full outcomes and normalize ordering
      ---
      duration_ms: 6.009709
      type: 'test'
      ...
    # Subtest: stay units/grant event/total semantics remain distinct, no legacy rolling/year adaptation
    ok 6 - stay units/grant event/total semantics remain distinct, no legacy rolling/year adaptation
      ---
      duration_ms: 8.142167
      type: 'test'
      ...
    # Subtest: unconditional outcome is covered; option sort is canonical ASCII and bounded
    ok 7 - unconditional outcome is covered; option sort is canonical ASCII and bounded
      ---
      duration_ms: 1.308958
      type: 'test'
      ...
    # Subtest: pure parser rejects executable data and does not widen Acceptance
    ok 8 - pure parser rejects executable data and does not widen Acceptance
      ---
      duration_ms: 0.440208
      type: 'test'
      ...
    1..8
ok 79 - Schema 2: dormant canonical fact carriers
  ---
  duration_ms: 21.661459
  type: 'suite'
  ...
# provider_ops_event {
#   domain: 'readiness',
#   providerId: 'signal-double',
#   operation: 'evaluate',
#   outcome: 'checked_empty',
#   durationMs: 1,
#   resultCount: 0,
#   droppedCount: null,
#   rateLimitHit: false,
#   recordedAt: '2026-10-06T08:21:04.221Z'
# }
# Subtest: Requirements Truth-Ops S4-R1
    # Subtest: Provider-Port erhält ein AbortSignal
    ok 1 - Provider-Port erhält ein AbortSignal
      ---
      duration_ms: 5.770583
      type: 'test'
      ...
# provider_ops_event {
#   domain: 'readiness',
#   providerId: 'hang-double',
#   operation: 'evaluate',
#   outcome: 'timeout',
#   durationMs: 27,
#   resultCount: 0,
#   droppedCount: null,
#   rateLimitHit: false,
#   recordedAt: '2026-10-06T08:21:04.265Z'
# }
# provider_ops_event {
#   domain: 'readiness',
#   providerId: 'hang-double',
#   operation: 'evaluate',
#   outcome: 'timeout',
#   durationMs: 25,
#   resultCount: 0,
#   droppedCount: null,
#   rateLimitHit: false,
#   recordedAt: '2026-10-06T08:21:04.291Z'
# }
    # Subtest: Domain-Timeout abortet einen hängenden Provider fail closed
    ok 2 - Domain-Timeout abortet einen hängenden Provider fail closed
      ---
      duration_ms: 54.446417
      type: 'test'
      ...
    # Subtest: bereits abgebrochenes Signal startet den Provider nicht
    ok 3 - bereits abgebrochenes Signal startet den Provider nicht
      ---
      duration_ms: 1.358583
      type: 'test'
      ...
    # Subtest: externes AbortSignal bricht eine laufende Provider-Ausführung ab
    ok 4 - externes AbortSignal bricht eine laufende Provider-Ausführung ab
      ---
      duration_ms: 12.07925
      type: 'test'
      ...
# provider_ops_event {
#   domain: 'readiness',
#   providerId: 'hang-double',
#   operation: 'evaluate',
#   outcome: 'timeout',
#   durationMs: 21,
#   resultCount: 0,
#   droppedCount: null,
#   rateLimitHit: false,
#   recordedAt: '2026-10-06T08:21:04.327Z'
# }
# provider_ops_event {
#   domain: 'readiness',
#   providerId: 'temp-double',
#   operation: 'evaluate',
#   outcome: 'error',
#   durationMs: 1,
#   resultCount: 0,
#   droppedCount: null,
#   rateLimitHit: false,
#   recordedAt: '2026-10-06T08:21:04.328Z'
# }
# provider_ops_event {
#   domain: 'readiness',
#   providerId: 'dead-double',
#   operation: 'evaluate',
#   outcome: 'unavailable',
#   durationMs: 0,
#   resultCount: 0,
#   droppedCount: null,
#   rateLimitHit: false,
#   recordedAt: '2026-10-06T08:21:04.328Z'
# }
# provider_ops_event {
#   domain: 'readiness',
#   providerId: 'secret-throw',
#   operation: 'evaluate',
#   outcome: 'error',
#   durationMs: 0,
#   resultCount: 0,
#   droppedCount: null,
#   rateLimitHit: false,
#   recordedAt: '2026-10-06T08:21:04.328Z'
# }
# provider_ops_event {
#   domain: 'readiness',
#   providerId: 'stale-double',
#   operation: 'evaluate',
#   outcome: 'ok',
#   durationMs: 0,
#   resultCount: 1,
#   droppedCount: null,
#   rateLimitHit: false,
#   recordedAt: '2026-10-06T08:21:04.330Z'
# }
    # Subtest: Timeout, Abort, temporary unavailable und unavailable bleiben unterscheidbar
    ok 5 - Timeout, Abort, temporary unavailable und unavailable bleiben unterscheidbar
      ---
      duration_ms: 21.734625
      type: 'test'
      ...
    # Subtest: technische Fehler minten keine Hard Truth und leaken keine Raw-Errors
    ok 6 - technische Fehler minten keine Hard Truth und leaken keine Raw-Errors
      ---
      duration_ms: 0.527458
      type: 'test'
      ...
    # Subtest: Factory bleibt null
    ok 7 - Factory bleibt null
      ---
      duration_ms: 0.04425
      type: 'test'
      ...
    # Subtest: Requirements-Route propagiert req.signal und bleibt hinter dem Kill-Switch
    ok 8 - Requirements-Route propagiert req.signal und bleibt hinter dem Kill-Switch
      ---
      duration_ms: 0.190125
      type: 'test'
      ...
    # Subtest: Production-Timeout bleibt begrenzt und Client-Werte werden gekappt
    ok 9 - Production-Timeout bleibt begrenzt und Client-Werte werden gekappt
      ---
      duration_ms: 0.088708
      type: 'test'
      ...
    # Subtest: officialFrische: Evidence unter 60 min kann current sein
    ok 10 - officialFrische: Evidence unter 60 min kann current sein
      ---
      duration_ms: 0.282208
      type: 'test'
      ...
    # Subtest: officialFrische: exakte TTL-Grenze und darüber sind recheck_needed
    ok 11 - officialFrische: exakte TTL-Grenze und darüber sind recheck_needed
      ---
      duration_ms: 0.071417
      type: 'test'
      ...
    # Subtest: officialFrische: zu alte Evidence und injizierte Max-Age bleiben fail closed
    ok 12 - officialFrische: zu alte Evidence und injizierte Max-Age bleiben fail closed
      ---
      duration_ms: 0.040708
      type: 'test'
      ...
    # Subtest: validUntil, Fingerprint und temporary-unavailable bleiben fail closed
    ok 13 - validUntil, Fingerprint und temporary-unavailable bleiben fail closed
      ---
      duration_ms: 0.167792
      type: 'test'
      ...
    # Subtest: alte Provider-Evidence wird nicht als current Hard Truth übernommen
    ok 14 - alte Provider-Evidence wird nicht als current Hard Truth übernommen
      ---
      duration_ms: 0.973209
      type: 'test'
      ...
    1..14
ok 80 - Requirements Truth-Ops S4-R1
  ---
  duration_ms: 111.234541
  type: 'suite'
  ...
# Subtest: Readiness-Schema
    # Subtest: gültiger Check kommt durch
    ok 1 - gültiger Check kommt durch
      ---
      duration_ms: 3.130292
      type: 'test'
      ...
    # Subtest: ungültige Enums werden abgelehnt
    ok 2 - ungültige Enums werden abgelehnt
      ---
      duration_ms: 3.707292
      type: 'test'
      ...
    # Subtest: freier Country-Label ist kein Code
    ok 3 - freier Country-Label ist kein Code
      ---
      duration_ms: 0.320708
      type: 'test'
      ...
    # Subtest: Custom Title Längenlimit
    ok 4 - Custom Title Längenlimit
      ---
      duration_ms: 0.874708
      type: 'test'
      ...
    # Subtest: keine arbitrary URLs / HTML im Titel
    ok 5 - keine arbitrary URLs / HTML im Titel
      ---
      duration_ms: 1.278875
      type: 'test'
      ...
    # Subtest: keine sensiblen Dokumentfelder
    ok 6 - keine sensiblen Dokumentfelder
      ---
      duration_ms: 0.125708
      type: 'test'
      ...
    # Subtest: Browser darf official evidence nicht setzen
    ok 7 - Browser darf official evidence nicht setzen
      ---
      duration_ms: 0.10875
      type: 'test'
      ...
    # Subtest: Retry/Doppelklick über dieselbe clientRef verdoppelt nicht
    ok 8 - Retry/Doppelklick über dieselbe clientRef verdoppelt nicht
      ---
      duration_ms: 2.192708
      type: 'test'
      ...
    1..8
ok 81 - Readiness-Schema
  ---
  duration_ms: 12.80175
  type: 'suite'
  ...
# Subtest: Official Truth source/evidence foundation
    # Subtest: Behörden- und Anbieterklasse bleiben getrennt
    ok 1 - Behörden- und Anbieterklasse bleiben getrennt
      ---
      duration_ms: 3.783958
      type: 'test'
      ...
    # Subtest: ungültige, unsichere, credential- und unregistrierte URLs scheitern geschlossen
    ok 2 - ungültige, unsichere, credential- und unregistrierte URLs scheitern geschlossen
      ---
      duration_ms: 0.790333
      type: 'test'
      ...
    # Subtest: ein Kandidat ist keine akzeptierte Evidence und Modellentscheidungen werden nicht übernommen
    ok 3 - ein Kandidat ist keine akzeptierte Evidence und Modellentscheidungen werden nicht übernommen
      ---
      duration_ms: 2.493875
      type: 'test'
      ...
    # Subtest: Credential-Optionen bleiben relationsscharf und reihenfolgenstabil
    ok 4 - Credential-Optionen bleiben relationsscharf und reihenfolgenstabil
      ---
      duration_ms: 2.844334
      type: 'test'
      ...
    # Subtest: derselbe Quellentext bleibt derselbe Fingerabdruck, auch wenn die Extraktion anders formuliert
    ok 5 - derselbe Quellentext bleibt derselbe Fingerabdruck, auch wenn die Extraktion anders formuliert
      ---
      duration_ms: 10.3925
      type: 'test'
      ...
    # Subtest: ein Konflikt überschreibt akzeptierte Evidence nicht
    ok 6 - ein Konflikt überschreibt akzeptierte Evidence nicht
      ---
      duration_ms: 2.584667
      type: 'test'
      ...
    # Subtest: Quellenabdeckung unterscheidet independent, exact und Ziel von Transit
    ok 7 - Quellenabdeckung unterscheidet independent, exact und Ziel von Transit
      ---
      duration_ms: 1.033625
      type: 'test'
      ...
    # Subtest: die neue Laufzeit importiert keine Engine, kein Netz und keinen echten Katalog
    ok 8 - die neue Laufzeit importiert keine Engine, kein Netz und keinen echten Katalog
      ---
      duration_ms: 0.486958
      type: 'test'
      ...
    1..8
ok 82 - Official Truth source/evidence foundation
  ---
  duration_ms: 24.876792
  type: 'suite'
  ...
# Subtest: Readiness-Gesamtstatus
    # Subtest: 0 persistierte Items bleiben ehrlich
    ok 1 - 0 persistierte Items bleiben ehrlich
      ---
      duration_ms: 2.355458
      type: 'test'
      ...
    # Subtest: nur User Items done + official unknown
    ok 2 - nur User Items done + official unknown
      ---
      duration_ms: 4.48375
      type: 'test'
      ...
    # Subtest: offene Items werden gezählt
    ok 3 - offene Items werden gezählt
      ---
      duration_ms: 0.647666
      type: 'test'
      ...
    # Subtest: stale Items werden separat gezählt
    ok 4 - stale Items werden separat gezählt
      ---
      duration_ms: 14.406417
      type: 'test'
      ...
    # Subtest: mehrere Länder getrennt
    ok 5 - mehrere Länder getrennt
      ---
      duration_ms: 2.641583
      type: 'test'
      ...
    # Subtest: mehrere Reisende verbieten individuelle Aussagen
    ok 6 - mehrere Reisende verbieten individuelle Aussagen
      ---
      duration_ms: 12.422584
      type: 'test'
      ...
    # Subtest: Provider unavailable
    ok 7 - Provider unavailable
      ---
      duration_ms: 1.966875
      type: 'test'
      ...
    # Subtest: gelieferte Evaluations erreichen die Ansicht ohne Client-Provider
    ok 8 - gelieferte Evaluations erreichen die Ansicht ohne Client-Provider
      ---
      duration_ms: 0.327375
      type: 'test'
      ...
    1..8
ok 83 - Readiness-Gesamtstatus
  ---
  duration_ms: 39.807875
  type: 'suite'
  ...
# Subtest: Strikte Requirements-Traveller-Anfrage
    # Subtest: gültige Canonical-Form bleibt unverändert
    ok 1 - gültige Canonical-Form bleibt unverändert
      ---
      duration_ms: 2.105209
      type: 'test'
      ...
    # Subtest: echte Legacy-Form ohne Canonical-Properties bleibt kompatibel
    ok 2 - echte Legacy-Form ohne Canonical-Properties bleibt kompatibel
      ---
      duration_ms: 0.096709
      type: 'test'
      ...
    # Subtest: gültiges plus malformed Citizenship-Child ist fail-closed
    ok 3 - gültiges plus malformed Citizenship-Child ist fail-closed
      ---
      duration_ms: 0.071
      type: 'test'
      ...
    # Subtest: gültiges plus malformed Document-Child ist fail-closed
    ok 4 - gültiges plus malformed Document-Child ist fail-closed
      ---
      duration_ms: 0.092416
      type: 'test'
      ...
    # Subtest: falscher Typ von citizenships oder documents löst keinen Legacy-Fallback aus
    ok 5 - falscher Typ von citizenships oder documents löst keinen Legacy-Fallback aus
      ---
      duration_ms: 0.079417
      type: 'test'
      ...
    # Subtest: Limits werden abgewiesen statt still gekürzt
    ok 6 - Limits werden abgewiesen statt still gekürzt
      ---
      duration_ms: 0.052792
      type: 'test'
      ...
    # Subtest: Duplicate-Child oder Duplicate-Ref ist fail-closed
    ok 7 - Duplicate-Child oder Duplicate-Ref ist fail-closed
      ---
      duration_ms: 0.038375
      type: 'test'
      ...
    # Subtest: malformed Legacy-Singularfelder sind fail-closed
    ok 8 - malformed Legacy-Singularfelder sind fail-closed
      ---
      duration_ms: 0.169459
      type: 'test'
      ...
    # Subtest: gemischtes Passport + National-ID mit gültigen Citizenship-Links wird akzeptiert
    ok 9 - gemischtes Passport + National-ID mit gültigen Citizenship-Links wird akzeptiert
      ---
      duration_ms: 8.749
      type: 'test'
      ...
    # Subtest: semantische Dokument-Permutationen bleiben äquivalent und behalten die Links
    ok 10 - semantische Dokument-Permutationen bleiben äquivalent und behalten die Links
      ---
      duration_ms: 0.6335
      type: 'test'
      ...
    # Subtest: unbekannte citizenshipClientRef bleibt fail-closed
    ok 11 - unbekannte citizenshipClientRef bleibt fail-closed
      ---
      duration_ms: 0.04525
      type: 'test'
      ...
    # Subtest: fehlende oder mehrdeutige Dokument-Identität bleibt fail-closed
    ok 12 - fehlende oder mehrdeutige Dokument-Identität bleibt fail-closed
      ---
      duration_ms: 0.061375
      type: 'test'
      ...
    # Subtest: Wohnsitz oder Ausstellerland werden nicht zur Staatsbürgerschaft
    ok 13 - Wohnsitz oder Ausstellerland werden nicht zur Staatsbürgerschaft
      ---
      duration_ms: 0.0655
      type: 'test'
      ...
    # Subtest: erzeugt keine Default-, Primary- oder Preferred-Staatsbürgerschaft oder -Dokumente
    ok 14 - erzeugt keine Default-, Primary- oder Preferred-Staatsbürgerschaft oder -Dokumente
      ---
      duration_ms: 0.095875
      type: 'test'
      ...
    # Subtest: Passnummer oder MRZ an der API-Grenze wird nicht still ignoriert
    ok 15 - Passnummer oder MRZ an der API-Grenze wird nicht still ignoriert
      ---
      duration_ms: 0.02575
      type: 'test'
      ...
    1..15
ok 84 - Strikte Requirements-Traveller-Anfrage
  ---
  duration_ms: 13.059
  type: 'suite'
  ...
# Subtest: Traveller-Kontext
    # Subtest: liest Legacy-Singularform verlustfrei
    ok 1 - liest Legacy-Singularform verlustfrei
      ---
      duration_ms: 3.559083
      type: 'test'
      ...
    # Subtest: dedupliziert Staatsbürgerschaften deterministisch
    ok 2 - dedupliziert Staatsbürgerschaften deterministisch
      ---
      duration_ms: 5.009042
      type: 'test'
      ...
    # Subtest: Fingerprint ist unabhängig von Array-Reihenfolge
    ok 3 - Fingerprint ist unabhängig von Array-Reihenfolge
      ---
      duration_ms: 0.249042
      type: 'test'
      ...
    # Subtest: Add/Remove Citizenship ändert den Fingerprint, Traveller B bleibt isoliert
    ok 4 - Add/Remove Citizenship ändert den Fingerprint, Traveller B bleibt isoliert
      ---
      duration_ms: 0.164083
      type: 'test'
      ...
    # Subtest: Ausstellerland wird nicht zur Staatsbürgerschaft
    ok 5 - Ausstellerland wird nicht zur Staatsbürgerschaft
      ---
      duration_ms: 3.926166
      type: 'test'
      ...
    # Subtest: kanonisch leere Arrays bleiben leer trotz Legacy-Singularfeldern
    ok 6 - kanonisch leere Arrays bleiben leer trotz Legacy-Singularfeldern
      ---
      duration_ms: 5.466292
      type: 'test'
      ...
    # Subtest: erfindet kein Dokument aus einer Staatsbürgerschaft
    ok 7 - erfindet kein Dokument aus einer Staatsbürgerschaft
      ---
      duration_ms: 0.06775
      type: 'test'
      ...
    # Subtest: Ref→Country-Tausch ändert die Dokument-Bedeutung, Reihenfolge nicht
    ok 8 - Ref→Country-Tausch ändert die Dokument-Bedeutung, Reihenfolge nicht
      ---
      duration_ms: 0.1745
      type: 'test'
      ...
    1..8
ok 85 - Traveller-Kontext
  ---
  duration_ms: 19.097208
  type: 'suite'
  ...
# Subtest: Traveller-Zuordnung für Readiness
    # Subtest: null-Ref bleibt legal trip-level
    ok 1 - null-Ref bleibt legal trip-level
      ---
      duration_ms: 0.327208
      type: 'test'
      ...
    # Subtest: gültige Ref liefert die echte UUID
    ok 2 - gültige Ref liefert die echte UUID
      ---
      duration_ms: 0.067917
      type: 'test'
      ...
    # Subtest: unbekannte Ref wird abgewiesen
    ok 3 - unbekannte Ref wird abgewiesen
      ---
      duration_ms: 0.033208
      type: 'test'
      ...
    # Subtest: Ref eines anderen Travellers wird abgewiesen
    ok 4 - Ref eines anderen Travellers wird abgewiesen
      ---
      duration_ms: 0.025292
      type: 'test'
      ...
    # Subtest: nicht-UUID-Id degradiert nicht zu trip-level
    ok 5 - nicht-UUID-Id degradiert nicht zu trip-level
      ---
      duration_ms: 0.049167
      type: 'test'
      ...
    1..5
ok 86 - Traveller-Zuordnung für Readiness
  ---
  duration_ms: 0.938291
  type: 'suite'
  ...
# provider_ops_event {
#   domain: 'readiness',
#   providerId: 'failure-test',
#   operation: 'evaluate',
#   outcome: 'error',
#   durationMs: 0,
#   resultCount: 0,
#   droppedCount: null,
#   rateLimitHit: false,
#   recordedAt: '2026-10-06T08:21:05.276Z'
# }
# Subtest: B01 server-owned Official evaluations
    # Subtest: delegates the exact Trip and gated provider, returning the complete array by identity
    ok 1 - delegates the exact Trip and gated provider, returning the complete array by identity
      ---
      duration_ms: 55.608125
      type: 'test'
      ...
    # Subtest: current null factory: full peer scope, canonical fail-closed fields, no network or Trip mutation
    ok 2 - current null factory: full peer scope, canonical fail-closed fields, no network or Trip mutation
      ---
      duration_ms: 5.583791
      type: 'test'
      ...
    # Subtest: missing citizenship is never inferred from residence or issuing country; absent documents stay absent
    ok 3 - missing citizenship is never inferred from residence or issuing country; absent documents stay absent
      ---
      duration_ms: 0.878042
      type: 'test'
      ...
    # Subtest: a new Trip snapshot recomputes dates, destinations and every remaining peer without cached evaluations
    ok 4 - a new Trip snapshot recomputes dates, destinations and every remaining peer without cached evaluations
      ---
      duration_ms: 0.552667
      type: 'test'
      ...
    # Subtest: real state gate blocks a supplied test provider: missing flag
    ok 5 - real state gate blocks a supplied test provider: missing flag
      ---
      duration_ms: 8.034583
      type: 'test'
      ...
    # Subtest: real state gate blocks a supplied test provider: preview disabled
    ok 6 - real state gate blocks a supplied test provider: preview disabled
      ---
      duration_ms: 26.261875
      type: 'test'
      ...
    # Subtest: real state gate blocks a supplied test provider: production hard-off
    ok 7 - real state gate blocks a supplied test provider: production hard-off
      ---
      duration_ms: 30.519458
      type: 'test'
      ...
    # Subtest: existing engine preserves bounded fail-closed throw semantics
    ok 8 - existing engine preserves bounded fail-closed throw semantics
      ---
      duration_ms: 23.961084
      type: 'test'
      ...
# provider_ops_event {
#   domain: 'readiness',
#   providerId: 'failure-test',
#   operation: 'evaluate',
#   outcome: 'timeout',
#   durationMs: 6,
#   resultCount: 0,
#   droppedCount: null,
#   rateLimitHit: false,
#   recordedAt: '2026-10-06T08:21:05.303Z'
# }
    # Subtest: existing engine preserves bounded fail-closed timeout semantics
    ok 9 - existing engine preserves bounded fail-closed timeout semantics
      ---
      duration_ms: 12.10725
      type: 'test'
      ...
    1..9
ok 87 - B01 server-owned Official evaluations
  ---
  duration_ms: 164.626791
  type: 'suite'
  ...
# Subtest: B01 authenticated page and account handoff
    # Subtest: loads first, evaluates the exact loaded snapshot, forwards every evaluation separately from registry
    ok 1 - loads first, evaluates the exact loaded snapshot, forwards every evaluation separately from registry
      ---
      duration_ms: 17.119666
      type: 'test'
      ...
    # Subtest: does not evaluate while the authenticated loader is pending
    ok 2 - does not evaluate while the authenticated loader is pending
      ---
      duration_ms: 16.134125
      type: 'test'
      ...
    # Subtest: missing: identical 404 with no evaluation or registry read
    ok 3 - missing: identical 404 with no evaluation or registry read
      ---
      duration_ms: 12.460583
      type: 'test'
      ...
    # Subtest: foreign UUID hidden by RLS: identical 404 with no evaluation or registry read
    ok 4 - foreign UUID hidden by RLS: identical 404 with no evaluation or registry read
      ---
      duration_ms: 5.810834
      type: 'test'
      ...
    # Subtest: loader error 500: existing error UI, no evaluation
    ok 5 - loader error 500: existing error UI, no evaluation
      ---
      duration_ms: 10.111208
      type: 'test'
      ...
    # Subtest: loader error 503: existing error UI, no evaluation
    ok 6 - loader error 503: existing error UI, no evaluation
      ---
      duration_ms: 3.373792
      type: 'test'
      ...
    # Subtest: guest boundary (false, aaaaaaaa-0000-4000-8000-000000000001): no account, evaluation or registry calls
    ok 7 - guest boundary (false, aaaaaaaa-0000-4000-8000-000000000001): no account, evaluation or registry calls
      ---
      duration_ms: 9.898916
      type: 'test'
      ...
    # Subtest: guest boundary (true, trip-aaaaaaaa-0000-4000-8000-000000000001): no account, evaluation or registry calls
    ok 8 - guest boundary (true, trip-aaaaaaaa-0000-4000-8000-000000000001): no account, evaluation or registry calls
      ---
      duration_ms: 3.789084
      type: 'test'
      ...
    # Subtest: guest boundary (true, invalid): no account, evaluation or registry calls
    ok 9 - guest boundary (true, invalid): no account, evaluation or registry calls
      ---
      duration_ms: 5.460083
      type: 'test'
      ...
    # Subtest: account forwards arrays losslessly on repeated renders; existing mutation callbacks refresh
    ok 10 - account forwards arrays losslessly on repeated renders; existing mutation callbacks refresh
      ---
      duration_ms: 18.969833
      type: 'test'
      ...
    # Subtest: no Guest Official wiring, persistence or credential/evaluation shortcut in the new handoff
    ok 11 - no Guest Official wiring, persistence or credential/evaluation shortcut in the new handoff
      ---
      duration_ms: 0.380292
      type: 'test'
      ...
    1..11
ok 88 - B01 authenticated page and account handoff
  ---
  duration_ms: 103.851875
  type: 'suite'
  ...
# Subtest: Official Truth bleibt von User Evidence getrennt
    # Subtest: User done + official unknown → official bleibt unknown
    ok 1 - User done + official unknown → official bleibt unknown
      ---
      duration_ms: 2.601084
      type: 'test'
      ...
    # Subtest: User skipped wird nicht als offiziell not_required ausgegeben
    ok 2 - User skipped wird nicht als offiziell not_required ausgegeben
      ---
      duration_ms: 0.814917
      type: 'test'
      ...
    # Subtest: kein Provider → keine Visa-/Passbehauptung
    ok 3 - kein Provider → keine Visa-/Passbehauptung
      ---
      duration_ms: 0.181
      type: 'test'
      ...
    # Subtest: fehlende Traveller-Identität → keine individuelle Einreisebehauptung
    ok 4 - fehlende Traveller-Identität → keine individuelle Einreisebehauptung
      ---
      duration_ms: 0.088541
      type: 'test'
      ...
    # Subtest: mehrere Reisende → niemals für alle geprüft
    ok 5 - mehrere Reisende → niemals für alle geprüft
      ---
      duration_ms: 0.610375
      type: 'test'
      ...
    # Subtest: Country Code allein erzeugt keine definitive Visa-Aussage
    ok 6 - Country Code allein erzeugt keine definitive Visa-Aussage
      ---
      duration_ms: 0.069417
      type: 'test'
      ...
    1..6
ok 89 - Official Truth bleibt von User Evidence getrennt
  ---
  duration_ms: 4.755334
  type: 'suite'
  ...
# Subtest: Guest → Account Readiness-Übernahme
    # Subtest: idempotent: dieselbe clientRef wird nicht verdoppelt
    ok 1 - idempotent: dieselbe clientRef wird nicht verdoppelt
      ---
      duration_ms: 1.533916
      type: 'test'
      ...
    # Subtest: Confirmation wird über Fakten neu zugeordnet, nicht über Gast-ID
    ok 2 - Confirmation wird über Fakten neu zugeordnet, nicht über Gast-ID
      ---
      duration_ms: 0.689666
      type: 'test'
      ...
    # Subtest: ohne Match bleibt Confirmation ohne fremden Planpunkt
    ok 3 - ohne Match bleibt Confirmation ohne fremden Planpunkt
      ---
      duration_ms: 0.152375
      type: 'test'
      ...
    # Subtest: travellerClientRef überlebt Guest→Account-Bau
    ok 4 - travellerClientRef überlebt Guest→Account-Bau
      ---
      duration_ms: 0.236666
      type: 'test'
      ...
    1..4
ok 90 - Guest → Account Readiness-Übernahme
  ---
  duration_ms: 3.279416
  type: 'suite'
  ...
# Subtest: Credential-Vergleich
    # Subtest: ohne Evidence nicht vergleichbar
    ok 1 - ohne Evidence nicht vergleichbar
      ---
      duration_ms: 0.474625
      type: 'test'
      ...
    # Subtest: visa required gegen not_required ohne Eligibility ist nicht vergleichbar
    ok 2 - visa required gegen not_required ohne Eligibility ist nicht vergleichbar
      ---
      duration_ms: 0.097834
      type: 'test'
      ...
    # Subtest: explizit mandatory Document gewinnt
    ok 3 - explizit mandatory Document gewinnt
      ---
      duration_ms: 0.0845
      type: 'test'
      ...
    # Subtest: explizit not-allowed Option scheidet aus
    ok 4 - explizit not-allowed Option scheidet aus
      ---
      duration_ms: 0.044042
      type: 'test'
      ...
    # Subtest: zwei gleichwertige erlaubte Optionen sind nicht vergleichbar
    ok 5 - zwei gleichwertige erlaubte Optionen sind nicht vergleichbar
      ---
      duration_ms: 0.121125
      type: 'test'
      ...
    # Subtest: nach expliziter Eligibility gewinnt geringere belegte Reibung
    ok 6 - nach expliziter Eligibility gewinnt geringere belegte Reibung
      ---
      duration_ms: 0.044459
      type: 'test'
      ...
    # Subtest: stale oder conflicting Evidence bleibt nicht vergleichbar
    ok 7 - stale oder conflicting Evidence bleibt nicht vergleichbar
      ---
      duration_ms: 0.07675
      type: 'test'
      ...
    # Subtest: VISA vollständig und TRANSIT stale ergibt keinen globalen Winner
    ok 8 - VISA vollständig und TRANSIT stale ergibt keinen globalen Winner
      ---
      duration_ms: 0.083458
      type: 'test'
      ...
    # Subtest: drei Optionen ohne vollständige current Evidence der ersten Option ergeben keinen Winner
    ok 9 - drei Optionen ohne vollständige current Evidence der ersten Option ergeben keinen Winner
      ---
      duration_ms: 0.109125
      type: 'test'
      ...
    # Subtest: entscheidungsSignatur unterscheidet officialClass, nicht Evidence-URLs
    ok 10 - entscheidungsSignatur unterscheidet officialClass, nicht Evidence-URLs
      ---
      duration_ms: 0.21775
      type: 'test'
      ...
    # Subtest: mandatory und not_allowed auf derselben Option sind nicht vergleichbar
    ok 11 - mandatory und not_allowed auf derselben Option sind nicht vergleichbar
      ---
      duration_ms: 0.035958
      type: 'test'
      ...
    1..11
ok 91 - Credential-Vergleich
  ---
  duration_ms: 1.79575
  type: 'suite'
  ...
# Subtest: Readiness Workspace Integration R1
    # Subtest: 1. ein Traveller / ein Ziel / kein Provider → keine 15+ Placeholder-Karten
    ok 1 - 1. ein Traveller / ein Ziel / kein Provider → keine 15+ Placeholder-Karten
      ---
      duration_ms: 4.430333
      type: 'test'
      ...
    # Subtest: 2. fehlende Staatsangehörigkeit → ein kompakter blocked Scope
    ok 2 - 2. fehlende Staatsangehörigkeit → ein kompakter blocked Scope
      ---
      duration_ms: 0.322834
      type: 'test'
      ...
    # Subtest: 3. aktuelle konkrete Visa-Requirement bleibt einzeln sichtbar
    ok 3 - 3. aktuelle konkrete Visa-Requirement bleibt einzeln sichtbar
      ---
      duration_ms: 0.186042
      type: 'test'
      ...
    # Subtest: 4. aktuelle Visa + restliche Placeholder → Visa einzeln + ein kompakter Block
    ok 4 - 4. aktuelle Visa + restliche Placeholder → Visa einzeln + ein kompakter Block
      ---
      duration_ms: 0.162416
      type: 'test'
      ...
    # Subtest: 5. stale / recheck / evidence-bearing Rows bleiben einzeln
    ok 5 - 5. stale / recheck / evidence-bearing Rows bleiben einzeln
      ---
      duration_ms: 0.248083
      type: 'test'
      ...
    # Subtest: 6. zwei Traveller bleiben getrennt
    ok 6 - 6. zwei Traveller bleiben getrennt
      ---
      duration_ms: 0.208
      type: 'test'
      ...
    # Subtest: 7. zwei Credential-Optionen bleiben getrennt
    ok 7 - 7. zwei Credential-Optionen bleiben getrennt
      ---
      duration_ms: 0.210875
      type: 'test'
      ...
    # Subtest: 8. Transit-Scope bleibt getrennt
    ok 8 - 8. Transit-Scope bleibt getrennt
      ---
      duration_ms: 0.189
      type: 'test'
      ...
    # Subtest: 9. keine groben Duplicate-Karten in der primären Workspace-Presentation
    ok 9 - 9. keine groben Duplicate-Karten in der primären Workspace-Presentation
      ---
      duration_ms: 2.669625
      type: 'test'
      ...
    # Subtest: 10. Ticket-/Booking-/Custom-Preparation bleiben sichtbar
    ok 10 - 10. Ticket-/Booking-/Custom-Preparation bleiben sichtbar
      ---
      duration_ms: 3.114375
      type: 'test'
      ...
    # Subtest: 11. sichtbare persönliche Counts entsprechen sichtbaren persönlichen Items
    ok 11 - 11. sichtbare persönliche Counts entsprechen sichtbaren persönlichen Items
      ---
      duration_ms: 2.264792
      type: 'test'
      ...
    # Subtest: 12. persistierte Legacy-Duplicate-Items bleiben im Domain-Result erhalten
    ok 12 - 12. persistierte Legacy-Duplicate-Items bleiben im Domain-Result erhalten
      ---
      duration_ms: 2.037959
      type: 'test'
      ...
    # Subtest: 13. E1–E4 Presentation-Invarianten und Factory bleiben unangetastet
    ok 13 - 13. E1–E4 Presentation-Invarianten und Factory bleiben unangetastet
      ---
      duration_ms: 0.317917
      type: 'test'
      ...
    # Subtest: Placeholder-Kollaps ist permutationsstabil und ändert keine Engine-Wahrheit
    ok 14 - Placeholder-Kollaps ist permutationsstabil und ändert keine Engine-Wahrheit
      ---
      duration_ms: 0.261583
      type: 'test'
      ...
    # Subtest: source_temporarily_unavailable ohne Evidence darf kollabieren, mit Evidence nicht
    ok 15 - source_temporarily_unavailable ohne Evidence darf kollabieren, mit Evidence nicht
      ---
      duration_ms: 0.173125
      type: 'test'
      ...
    1..15
ok 92 - Readiness Workspace Integration R1
  ---
  duration_ms: 17.480459
  type: 'suite'
  ...
# Subtest: Readiness-Domain-Kill-Switch
    # Subtest: Production bleibt hart aus, auch mit Flag und Provider
    ok 1 - Production bleibt hart aus, auch mit Flag und Provider
      ---
      duration_ms: 2.524792
      type: 'test'
      ...
    # Subtest: ohne Flag bleibt die Domain aus
    ok 2 - ohne Flag bleibt die Domain aus
      ---
      duration_ms: 0.059042
      type: 'test'
      ...
    # Subtest: Flag an ohne Provider bleibt ohne Zugang
    ok 3 - Flag an ohne Provider bleibt ohne Zugang
      ---
      duration_ms: 0.040084
      type: 'test'
      ...
    # Subtest: nur Test/Preview + Flag an + Provider ist technisch aktivierbar
    ok 4 - nur Test/Preview + Flag an + Provider ist technisch aktivierbar
      ---
      duration_ms: 0.052875
      type: 'test'
      ...
    # Subtest: Factory bleibt null, auch wenn der Kill-Switch technisch aktivierbar wäre
    ok 5 - Factory bleibt null, auch wenn der Kill-Switch technisch aktivierbar wäre
      ---
      duration_ms: 0.07825
      type: 'test'
      ...
    1..5
ok 93 - Readiness-Domain-Kill-Switch
  ---
  duration_ms: 3.348583
  type: 'suite'
  ...
# Subtest: Route & Transit Intelligence
    # Subtest: 1. Direktflug CH → TH
    ok 1 - 1. Direktflug CH → TH
      ---
      duration_ms: 6.749292
      type: 'test'
      ...
    # Subtest: 2. ein Transit CH → QA → TH
    ok 2 - 2. ein Transit CH → QA → TH
      ---
      duration_ms: 0.581584
      type: 'test'
      ...
    # Subtest: 3. zwei Transits
    ok 3 - 3. zwei Transits
      ---
      duration_ms: 1.412167
      type: 'test'
      ...
    # Subtest: 4. fehlender Airport-Country-Kontext bleibt unknown
    ok 4 - 4. fehlender Airport-Country-Kontext bleibt unknown
      ---
      duration_ms: 0.199958
      type: 'test'
      ...
    # Subtest: 5. gleiche Stadt, unterschiedlicher Airport ist Flughafenwechsel
    ok 5 - 5. gleiche Stadt, unterschiedlicher Airport ist Flughafenwechsel
      ---
      duration_ms: 0.250292
      type: 'test'
      ...
    # Subtest: 6. Transitwechsel QA → SG erzeugt neue Route Facts
    ok 6 - 6. Transitwechsel QA → SG erzeugt neue Route Facts
      ---
      duration_ms: 0.470375
      type: 'test'
      ...
    # Subtest: 7. Readiness Context wird bei Transitänderung stale
    ok 7 - 7. Readiness Context wird bei Transitänderung stale
      ---
      duration_ms: 3.170917
      type: 'test'
      ...
    # Subtest: 8. Segmentreihenfolge bleibt korrekt
    ok 8 - 8. Segmentreihenfolge bleibt korrekt
      ---
      duration_ms: 0.183791
      type: 'test'
      ...
    # Subtest: 9. Connection Duration aus validen Zeiten
    ok 9 - 9. Connection Duration aus validen Zeiten
      ---
      duration_ms: 0.227417
      type: 'test'
      ...
    # Subtest: 10. ungültige oder fehlende Zeiten erzeugen keine Duration
    ok 10 - 10. ungültige oder fehlende Zeiten erzeugen keine Duration
      ---
      duration_ms: 0.26525
      type: 'test'
      ...
    # Subtest: 11. Guest- und Account-Parität über dasselbe Trip-Feld
    ok 11 - 11. Guest- und Account-Parität über dasselbe Trip-Feld
      ---
      duration_ms: 0.425667
      type: 'test'
      ...
    # Subtest: 12. Direktflug-Anzeige ist einfacher als Umstieg
    ok 12 - 12. Direktflug-Anzeige ist einfacher als Umstieg
      ---
      duration_ms: 1.437459
      type: 'test'
      ...
    # Subtest: 13. Titel und Notiz werden nicht zur Route
    ok 13 - 13. Titel und Notiz werden nicht zur Route
      ---
      duration_ms: 0.394958
      type: 'test'
      ...
    # Subtest: 14. FlugOption-Ableitung nutzt nur Referenzländer
    ok 14 - 14. FlugOption-Ableitung nutzt nur Referenzländer
      ---
      duration_ms: 1.363708
      type: 'test'
      ...
    1..14
ok 94 - Route & Transit Intelligence
  ---
  duration_ms: 17.730208
  type: 'suite'
  ...
# Subtest: itineraryKanonisieren
    # Subtest: 1. manipuliertes ZRH-Land wird zu CH
    ok 1 - 1. manipuliertes ZRH-Land wird zu CH
      ---
      duration_ms: 1.442666
      type: 'test'
      ...
    # Subtest: 2. manipuliertes DOH-Transitland wird zu QA
    ok 2 - 2. manipuliertes DOH-Transitland wird zu QA
      ---
      duration_ms: 2.6815
      type: 'test'
      ...
    # Subtest: 3. Client-Stadt und -Landname werden durch die Referenz ersetzt
    ok 3 - 3. Client-Stadt und -Landname werden durch die Referenz ersetzt
      ---
      duration_ms: 0.23475
      type: 'test'
      ...
    # Subtest: 4. unbekannter IATA übernimmt kein Client-Land
    ok 4 - 4. unbekannter IATA übernimmt kein Client-Land
      ---
      duration_ms: 0.2045
      type: 'test'
      ...
    # Subtest: 5. leere Referenz (Lookup-Fehler) fällt nicht auf Clientwerte zurück
    ok 5 - 5. leere Referenz (Lookup-Fehler) fällt nicht auf Clientwerte zurück
      ---
      duration_ms: 5.017084
      type: 'test'
      ...
    # Subtest: 6. Direktflug, ein Transit und Multi-Transit bleiben vollständig
    ok 6 - 6. Direktflug, ein Transit und Multi-Transit bleiben vollständig
      ---
      duration_ms: 1.082125
      type: 'test'
      ...
    # Subtest: Zeiten bleiben erhalten
    ok 7 - Zeiten bleiben erhalten
      ---
      duration_ms: 0.581833
      type: 'test'
      ...
    1..7
ok 95 - itineraryKanonisieren
  ---
  duration_ms: 12.014917
  type: 'suite'
  ...
# Subtest: reiseNutzlastRouteKanonisieren
    # Subtest: 7. Guest-Nutzlast wird vor Persistenz kanonisiert
    ok 1 - 7. Guest-Nutzlast wird vor Persistenz kanonisiert
      ---
      duration_ms: 0.596208
      type: 'test'
      ...
    # Subtest: 8. Fingerprint folgt der kanonischen Route und bleibt bei gleicher Route stabil
    ok 2 - 8. Fingerprint folgt der kanonischen Route und bleibt bei gleicher Route stabil
      ---
      duration_ms: 0.509208
      type: 'test'
      ...
    # Subtest: zweimal kanonisieren bleibt idempotent
    ok 3 - zweimal kanonisieren bleibt idempotent
      ---
      duration_ms: 0.597
      type: 'test'
      ...
    # Subtest: Surface-Evidence wird bei Guest-Kanonisierung entfernt
    ok 4 - Surface-Evidence wird bei Guest-Kanonisierung entfernt
      ---
      duration_ms: 0.230208
      type: 'test'
      ...
    # Subtest: sammelt IATA-Codes nur aus der Itinerary
    ok 5 - sammelt IATA-Codes nur aus der Itinerary
      ---
      duration_ms: 0.196042
      type: 'test'
      ...
    1..5
ok 96 - reiseNutzlastRouteKanonisieren
  ---
  duration_ms: 2.265125
  type: 'suite'
  ...
# Subtest: Route-Airport-Zeitkontakte
    # Subtest: getrennte Flight-Items bleiben getrennte BKK-Kontakte
    ok 1 - getrennte Flight-Items bleiben getrennte BKK-Kontakte
      ---
      duration_ms: 8.855583
      type: 'test'
      ...
    # Subtest: getrennte Legs in einer Itinerary werden nicht über den Aufenthalt verbunden
    ok 2 - getrennte Legs in einer Itinerary werden nicht über den Aufenthalt verbunden
      ---
      duration_ms: 0.805375
      type: 'test'
      ...
    # Subtest: echter Transit im selben Leg bleibt ein Layover-Kontakt
    ok 3 - echter Transit im selben Leg bleibt ein Layover-Kontakt
      ---
      duration_ms: 0.487125
      type: 'test'
      ...
    # Subtest: Item-Reihenfolge ändert die kanonische Kontaktmenge nicht
    ok 4 - Item-Reihenfolge ändert die kanonische Kontaktmenge nicht
      ---
      duration_ms: 0.401041
      type: 'test'
      ...
    1..4
ok 97 - Route-Airport-Zeitkontakte
  ---
  duration_ms: 11.124583
  type: 'suite'
  ...
# Subtest: Route-Länderrollen
    # Subtest: Roundtrip in einer Itinerary: TH ist Ziel, nicht Transit; CH kein zusätzliches Ziel
    ok 1 - Roundtrip in einer Itinerary: TH ist Ziel, nicht Transit; CH kein zusätzliches Ziel
      ---
      duration_ms: 6.262167
      type: 'test'
      ...
    # Subtest: derselbe Roundtrip als zwei Flight-Items liefert dieselben Länderrollen
    ok 2 - derselbe Roundtrip als zwei Flight-Items liefert dieselben Länderrollen
      ---
      duration_ms: 8.66525
      type: 'test'
      ...
    # Subtest: Multi-City CH→TH, TH→SG, SG→CH trägt TH und SG als Ziele, nicht als Transit
    ok 3 - Multi-City CH→TH, TH→SG, SG→CH trägt TH und SG als Ziele, nicht als Transit
      ---
      duration_ms: 4.244416
      type: 'test'
      ...
    # Subtest: echter Transit innerhalb eines Legs bleibt Transit, Leg-Ziel bleibt Ziel
    ok 4 - echter Transit innerhalb eines Legs bleibt Transit, Leg-Ziel bleibt Ziel
      ---
      duration_ms: 2.896834
      type: 'test'
      ...
    # Subtest: Roundtrip mit echtem Transit pro Richtung behält Transitländer und verwechselt Leg-Ziele nicht
    ok 5 - Roundtrip mit echtem Transit pro Richtung behält Transitländer und verwechselt Leg-Ziele nicht
      ---
      duration_ms: 4.536667
      type: 'test'
      ...
    # Subtest: Readiness erhält für Roundtrip die korrekten destinationCountries und transitCountryCodes
    ok 6 - Readiness erhält für Roundtrip die korrekten destinationCountries und transitCountryCodes
      ---
      duration_ms: 0.471292
      type: 'test'
      ...
    # Subtest: Guest- und Account-Parität über dasselbe Trip-Feld
    ok 7 - Guest- und Account-Parität über dasselbe Trip-Feld
      ---
      duration_ms: 2.02675
      type: 'test'
      ...
    # Subtest: Flight-Item-Reihenfolge ändert die kanonische Rollenmenge nicht
    ok 8 - Flight-Item-Reihenfolge ändert die kanonische Rollenmenge nicht
      ---
      duration_ms: 0.593541
      type: 'test'
      ...
    1..8
ok 98 - Route-Länderrollen
  ---
  duration_ms: 30.531333
  type: 'suite'
  ...
# Subtest: Routen-Nachzug nach Guest → Account
    # Subtest: Direktflug behält die Itinerary
    ok 1 - Direktflug behält die Itinerary
      ---
      duration_ms: 2.766
      type: 'test'
      ...
    # Subtest: ein Transit behält die vollständige Route
    ok 2 - ein Transit behält die vollständige Route
      ---
      duration_ms: 1.527209
      type: 'test'
      ...
    # Subtest: zwei Transits behalten die vollständige Route
    ok 3 - zwei Transits behalten die vollständige Route
      ---
      duration_ms: 3.032375
      type: 'test'
      ...
    # Subtest: ein Lesefehler ist kein vollständiger Erfolg
    ok 4 - ein Lesefehler ist kein vollständiger Erfolg
      ---
      duration_ms: 0.227709
      type: 'test'
      ...
    # Subtest: ein Schreibfehler ist kein vollständiger Erfolg
    ok 5 - ein Schreibfehler ist kein vollständiger Erfolg
      ---
      duration_ms: 0.151334
      type: 'test'
      ...
    # Subtest: fehlende Flugzeilen sind kein vollständiger Erfolg
    ok 6 - fehlende Flugzeilen sind kein vollständiger Erfolg
      ---
      duration_ms: 0.171917
      type: 'test'
      ...
    # Subtest: Retry schreibt dieselbe Route auf dieselbe Zeile, nicht doppelt
    ok 7 - Retry schreibt dieselbe Route auf dieselbe Zeile, nicht doppelt
      ---
      duration_ms: 3.846583
      type: 'test'
      ...
    # Subtest: derselbe Fingerprint bleibt nach erfolgreichem Nachzug stabil
    ok 8 - derselbe Fingerprint bleibt nach erfolgreichem Nachzug stabil
      ---
      duration_ms: 4.09475
      type: 'test'
      ...
    # Subtest: ungültige Route-Metadata wird nicht geschrieben
    ok 9 - ungültige Route-Metadata wird nicht geschrieben
      ---
      duration_ms: 0.290583
      type: 'test'
      ...
    1..9
ok 99 - Routen-Nachzug nach Guest → Account
  ---
  duration_ms: 17.798792
  type: 'suite'
  ...
# Subtest: Flugroute-Persistenz
    # Subtest: ordnet eine Route nur eindeutig passenden Flügen zu
    ok 1 - ordnet eine Route nur eindeutig passenden Flügen zu
      ---
      duration_ms: 1.509625
      type: 'test'
      ...
    # Subtest: lässt mehrdeutige Treffer aus
    ok 2 - lässt mehrdeutige Treffer aus
      ---
      duration_ms: 0.069208
      type: 'test'
      ...
    # Subtest: unterscheidet Flüge über Provider-Ref und Datum
    ok 3 - unterscheidet Flüge über Provider-Ref und Datum
      ---
      duration_ms: 0.066292
      type: 'test'
      ...
    1..3
ok 100 - Flugroute-Persistenz
  ---
  duration_ms: 1.978
  type: 'suite'
  ...
# Subtest: R10 Blocker 20 – Intra-Itinerary-Leg-Chronologie
    # Subtest: umgekehrt datierte Legs erzeugen keinen TH-Origin
    ok 1 - umgekehrt datierte Legs erzeugen keinen TH-Origin
      ---
      duration_ms: 4.709417
      type: 'test'
      ...
    # Subtest: dieselbe Reise als zwei datierte Flight-Items hat dieselbe Country-Truth
    ok 2 - dieselbe Reise als zwei datierte Flight-Items hat dieselbe Country-Truth
      ---
      duration_ms: 1.823
      type: 'test'
      ...
    # Subtest: normaler Roundtrip, Open Jaw und 3-Leg-Multi-City bleiben korrekt
    ok 3 - normaler Roundtrip, Open Jaw und 3-Leg-Multi-City bleiben korrekt
      ---
      duration_ms: 4.18725
      type: 'test'
      ...
    # Subtest: gleiche Leg-Starts erfinden keine Reihenfolge aus Airport-Text
    ok 4 - gleiche Leg-Starts erfinden keine Reihenfolge aus Airport-Text
      ---
      duration_ms: 0.211958
      type: 'test'
      ...
    # Subtest: Guest- und Account-Parität für umgekehrt gespeicherte Legs
    ok 5 - Guest- und Account-Parität für umgekehrt gespeicherte Legs
      ---
      duration_ms: 0.530291
      type: 'test'
      ...
    1..5
ok 101 - R10 Blocker 20 – Intra-Itinerary-Leg-Chronologie
  ---
  duration_ms: 11.946208
  type: 'suite'
  ...
# Subtest: R10 Blocker 21 – Surface-Grenze in der Route-ID
    # Subtest: Surface-Change und kontinuierliche Kette haben unterschiedliche Fingerprints
    ok 1 - Surface-Change und kontinuierliche Kette haben unterschiedliche Fingerprints
      ---
      duration_ms: 1.249708
      type: 'test'
      ...
    # Subtest: gleicher Airport bleibt kontinuierlich, fehlende IATA bleibt unknown
    ok 2 - gleicher Airport bleibt kontinuierlich, fehlende IATA bleibt unknown
      ---
      duration_ms: 0.302541
      type: 'test'
      ...
    # Subtest: Open-Jaw- und Leg-Grenzen bleiben unterscheidbar
    ok 3 - Open-Jaw- und Leg-Grenzen bleiben unterscheidbar
      ---
      duration_ms: 0.313125
      type: 'test'
      ...
    1..3
ok 102 - R10 Blocker 21 – Surface-Grenze in der Route-ID
  ---
  duration_ms: 2.024917
  type: 'suite'
  ...
# Subtest: R10 Blocker 22 – Connection Airport-Change und Duration
    # Subtest: gleicher IATA behält Layover-Dauer, verschiedener IATA nicht
    ok 1 - gleicher IATA behält Layover-Dauer, verschiedener IATA nicht
      ---
      duration_ms: 10.298791
      type: 'test'
      ...
    # Subtest: ein oder kein bekannter IATA bleibt airportChange=null
    ok 2 - ein oder kein bekannter IATA bleibt airportChange=null
      ---
      duration_ms: 2.253042
      type: 'test'
      ...
    # Subtest: R9 Multi-Leg-Segmentzuordnung bleibt korrekt
    ok 3 - R9 Multi-Leg-Segmentzuordnung bleibt korrekt
      ---
      duration_ms: 0.497958
      type: 'test'
      ...
    1..3
ok 103 - R10 Blocker 22 – Connection Airport-Change und Duration
  ---
  duration_ms: 13.177167
  type: 'suite'
  ...
# Subtest: R11 Blocker 24 – lokale Uhren sind keine absolute Chronologie
    # Subtest: Date-Line NRT 20:00 / HNL 10:00 am selben Kalendertag bleibt NRT-Ursprung
    ok 1 - Date-Line NRT 20:00 / HNL 10:00 am selben Kalendertag bleibt NRT-Ursprung
      ---
      duration_ms: 2.994958
      type: 'test'
      ...
    # Subtest: dieselbe Date-Line-Route als getrennte Items erfindet keine HNL-Origin
    ok 2 - dieselbe Date-Line-Route als getrennte Items erfindet keine HNL-Origin
      ---
      duration_ms: 0.7945
      type: 'test'
      ...
    # Subtest: zwei Starts am selben bekannten Airport bleiben lokal vergleichbar
    ok 3 - zwei Starts am selben bekannten Airport bleiben lokal vergleichbar
      ---
      duration_ms: 0.286208
      type: 'test'
      ...
    # Subtest: Reverse-Roundtrip mit Tagen Abstand bleibt CH-Origin und ZRH-Ziel
    ok 4 - Reverse-Roundtrip mit Tagen Abstand bleibt CH-Origin und ZRH-Ziel
      ---
      duration_ms: 0.716
      type: 'test'
      ...
    # Subtest: Roundtrip am selben Tag bleibt fail-closed statt lokaler Uhr
    ok 5 - Roundtrip am selben Tag bleibt fail-closed statt lokaler Uhr
      ---
      duration_ms: 0.172417
      type: 'test'
      ...
    # Subtest: Nachbarntag-Roundtrip bleibt fail-closed
    ok 6 - Nachbarntag-Roundtrip bleibt fail-closed
      ---
      duration_ms: 0.173709
      type: 'test'
      ...
    # Subtest: einzigartige azyklische Kette bestätigt die deklarierte Reihenfolge ohne Uhrenvergleich
    ok 7 - einzigartige azyklische Kette bestätigt die deklarierte Reihenfolge ohne Uhrenvergleich
      ---
      duration_ms: 0.338333
      type: 'test'
      ...
    # Subtest: unbewiesene Chronologie bleibt fingerprint-stabil über Eingabereihenfolge
    ok 8 - unbewiesene Chronologie bleibt fingerprint-stabil über Eingabereihenfolge
      ---
      duration_ms: 0.334084
      type: 'test'
      ...
    1..8
ok 104 - R11 Blocker 24 – lokale Uhren sind keine absolute Chronologie
  ---
  duration_ms: 6.685375
  type: 'suite'
  ...
# Subtest: R11 Blocker 25 – Segmentordnung innerhalb eines Legs
    # Subtest: umgekehrt gespeicherter Transit wird kanonisch ZRH>DOH>BKK
    ok 1 - umgekehrt gespeicherter Transit wird kanonisch ZRH>DOH>BKK
      ---
      duration_ms: 8.027917
      type: 'test'
      ...
    # Subtest: Surface-Change ohne IATA-Kette bleibt erklärte Reihenfolge
    ok 2 - Surface-Change ohne IATA-Kette bleibt erklärte Reihenfolge
      ---
      duration_ms: 0.7745
      type: 'test'
      ...
    # Subtest: vertauschte kontinuierliche CDG-ORY-Kette bleibt ZRH-Origin
    ok 3 - vertauschte kontinuierliche CDG-ORY-Kette bleibt ZRH-Origin
      ---
      duration_ms: 0.675417
      type: 'test'
      ...
    # Subtest: zyklische Segmente bleiben fail-closed
    ok 4 - zyklische Segmente bleiben fail-closed
      ---
      duration_ms: 0.263333
      type: 'test'
      ...
    # Subtest: fehlende IATA ist keine Kontinuität und erfindet keine Reihenfolge
    ok 5 - fehlende IATA ist keine Kontinuität und erfindet keine Reihenfolge
      ---
      duration_ms: 0.349625
      type: 'test'
      ...
    # Subtest: Guest und Account teilen dieselbe rekonstruierte Transit-Truth
    ok 6 - Guest und Account teilen dieselbe rekonstruierte Transit-Truth
      ---
      duration_ms: 9.762541
      type: 'test'
      ...
    1..6
ok 105 - R11 Blocker 25 – Segmentordnung innerhalb eines Legs
  ---
  duration_ms: 20.035833
  type: 'suite'
  ...
# Subtest: R11 Blocker 26 – globales Routenziel
    # Subtest: zwei Items ZRH→BKK und BKK→SIN setzen Ziel auf SIN
    ok 1 - zwei Items ZRH→BKK und BKK→SIN setzen Ziel auf SIN
      ---
      duration_ms: 0.219917
      type: 'test'
      ...
    # Subtest: drei sequenzielle Items setzen das Ziel auf das letzte Ende
    ok 2 - drei sequenzielle Items setzen das Ziel auf das letzte Ende
      ---
      duration_ms: 0.176625
      type: 'test'
      ...
    # Subtest: umgekehrte Eingabereihenfolge ändert bewiesenes Ziel nicht
    ok 3 - umgekehrte Eingabereihenfolge ändert bewiesenes Ziel nicht
      ---
      duration_ms: 0.173917
      type: 'test'
      ...
    # Subtest: getrennte Roundtrip-Items enden in ZRH
    ok 4 - getrennte Roundtrip-Items enden in ZRH
      ---
      duration_ms: 0.102417
      type: 'test'
      ...
    # Subtest: Open-Jaw-Ziel ist das Ende der letzten Route
    ok 5 - Open-Jaw-Ziel ist das Ende der letzten Route
      ---
      duration_ms: 0.150209
      type: 'test'
      ...
    # Subtest: Open-Jaw DMK→GVA als letztes Item setzt GVA als Ziel
    ok 6 - Open-Jaw DMK→GVA als letztes Item setzt GVA als Ziel
      ---
      duration_ms: 0.09975
      type: 'test'
      ...
    # Subtest: unbewiesene Chronologie leert Ursprung und Ziel
    ok 7 - unbewiesene Chronologie leert Ursprung und Ziel
      ---
      duration_ms: 0.08625
      type: 'test'
      ...
    # Subtest: eine Multi-Leg-Itinerary bleibt korrekt und endet am letzten Leg
    ok 8 - eine Multi-Leg-Itinerary bleibt korrekt und endet am letzten Leg
      ---
      duration_ms: 0.19225
      type: 'test'
      ...
    # Subtest: Airport-Zeitkontakte folgen der kanonischen Reihenfolge
    ok 9 - Airport-Zeitkontakte folgen der kanonischen Reihenfolge
      ---
      duration_ms: 0.140708
      type: 'test'
      ...
    # Subtest: Readiness, Safety und Seasonal sehen dieselbe korrigierte Route Truth
    ok 10 - Readiness, Safety und Seasonal sehen dieselbe korrigierte Route Truth
      ---
      duration_ms: 0.660708
      type: 'test'
      ...
    1..10
ok 106 - R11 Blocker 26 – globales Routenziel
  ---
  duration_ms: 2.080458
  type: 'suite'
  ...
# Subtest: R12 Blocker 27 – bekannte IATA beweisen keine Segmentreihenfolge
    # Subtest: 1. unverbundene bekannte Segmente bleiben fail-closed ohne Origin/Destination
    ok 1 - 1. unverbundene bekannte Segmente bleiben fail-closed ohne Origin/Destination
      ---
      duration_ms: 3.174625
      type: 'test'
      ...
    # Subtest: 2. dieselbe unbewiesene Segmentmenge bleibt fingerprint-stabil über Array-Permutation
    ok 2 - 2. dieselbe unbewiesene Segmentmenge bleibt fingerprint-stabil über Array-Permutation
      ---
      duration_ms: 0.565875
      type: 'test'
      ...
    # Subtest: 3. verdrehter Surface-plus-Kette-Input wird eindeutig kanonisiert
    ok 3 - 3. verdrehter Surface-plus-Kette-Input wird eindeutig kanonisiert
      ---
      duration_ms: 0.47275
      type: 'test'
      ...
    # Subtest: 4. echter CDG ⇢ ORY-Surface-Change bleibt bewiesen, auch umgekehrt gespeichert
    ok 4 - 4. echter CDG ⇢ ORY-Surface-Change bleibt bewiesen, auch umgekehrt gespeichert
      ---
      duration_ms: 0.521208
      type: 'test'
      ...
    # Subtest: 5. eindeutig rekonstruierbare Transitkette bleibt ZRH>DOH>BKK
    ok 5 - 5. eindeutig rekonstruierbare Transitkette bleibt ZRH>DOH>BKK
      ---
      duration_ms: 0.312333
      type: 'test'
      ...
    # Subtest: 6. Zyklen, fehlende IATA und mehrdeutige Surface-Mengen bleiben fail-closed
    ok 6 - 6. Zyklen, fehlende IATA und mehrdeutige Surface-Mengen bleiben fail-closed
      ---
      duration_ms: 0.475083
      type: 'test'
      ...
    # Subtest: 7. Connection-Indizes folgen nur der kanonischen Segmentreihenfolge
    ok 7 - 7. Connection-Indizes folgen nur der kanonischen Segmentreihenfolge
      ---
      duration_ms: 6.633625
      type: 'test'
      ...
    # Subtest: 8. Seasonal, Safety und Readiness sehen dieselbe korrigierte Route Truth
    ok 8 - 8. Seasonal, Safety und Readiness sehen dieselbe korrigierte Route Truth
      ---
      duration_ms: 0.881
      type: 'test'
      ...
    # Subtest: 9. Guest und Account teilen dieselbe unbewiesene Segment-Truth
    ok 9 - 9. Guest und Account teilen dieselbe unbewiesene Segment-Truth
      ---
      duration_ms: 1.354292
      type: 'test'
      ...
    # Subtest: 10. Cross-Country-Gap ohne unique Surface-Kante bleibt fail-closed
    ok 10 - 10. Cross-Country-Gap ohne unique Surface-Kante bleibt fail-closed
      ---
      duration_ms: 1.515708
      type: 'test'
      ...
    1..10
ok 107 - R12 Blocker 27 – bekannte IATA beweisen keine Segmentreihenfolge
  ---
  duration_ms: 16.402125
  type: 'suite'
  ...
# Subtest: R13 Blocker 28 – same-country ist keine Surface-Evidence
    # Subtest: 1. LAX→JFK plus SFO→NRT ohne Surface-Evidence bleibt fail-closed
    ok 1 - 1. LAX→JFK plus SFO→NRT ohne Surface-Evidence bleibt fail-closed
      ---
      duration_ms: 3.182958
      type: 'test'
      ...
    # Subtest: 2. dieselbe US-Lücke bleibt fingerprint-stabil über Array-Permutation
    ok 2 - 2. dieselbe US-Lücke bleibt fingerprint-stabil über Array-Permutation
      ---
      duration_ms: 0.516292
      type: 'test'
      ...
    # Subtest: 3. CDG⇢ORY ohne explizite Evidence bleibt fail-closed
    ok 3 - 3. CDG⇢ORY ohne explizite Evidence bleibt fail-closed
      ---
      duration_ms: 0.2135
      type: 'test'
      ...
    # Subtest: 4. echter CDG⇢ORY mit Surface-Evidence bleibt bewiesen
    ok 4 - 4. echter CDG⇢ORY mit Surface-Evidence bleibt bewiesen
      ---
      duration_ms: 0.399417
      type: 'test'
      ...
    # Subtest: 5. verdrehter CDG⇢ORY-Input wird nur mit derselben Evidence kanonisiert
    ok 5 - 5. verdrehter CDG⇢ORY-Input wird nur mit derselben Evidence kanonisiert
      ---
      duration_ms: 0.370167
      type: 'test'
      ...
    # Subtest: 6. eindeutige Transitkette bleibt ZRH>DOH>BKK
    ok 6 - 6. eindeutige Transitkette bleibt ZRH>DOH>BKK
      ---
      duration_ms: 0.412625
      type: 'test'
      ...
    # Subtest: 7. Zyklen, fehlende IATA und unverbundene Cross-Country-Sets bleiben fail-closed
    ok 7 - 7. Zyklen, fehlende IATA und unverbundene Cross-Country-Sets bleiben fail-closed
      ---
      duration_ms: 0.317
      type: 'test'
      ...
    # Subtest: 8. Connections entstehen nur aus belegter Segmentreihenfolge
    ok 8 - 8. Connections entstehen nur aus belegter Segmentreihenfolge
      ---
      duration_ms: 6.486791
      type: 'test'
      ...
    # Subtest: 9. Fingerprint unterscheidet belegte Surface-Route von unknown Segmentmenge
    ok 9 - 9. Fingerprint unterscheidet belegte Surface-Route von unknown Segmentmenge
      ---
      duration_ms: 0.312583
      type: 'test'
      ...
    # Subtest: 10. Seasonal, Safety, Readiness und Guest/Account teilen dieselbe Truth
    ok 10 - 10. Seasonal, Safety, Readiness und Guest/Account teilen dieselbe Truth
      ---
      duration_ms: 1.500625
      type: 'test'
      ...
    1..10
ok 108 - R13 Blocker 28 – same-country ist keine Surface-Evidence
  ---
  duration_ms: 14.186916
  type: 'suite'
  ...
# Subtest: R14 Blocker 29 / R16 Blocker 31 – untrusted Persistenz entfernt Surface-Evidence
    # Subtest: 1. ZRH→CDG, ORY→BKK mit surfaceFromAirportCode=CDG ist als In-Memory-Fixture bewiesen
    ok 1 - 1. ZRH→CDG, ORY→BKK mit surfaceFromAirportCode=CDG ist als In-Memory-Fixture bewiesen
      ---
      duration_ms: 2.776916
      type: 'test'
      ...
    # Subtest: 2. Kanonisierung und Metadata-Runde entfernen Client-Surface-Evidence
    ok 2 - 2. Kanonisierung und Metadata-Runde entfernen Client-Surface-Evidence
      ---
      duration_ms: 0.489583
      type: 'test'
      ...
    # Subtest: 3. nach untrusted Persistenzgrenze wird CDG⇢ORY unknown
    ok 3 - 3. nach untrusted Persistenzgrenze wird CDG⇢ORY unknown
      ---
      duration_ms: 0.449334
      type: 'test'
      ...
    # Subtest: 4. Fingerprint nach Persistenz entspricht der Evidence-losen Lücke
    ok 4 - 4. Fingerprint nach Persistenz entspricht der Evidence-losen Lücke
      ---
      duration_ms: 0.849292
      type: 'test'
      ...
    # Subtest: 5. Persistenz erzeugt keinen Airport-Change aus Client-Surface
    ok 5 - 5. Persistenz erzeugt keinen Airport-Change aus Client-Surface
      ---
      duration_ms: 10.321042
      type: 'test'
      ...
    # Subtest: 6. Readiness, Safety und Seasonal sehen nach Persistenz die gestrippte Truth
    ok 6 - 6. Readiness, Safety und Seasonal sehen nach Persistenz die gestrippte Truth
      ---
      duration_ms: 1.678583
      type: 'test'
      ...
    # Subtest: 7. Guest→Account-Kanonisierung adelt Client-Surface nicht
    ok 7 - 7. Guest→Account-Kanonisierung adelt Client-Surface nicht
      ---
      duration_ms: 1.91875
      type: 'test'
      ...
    # Subtest: 8. ungültiges surfaceFromAirportCode wird verworfen, Route bleibt
    ok 8 - 8. ungültiges surfaceFromAirportCode wird verworfen, Route bleibt
      ---
      duration_ms: 0.248583
      type: 'test'
      ...
    # Subtest: 9. Client-Surface macht keine Client-Länder zur Truth
    ok 9 - 9. Client-Surface macht keine Client-Länder zur Truth
      ---
      duration_ms: 0.219916
      type: 'test'
      ...
    # Subtest: 10. LAX→JFK + SFO→NRT bleibt nach Persistenz fail-closed
    ok 10 - 10. LAX→JFK + SFO→NRT bleibt nach Persistenz fail-closed
      ---
      duration_ms: 0.66875
      type: 'test'
      ...
    1..10
ok 109 - R14 Blocker 29 / R16 Blocker 31 – untrusted Persistenz entfernt Surface-Evidence
  ---
  duration_ms: 20.239375
  type: 'suite'
  ...
# Subtest: R15 Blocker 30 – FlugOption erfindet keine Surface-Evidence
    # Subtest: 1. untrusted LAX→JFK + SFO→NRT erzeugt keine Surface-Evidence
    ok 1 - 1. untrusted LAX→JFK + SFO→NRT erzeugt keine Surface-Evidence
      ---
      duration_ms: 4.169708
      type: 'test'
      ...
    # Subtest: 2. umgekehrte Array-Reihenfolge ändert die semantische Truth nicht
    ok 2 - 2. umgekehrte Array-Reihenfolge ändert die semantische Truth nicht
      ---
      duration_ms: 0.65325
      type: 'test'
      ...
    # Subtest: 3. CDG⇢ORY aus FlugOption bleibt unknown; explizite Itinerary-Evidence bleibt bewiesen
    ok 3 - 3. CDG⇢ORY aus FlugOption bleibt unknown; explizite Itinerary-Evidence bleibt bewiesen
      ---
      duration_ms: 0.589
      type: 'test'
      ...
    # Subtest: 4. Browser-provider/externalRef oder Extra-Felder erzeugen keine Provider-Evidence
    ok 4 - 4. Browser-provider/externalRef oder Extra-Felder erzeugen keine Provider-Evidence
      ---
      duration_ms: 0.269542
      type: 'test'
      ...
    # Subtest: 5. Save→Reload erfindet keine Surface-Evidence und adelt Client-Claims nicht
    ok 5 - 5. Save→Reload erfindet keine Surface-Evidence und adelt Client-Claims nicht
      ---
      duration_ms: 0.642042
      type: 'test'
      ...
    # Subtest: 6. Guest→Account teilt dieselbe Truth
    ok 6 - 6. Guest→Account teilt dieselbe Truth
      ---
      duration_ms: 1.190042
      type: 'test'
      ...
    # Subtest: 8. Readiness, Safety und Seasonal sehen dieselbe korrigierte Truth
    ok 7 - 8. Readiness, Safety und Seasonal sehen dieselbe korrigierte Truth
      ---
      duration_ms: 2.595792
      type: 'test'
      ...
    # Subtest: 9. eindeutiger kontinuierlicher Transit ZRH→DOH→BKK bleibt bewiesen
    ok 8 - 9. eindeutiger kontinuierlicher Transit ZRH→DOH→BKK bleibt bewiesen
      ---
      duration_ms: 1.105791
      type: 'test'
      ...
    1..8
ok 110 - R15 Blocker 30 – FlugOption erfindet keine Surface-Evidence
  ---
  duration_ms: 11.74425
  type: 'suite'
  ...
# Subtest: R16 Blocker 31 – untrusted routeItinerary adelt keine Surface-Evidence
    # Subtest: 1. Browser-routeItinerary LAX→JFK + SFO→NRT mit surface=JFK bleibt unknown
    ok 1 - 1. Browser-routeItinerary LAX→JFK + SFO→NRT mit surface=JFK bleibt unknown
      ---
      duration_ms: 3.208833
      type: 'test'
      ...
    # Subtest: 2. Guest→Account adelt dieselbe Clientbehauptung nicht
    ok 2 - 2. Guest→Account adelt dieselbe Clientbehauptung nicht
      ---
      duration_ms: 1.893959
      type: 'test'
      ...
    # Subtest: 3. Save→Reload adelt untrusted Surface-Evidence nicht
    ok 3 - 3. Save→Reload adelt untrusted Surface-Evidence nicht
      ---
      duration_ms: 1.107667
      type: 'test'
      ...
    # Subtest: 4. Metadata-/Schreibvertrag persistiert keine Client-Surface-Behauptung
    ok 4 - 4. Metadata-/Schreibvertrag persistiert keine Client-Surface-Behauptung
      ---
      duration_ms: 0.129791
      type: 'test'
      ...
    # Subtest: 5. R15 FlugOption-Extra-Felder, provider und externalRef erzeugen keine Evidence
    ok 5 - 5. R15 FlugOption-Extra-Felder, provider und externalRef erzeugen keine Evidence
      ---
      duration_ms: 0.904167
      type: 'test'
      ...
    # Subtest: 6. kontinuierlicher ZRH→DOH→BKK bleibt bewiesen
    ok 6 - 6. kontinuierlicher ZRH→DOH→BKK bleibt bewiesen
      ---
      duration_ms: 0.670916
      type: 'test'
      ...
    # Subtest: 7. CDG⇢ORY ist nur als In-Memory-Fixture bewiesen, nicht nach untrusted Intake
    ok 7 - 7. CDG⇢ORY ist nur als In-Memory-Fixture bewiesen, nicht nach untrusted Intake
      ---
      duration_ms: 1.413625
      type: 'test'
      ...
    # Subtest: 8. Fingerprint, Readiness, Safety und Seasonal bleiben nach Strip konsistent
    ok 8 - 8. Fingerprint, Readiness, Safety und Seasonal bleiben nach Strip konsistent
      ---
      duration_ms: 1.879333
      type: 'test'
      ...
    1..8
ok 111 - R16 Blocker 31 – untrusted routeItinerary adelt keine Surface-Evidence
  ---
  duration_ms: 11.7515
  type: 'suite'
  ...
# Subtest: R9 Blocker 16 – Airport-Change- und Segment-Origin
    # Subtest: Kompaktanzeige und Fingerprint enthalten CDG und ORY
    ok 1 - Kompaktanzeige und Fingerprint enthalten CDG und ORY
      ---
      duration_ms: 3.337167
      type: 'test'
      ...
    # Subtest: anderer zweiter Segment-Origin ändert Fingerprint und Route-Change
    ok 2 - anderer zweiter Segment-Origin ändert Fingerprint und Route-Change
      ---
      duration_ms: 0.680583
      type: 'test'
      ...
    # Subtest: kontinuierliches Leg bleibt eine Kette ohne Trennstelle
    ok 3 - kontinuierliches Leg bleibt eine Kette ohne Trennstelle
      ---
      duration_ms: 0.306625
      type: 'test'
      ...
    # Subtest: Cross-Country-Gap behält das zweite Origin-Land in Seasonal/Readiness/Safety
    ok 4 - Cross-Country-Gap behält das zweite Origin-Land in Seasonal/Readiness/Safety
      ---
      duration_ms: 0.804417
      type: 'test'
      ...
    # Subtest: Guest- und Account-Parität plus Eingabereihenfolge
    ok 5 - Guest- und Account-Parität plus Eingabereihenfolge
      ---
      duration_ms: 1.158292
      type: 'test'
      ...
    1..5
ok 112 - R9 Blocker 16 – Airport-Change- und Segment-Origin
  ---
  duration_ms: 6.629167
  type: 'suite'
  ...
# Subtest: R9 Blocker 17 – Connection-Leg-Zuordnung
    # Subtest: Hinflug direkt, Rückflug Transit hängt den Umstieg nur ans Rückflug-Segment
    ok 1 - Hinflug direkt, Rückflug Transit hängt den Umstieg nur ans Rückflug-Segment
      ---
      duration_ms: 6.224375
      type: 'test'
      ...
    # Subtest: Hinflug Transit, Rückflug direkt hängt den Umstieg nur ans Hinflug-Segment
    ok 2 - Hinflug Transit, Rückflug direkt hängt den Umstieg nur ans Hinflug-Segment
      ---
      duration_ms: 0.59575
      type: 'test'
      ...
    # Subtest: beide Legs mit Transit bleiben am richtigen Segment
    ok 3 - beide Legs mit Transit bleiben am richtigen Segment
      ---
      duration_ms: 0.681458
      type: 'test'
      ...
    # Subtest: Airport Change nur im zweiten Leg erscheint am richtigen Segment
    ok 4 - Airport Change nur im zweiten Leg erscheint am richtigen Segment
      ---
      duration_ms: 0.435292
      type: 'test'
      ...
    # Subtest: drei Multi-City-Legs mit gemischten Direct/Transit-Verbindungen
    ok 5 - drei Multi-City-Legs mit gemischten Direct/Transit-Verbindungen
      ---
      duration_ms: 0.410667
      type: 'test'
      ...
    # Subtest: FlugKarte-Ableitung teilt dieselbe Connection-Identität
    ok 6 - FlugKarte-Ableitung teilt dieselbe Connection-Identität
      ---
      duration_ms: 0.117125
      type: 'test'
      ...
    # Subtest: FlugBestand-Ableitung teilt dieselbe Connection-Identität
    ok 7 - FlugBestand-Ableitung teilt dieselbe Connection-Identität
      ---
      duration_ms: 0.467792
      type: 'test'
      ...
    1..7
ok 113 - R9 Blocker 17 – Connection-Leg-Zuordnung
  ---
  duration_ms: 9.808541
  type: 'suite'
  ...
# Subtest: R9 Blocker 18 – Chronologie-Präzision
    # Subtest: gleicher Tag an verschiedenen Flughäfen erfindet keine Cross-Airport-Uhrzeit-Reihenfolge
    ok 1 - gleicher Tag an verschiedenen Flughäfen erfindet keine Cross-Airport-Uhrzeit-Reihenfolge
      ---
      duration_ms: 0.235334
      type: 'test'
      ...
    # Subtest: ein Item date-only und eines mit Zeit degradieren nicht auf 00:00
    ok 2 - ein Item date-only und eines mit Zeit degradieren nicht auf 00:00
      ---
      duration_ms: 0.094584
      type: 'test'
      ...
    # Subtest: identische Same-Day-Starts an verschiedenen Airports bleiben unknown
    ok 3 - identische Same-Day-Starts an verschiedenen Airports bleiben unknown
      ---
      duration_ms: 0.120958
      type: 'test'
      ...
    # Subtest: echte gleiche Starts ohne weitere Evidenz bleiben unknown
    ok 4 - echte gleiche Starts ohne weitere Evidenz bleiben unknown
      ---
      duration_ms: 0.152625
      type: 'test'
      ...
    # Subtest: widersprüchliche Item- und Segmentchronologie bleibt fail-closed
    ok 5 - widersprüchliche Item- und Segmentchronologie bleibt fail-closed
      ---
      duration_ms: 0.099709
      type: 'test'
      ...
    1..5
ok 114 - R9 Blocker 18 – Chronologie-Präzision
  ---
  duration_ms: 0.751625
  type: 'suite'
  ...
# Subtest: Route-Topologie Open Jaw und Leg-Grenzen
    # Subtest: Open Jaw in einer Itinerary: TH und SG sind Ziele, Transit leer
    ok 1 - Open Jaw in einer Itinerary: TH und SG sind Ziele, Transit leer
      ---
      duration_ms: 3.25
      type: 'test'
      ...
    # Subtest: derselbe Open Jaw als zwei Flight-Items liefert dieselben Rollen und dieselbe Identität
    ok 2 - derselbe Open Jaw als zwei Flight-Items liefert dieselben Rollen und dieselbe Identität
      ---
      duration_ms: 0.764459
      type: 'test'
      ...
    # Subtest: Seasonal Country Scope SG applies und Provider-Request enthält SG
    ok 3 - Seasonal Country Scope SG applies und Provider-Request enthält SG
      ---
      duration_ms: 2.074084
      type: 'test'
      ...
    # Subtest: Readiness- und Safety-Kontext enthalten SG
    ok 4 - Readiness- und Safety-Kontext enthalten SG
      ---
      duration_ms: 0.425208
      type: 'test'
      ...
    # Subtest: Multi-City und echter Transit bleiben korrekt
    ok 5 - Multi-City und echter Transit bleiben korrekt
      ---
      duration_ms: 0.568083
      type: 'test'
      ...
    # Subtest: Item-Reihenfolge ändert Rollen und Identität bei belegter Chronologie nicht
    ok 6 - Item-Reihenfolge ändert Rollen und Identität bei belegter Chronologie nicht
      ---
      duration_ms: 0.280125
      type: 'test'
      ...
    # Subtest: Outbound ohne Item-Datum, aber mit Segmentdatum, behält Origin CH
    ok 7 - Outbound ohne Item-Datum, aber mit Segmentdatum, behält Origin CH
      ---
      duration_ms: 0.124917
      type: 'test'
      ...
    # Subtest: fehlende Item-Daten mit eindeutigen Segmentdaten bestimmen die Reihenfolge
    ok 8 - fehlende Item-Daten mit eindeutigen Segmentdaten bestimmen die Reihenfolge
      ---
      duration_ms: 0.176166
      type: 'test'
      ...
    # Subtest: unklare Chronologie erfindet kein Origin aus dem lexikographischen Pfad
    ok 9 - unklare Chronologie erfindet kein Origin aus dem lexikographischen Pfad
      ---
      duration_ms: 0.450708
      type: 'test'
      ...
    # Subtest: SIN-Rückflug und HKG-Rückflug erzeugen unterschiedliche Fingerprints
    ok 10 - SIN-Rückflug und HKG-Rückflug erzeugen unterschiedliche Fingerprints
      ---
      duration_ms: 0.43175
      type: 'test'
      ...
    # Subtest: Readiness-Context-Fingerprint ändert sich bei SIN→HKG
    ok 11 - Readiness-Context-Fingerprint ändert sich bei SIN→HKG
      ---
      duration_ms: 0.765791
      type: 'test'
      ...
    # Subtest: Anzeige bewahrt den zweiten Leg-Origin und die Leg-Grenze
    ok 12 - Anzeige bewahrt den zweiten Leg-Origin und die Leg-Grenze
      ---
      duration_ms: 0.361875
      type: 'test'
      ...
    # Subtest: Guest- und Account-Parität für dieselbe Open-Jaw-Route
    ok 13 - Guest- und Account-Parität für dieselbe Open-Jaw-Route
      ---
      duration_ms: 0.518166
      type: 'test'
      ...
    1..13
ok 115 - Route-Topologie Open Jaw und Leg-Grenzen
  ---
  duration_ms: 10.748417
  type: 'suite'
  ...
1..115
# tests 1539
# suites 111
# pass 1535
# fail 4
# cancelled 0
# skipped 0
# todo 0
# duration_ms 5355.131625
